2026-08-31 09:45:49 URL:https://qei.org.au/ [119947] -> "raw-site/qei.org.au/index.html" [1]
2026-08-31 09:45:50 URL:https://qei.org.au/robots.txt [168] -> "raw-site/qei.org.au/robots.txt" [1]
2026-08-31 09:45:51 URL:https://qei.org.au/wp-content/plugins/wp-accessibility/toolbar/fonts/css/a11y-toolbar.css?ver=2.3.5 [836/836] -> "raw-site/qei.org.au/wp-content/plugins/wp-accessibility/toolbar/fonts/css/a11y-toolbar.css@ver=2.3.5.css" [1]
2026-08-31 09:45:51 URL:https://qei.org.au/wp-content/plugins/wp-accessibility/toolbar/css/a11y.css?ver=2.3.5 [3248/3248] -> "raw-site/qei.org.au/wp-content/plugins/wp-accessibility/toolbar/css/a11y.css@ver=2.3.5.css" [1]
2026-08-31 09:45:52 URL:https://qei.org.au/wp-content/plugins/wp-accessibility/toolbar/css/a11y-fontsize.css?ver=2.3.5 [1001/1001] -> "raw-site/qei.org.au/wp-content/plugins/wp-accessibility/toolbar/css/a11y-fontsize.css@ver=2.3.5.css" [1]
2026-08-31 09:45:52 URL:https://qei.org.au/wp-content/plugins/wp-accessibility/css/wpa-style.css?ver=2.3.5 [5485/5485] -> "raw-site/qei.org.au/wp-content/plugins/wp-accessibility/css/wpa-style.css@ver=2.3.5.css" [1]
2026-08-31 09:45:53 URL:https://qei.org.au/wp-content/themes/qei/style.css?ver=7.1 [789/789] -> "raw-site/qei.org.au/wp-content/themes/qei/style.css@ver=7.1.css" [1]
2026-08-31 09:45:53 URL:https://qei.org.au/wp-content/themes/qei/css/owl.carousel.min.css?ver=7.1 [3248/3248] -> "raw-site/qei.org.au/wp-content/themes/qei/css/owl.carousel.min.css@ver=7.1.css" [1]
2026-08-31 09:45:54 URL:https://qei.org.au/wp-content/themes/qei/css/font-awesome.min.css?ver=7.1 [31024/31024] -> "raw-site/qei.org.au/wp-content/themes/qei/css/font-awesome.min.css@ver=7.1.css" [1]
2026-08-31 09:45:54 URL:https://qei.org.au/wp-content/themes/qei/css/carousel.css?ver=7.1 [5532/5532] -> "raw-site/qei.org.au/wp-content/themes/qei/css/carousel.css@ver=7.1.css" [1]
2026-08-31 09:45:55 URL:https://qei.org.au/wp-content/themes/qei/css/slick.css?ver=7.1 [4907/4907] -> "raw-site/qei.org.au/wp-content/themes/qei/css/slick.css@ver=7.1.css" [1]
2026-08-31 09:45:55 URL:https://qei.org.au/wp-content/themes/qei/css/custom-styles.css?ver=1788133706 [140055/140055] -> "raw-site/qei.org.au/wp-content/themes/qei/css/custom-styles.css@ver=1788133706.css" [1]
2026-08-31 09:45:56 URL:https://qei.org.au/wp-content/themes/qei/css/menu-styles.css?ver=7.1 [5255/5255] -> "raw-site/qei.org.au/wp-content/themes/qei/css/menu-styles.css@ver=7.1.css" [1]
2026-08-31 09:45:56 URL:https://qei.org.au/wp-content/themes/qei/css/overrides.css?ver=7.1 [12379/12379] -> "raw-site/qei.org.au/wp-content/themes/qei/css/overrides.css@ver=7.1.css" [1]
2026-08-31 09:45:57 URL:https://qei.org.au/wp-includes/css/dashicons.min.css?ver=7.1 [59004/59004] -> "raw-site/qei.org.au/wp-includes/css/dashicons.min.css@ver=7.1.css" [1]
2026-08-31 09:45:58 URL:https://qei.org.au/wp-content/themes/qei/js/jquery-1.11.1.min.js?ver=7.1 [95786/95786] -> "raw-site/qei.org.au/wp-content/themes/qei/js/jquery-1.11.1.min.js@ver=7.1" [1]
2026-08-31 09:45:58 URL:https://qei.org.au/wp-content/themes/qei/js/owl.carousel.min.js?ver=7.1 [44227/44227] -> "raw-site/qei.org.au/wp-content/themes/qei/js/owl.carousel.min.js@ver=7.1" [1]
2026-08-31 09:45:59 URL:https://qei.org.au/wp-content/themes/qei/js/isotope.pkgd.min.js?ver=7.1 [35445/35445] -> "raw-site/qei.org.au/wp-content/themes/qei/js/isotope.pkgd.min.js@ver=7.1" [1]
2026-08-31 09:45:59 URL:https://qei.org.au/wp-content/themes/qei/js/slick.js?ver=7.1 [88955/88955] -> "raw-site/qei.org.au/wp-content/themes/qei/js/slick.js@ver=7.1" [1]
2026-08-31 09:46:00 URL:https://qei.org.au/wp-content/themes/qei/js/modal.min.js?ver=7.1 [37330/37330] -> "raw-site/qei.org.au/wp-content/themes/qei/js/modal.min.js@ver=7.1" [1]
2026-08-31 09:46:00 URL:https://qei.org.au/wp-content/themes/qei/js/scripts2.js?ver=7.1 [6819/6819] -> "raw-site/qei.org.au/wp-content/themes/qei/js/scripts2.js@ver=7.1" [1]
2026-08-31 09:46:01 URL:https://qei.org.au/wp-content/uploads/2019/02/favicon.png [2451/2451] -> "raw-site/qei.org.au/wp-content/uploads/2019/02/favicon.png" [1]
2026-08-31 09:46:01 URL:https://qei.org.au/wp-content/plugins/gravityforms/legacy/css/formreset.min.css?ver=2.10.5 [3860/3860] -> "raw-site/qei.org.au/wp-content/plugins/gravityforms/legacy/css/formreset.min.css@ver=2.10.5.css" [1]
2026-08-31 09:46:02 URL:https://qei.org.au/wp-content/plugins/gravityforms/legacy/css/formsmain.min.css?ver=2.10.5 [83159/83159] -> "raw-site/qei.org.au/wp-content/plugins/gravityforms/legacy/css/formsmain.min.css@ver=2.10.5.css" [1]
2026-08-31 09:46:02 URL:https://qei.org.au/wp-content/plugins/gravityforms/legacy/css/readyclass.min.css?ver=2.10.5 [30750/30750] -> "raw-site/qei.org.au/wp-content/plugins/gravityforms/legacy/css/readyclass.min.css@ver=2.10.5.css" [1]
2026-08-31 09:46:03 URL:https://qei.org.au/wp-content/plugins/gravityforms/legacy/css/browsers.min.css?ver=2.10.5 [8407/8407] -> "raw-site/qei.org.au/wp-content/plugins/gravityforms/legacy/css/browsers.min.css@ver=2.10.5.css" [1]
2026-08-31 09:46:04 URL:https://qei.org.au/wp-content/uploads/2019/02/logo.svg [1174146/1174146] -> "raw-site/qei.org.au/wp-content/uploads/2019/02/logo.svg" [1]
2026-08-31 09:46:05 URL:https://qei.org.au/wp-content/uploads/2019/07/home-banner-img-1-1428x1430.png [1952318/1952318] -> "raw-site/qei.org.au/wp-content/uploads/2019/07/home-banner-img-1-1428x1430.png" [1]
2026-08-31 09:46:05 URL:https://qei.org.au/wp-content/uploads/2026/03/QEIClinicManagementTeam.jpg [564364/564364] -> "raw-site/qei.org.au/wp-content/uploads/2026/03/QEIClinicManagementTeam.jpg" [1]
2026-08-31 09:46:06 URL:https://qei.org.au/wp-content/uploads/2019/03/foundation-bg.svg [3338/3338] -> "raw-site/qei.org.au/wp-content/uploads/2019/03/foundation-bg.svg" [1]
2026-08-31 09:46:07 URL:https://qei.org.au/wp-content/uploads/2025/10/20250724_QEI-silk-sericin-research-8_Web.jpg [591446/591446] -> "raw-site/qei.org.au/wp-content/uploads/2025/10/20250724_QEI-silk-sericin-research-8_Web.jpg" [1]
2026-08-31 09:46:07 URL:https://qei.org.au/wp-content/uploads/2019/03/research-bg.svg [2471/2471] -> "raw-site/qei.org.au/wp-content/uploads/2019/03/research-bg.svg" [1]
2026-08-31 09:46:08 URL:https://qei.org.au/wp-content/uploads/2025/05/20240220_QEI-Optom-education-10_Web-1.jpg [651721/651721] -> "raw-site/qei.org.au/wp-content/uploads/2025/05/20240220_QEI-Optom-education-10_Web-1.jpg" [1]
2026-08-31 09:46:08 URL:https://qei.org.au/wp-content/uploads/2019/03/education-bg.svg [3498/3498] -> "raw-site/qei.org.au/wp-content/uploads/2019/03/education-bg.svg" [1]
2026-08-31 09:46:09 URL:https://qei.org.au/wp-content/uploads/2019/04/QEI_0557_A1.jpg [301802/301802] -> "raw-site/qei.org.au/wp-content/uploads/2019/04/QEI_0557_A1.jpg" [1]
2026-08-31 09:46:09 URL:https://qei.org.au/wp-content/uploads/2019/04/QEI014-Website-Icon-Fuchs%CE%93%C3%87%C3%96-Dystrophy.png [39325/39325] -> "raw-site/qei.org.au/wp-content/uploads/2019/04/QEI014-Website-Icon-FuchsΓÇÖ-Dystrophy.png" [1]
2026-08-31 09:46:10 URL:https://qei.org.au/wp-content/themes/qei/images/header-bg.png [12912/12912] -> "raw-site/qei.org.au/wp-content/themes/qei/images/header-bg.png" [1]
2026-08-31 09:46:10 URL:https://qei.org.au/wp-content/uploads/2026/03/Associate-Professor-Abhishek-Sharma-edited.jpg [184799/184799] -> "raw-site/qei.org.au/wp-content/uploads/2026/03/Associate-Professor-Abhishek-Sharma-edited.jpg" [1]
2026-08-31 09:46:11 URL:https://qei.org.au/wp-content/uploads/2026/03/20240716_QEI_BrendanCronin_Reception1.jpg [491280/491280] -> "raw-site/qei.org.au/wp-content/uploads/2026/03/20240716_QEI_BrendanCronin_Reception1.jpg" [1]
2026-08-31 09:46:11 URL:https://qei.org.au/wp-content/uploads/2026/03/20260318_QEI-Clayfield-4_Web.jpg [655945/655945] -> "raw-site/qei.org.au/wp-content/uploads/2026/03/20260318_QEI-Clayfield-4_Web.jpg" [1]
2026-08-31 09:46:12 URL:https://qei.org.au/wp-content/uploads/2019/10/ACNC-Registered-Charity-Logo_RGB-300x300.png [47796/47796] -> "raw-site/qei.org.au/wp-content/uploads/2019/10/ACNC-Registered-Charity-Logo_RGB-300x300.png" [1]
2026-08-31 09:46:12 URL:https://qei.org.au/wp-content/uploads/2019/10/ACNC-Registered-Charity-Logo_RGB-150x150.png [18464/18464] -> "raw-site/qei.org.au/wp-content/uploads/2019/10/ACNC-Registered-Charity-Logo_RGB-150x150.png" [1]
2026-08-31 09:46:13 URL:https://qei.org.au/wp-content/uploads/2019/10/ACNC-Registered-Charity-Logo_RGB-768x768.png [137310/137310] -> "raw-site/qei.org.au/wp-content/uploads/2019/10/ACNC-Registered-Charity-Logo_RGB-768x768.png" [1]
2026-08-31 09:46:13 URL:https://qei.org.au/wp-content/uploads/2019/10/ACNC-Registered-Charity-Logo_RGB-800x800.png [178413/178413] -> "raw-site/qei.org.au/wp-content/uploads/2019/10/ACNC-Registered-Charity-Logo_RGB-800x800.png" [1]
2026-08-31 09:46:14 URL:https://qei.org.au/wp-content/uploads/2019/10/ACNC-Registered-Charity-Logo_RGB.png [100836/100836] -> "raw-site/qei.org.au/wp-content/uploads/2019/10/ACNC-Registered-Charity-Logo_RGB.png" [1]
2026-08-31 09:46:14 URL:https://qei.org.au/wp-content/plugins/wp-accessibility/js/wpa-toolbar.min.js?ver=2.3.5 [5118/5118] -> "raw-site/qei.org.au/wp-content/plugins/wp-accessibility/js/wpa-toolbar.min.js@ver=2.3.5" [1]
2026-08-31 09:46:15 URL:https://qei.org.au/wp-content/themes/qei/js/navigation.js?ver=20151215 [2967/2967] -> "raw-site/qei.org.au/wp-content/themes/qei/js/navigation.js@ver=20151215" [1]
2026-08-31 09:46:15 URL:https://qei.org.au/wp-content/themes/qei/js/skip-link-focus-fix.js?ver=20151215 [685/685] -> "raw-site/qei.org.au/wp-content/themes/qei/js/skip-link-focus-fix.js@ver=20151215" [1]
2026-08-31 09:46:16 URL:https://qei.org.au/wp-content/plugins/wp-accessibility/js/wp-accessibility.min.js?ver=2.3.5 [16988/16988] -> "raw-site/qei.org.au/wp-content/plugins/wp-accessibility/js/wp-accessibility.min.js@ver=2.3.5" [1]
2026-08-31 09:46:16 URL:https://qei.org.au/wp-includes/js/dist/dom-ready.min.js?ver=3fe927cab37bf38d6a23 [881/881] -> "raw-site/qei.org.au/wp-includes/js/dist/dom-ready.min.js@ver=3fe927cab37bf38d6a23" [1]
2026-08-31 09:46:17 URL:https://qei.org.au/wp-includes/js/dist/hooks.min.js?ver=f0f188028580e8dc1255 [5107/5107] -> "raw-site/qei.org.au/wp-includes/js/dist/hooks.min.js@ver=f0f188028580e8dc1255" [1]
2026-08-31 09:46:17 URL:https://qei.org.au/wp-includes/js/dist/i18n.min.js?ver=1dfe7db3940c23ea9216 [5791/5791] -> "raw-site/qei.org.au/wp-includes/js/dist/i18n.min.js@ver=1dfe7db3940c23ea9216" [1]
2026-08-31 09:46:18 URL:https://qei.org.au/wp-includes/js/dist/a11y.min.js?ver=31c6cec5a4ff7aff483d [2616/2616] -> "raw-site/qei.org.au/wp-includes/js/dist/a11y.min.js@ver=31c6cec5a4ff7aff483d" [1]
2026-08-31 09:46:18 URL:https://qei.org.au/wp-includes/js/jquery/jquery.min.js?ver=3.7.1 [87553/87553] -> "raw-site/qei.org.au/wp-includes/js/jquery/jquery.min.js@ver=3.7.1" [1]
2026-08-31 09:46:19 URL:https://qei.org.au/wp-includes/js/jquery/jquery-migrate.min.js?ver=3.4.1 [13577/13577] -> "raw-site/qei.org.au/wp-includes/js/jquery/jquery-migrate.min.js@ver=3.4.1" [1]
2026-08-31 09:46:19 URL:https://qei.org.au/wp-content/plugins/gravityforms/js/jquery.json.min.js?ver=2.10.5 [1823/1823] -> "raw-site/qei.org.au/wp-content/plugins/gravityforms/js/jquery.json.min.js@ver=2.10.5" [1]
2026-08-31 09:46:20 URL:https://qei.org.au/wp-content/plugins/gravityforms/js/gravityforms.min.js?ver=2.10.5 [45570/45570] -> "raw-site/qei.org.au/wp-content/plugins/gravityforms/js/gravityforms.min.js@ver=2.10.5" [1]
2026-08-31 09:46:20 URL:https://qei.org.au/wp-content/plugins/gravityforms/js/placeholders.jquery.min.js?ver=2.10.5 [4639/4639] -> "raw-site/qei.org.au/wp-content/plugins/gravityforms/js/placeholders.jquery.min.js@ver=2.10.5" [1]
2026-08-31 09:46:21 URL:https://qei.org.au/wp-content/plugins/gravityforms/assets/js/dist/utils.min.js?ver=3f278756f0a3032bed328ff6a9f6c01d [60336/60336] -> "raw-site/qei.org.au/wp-content/plugins/gravityforms/assets/js/dist/utils.min.js@ver=3f278756f0a3032bed328ff6a9f6c01d" [1]
2026-08-31 09:46:21 URL:https://qei.org.au/wp-content/plugins/gravityforms/assets/js/dist/vendor-theme.min.js?ver=7c651d0ba638ce98b9c65141edddd567 [20662/20662] -> "raw-site/qei.org.au/wp-content/plugins/gravityforms/assets/js/dist/vendor-theme.min.js@ver=7c651d0ba638ce98b9c65141edddd567" [1]
2026-08-31 09:46:22 URL:https://qei.org.au/wp-content/plugins/gravityforms/assets/js/dist/scripts-theme.min.js?ver=301fdc9aa6144168f3b854c4c2c8f6d3 [42882/42882] -> "raw-site/qei.org.au/wp-content/plugins/gravityforms/assets/js/dist/scripts-theme.min.js@ver=301fdc9aa6144168f3b854c4c2c8f6d3" [1]
2026-08-31 09:46:23 URL:https://qei.org.au/wp-content/plugins/akismet/_inc/akismet-frontend.js?ver=1787231434 [12574/12574] -> "raw-site/qei.org.au/wp-content/plugins/akismet/_inc/akismet-frontend.js@ver=1787231434" [1]
2026-08-31 09:46:23 URL:https://qei.org.au/wp-content/plugins/wp-accessibility/toolbar/fonts/css/a11y.eot [1480/1480] -> "raw-site/qei.org.au/wp-content/plugins/wp-accessibility/toolbar/fonts/css/a11y.eot" [1]
2026-08-31 09:46:24 URL:https://qei.org.au/wp-content/plugins/wp-accessibility/toolbar/fonts/css/a11y.eot? [1480/1480] -> "raw-site/qei.org.au/wp-content/plugins/wp-accessibility/toolbar/fonts/css/a11y.eot@" [1]
2026-08-31 09:46:24 URL:https://qei.org.au/wp-content/plugins/wp-accessibility/toolbar/fonts/css/a11y.woff2 [752/752] -> "raw-site/qei.org.au/wp-content/plugins/wp-accessibility/toolbar/fonts/css/a11y.woff2" [1]
2026-08-31 09:46:25 URL:https://qei.org.au/wp-content/plugins/wp-accessibility/toolbar/fonts/css/a11y.woff [1404/1404] -> "raw-site/qei.org.au/wp-content/plugins/wp-accessibility/toolbar/fonts/css/a11y.woff" [1]
2026-08-31 09:46:25 URL:https://qei.org.au/wp-content/plugins/wp-accessibility/toolbar/fonts/css/a11y.ttf [1328/1328] -> "raw-site/qei.org.au/wp-content/plugins/wp-accessibility/toolbar/fonts/css/a11y.ttf" [1]
2026-08-31 09:46:26 URL:https://qei.org.au/wp-content/plugins/wp-accessibility/toolbar/fonts/css/a11y.svg [1469/1469] -> "raw-site/qei.org.au/wp-content/plugins/wp-accessibility/toolbar/fonts/css/a11y.svg" [1]
https://qei.org.au/wp-content/themes/qei/css/owl.video.play.png:
2026-08-31 09:46:27 ERROR 404: Not Found.
2026-08-31 09:46:28 URL:https://qei.org.au/wp-content/themes/qei/fonts/fontawesome-webfont3e6e.eot?v=4.7.0 [165742/165742] -> "raw-site/qei.org.au/wp-content/themes/qei/fonts/fontawesome-webfont3e6e.eot@v=4.7.0" [1]
2026-08-31 09:46:28 URL:https://qei.org.au/wp-content/themes/qei/fonts/fontawesome-webfontd41d.eot? [165742/165742] -> "raw-site/qei.org.au/wp-content/themes/qei/fonts/fontawesome-webfontd41d.eot@" [1]
2026-08-31 09:46:29 URL:https://qei.org.au/wp-content/themes/qei/fonts/fontawesome-webfont3e6e.woff2?v=4.7.0 [77160/77160] -> "raw-site/qei.org.au/wp-content/themes/qei/fonts/fontawesome-webfont3e6e.woff2@v=4.7.0" [1]
2026-08-31 09:46:29 URL:https://qei.org.au/wp-content/themes/qei/fonts/fontawesome-webfont3e6e.woff?v=4.7.0 [98024/98024] -> "raw-site/qei.org.au/wp-content/themes/qei/fonts/fontawesome-webfont3e6e.woff@v=4.7.0" [1]
2026-08-31 09:46:30 URL:https://qei.org.au/wp-content/themes/qei/fonts/fontawesome-webfont3e6e.ttf?v=4.7.0 [165548/165548] -> "raw-site/qei.org.au/wp-content/themes/qei/fonts/fontawesome-webfont3e6e.ttf@v=4.7.0" [1]
2026-08-31 09:46:30 URL:https://qei.org.au/wp-content/themes/qei/fonts/fontawesome-webfont3e6e.svg?v=4.7.0 [444379/444379] -> "raw-site/qei.org.au/wp-content/themes/qei/fonts/fontawesome-webfont3e6e.svg@v=4.7.0" [1]
https://qei.org.au/wp-content/themes/qei/fonts/slick.eot:
2026-08-31 09:46:31 ERROR 404: Not Found.
https://qei.org.au/wp-content/themes/qei/fonts/slick.eot?:
2026-08-31 09:46:33 ERROR 404: Not Found.
https://qei.org.au/wp-content/themes/qei/fonts/slick.woff:
2026-08-31 09:46:34 ERROR 404: Not Found.
https://qei.org.au/wp-content/themes/qei/fonts/slick.ttf:
2026-08-31 09:46:35 ERROR 404: Not Found.
https://qei.org.au/wp-content/themes/qei/fonts/slick.svg:
2026-08-31 09:46:37 ERROR 404: Not Found.
2026-08-31 09:46:37 URL:https://qei.org.au/wp-content/themes/qei/fonts/worksans/WorkSans-Regular.eot [227126/227126] -> "raw-site/qei.org.au/wp-content/themes/qei/fonts/worksans/WorkSans-Regular.eot" [1]
2026-08-31 09:46:38 URL:https://qei.org.au/wp-content/themes/qei/fonts/worksans/WorkSans-Regular.woff [91524/91524] -> "raw-site/qei.org.au/wp-content/themes/qei/fonts/worksans/WorkSans-Regular.woff" [1]
2026-08-31 09:46:38 URL:https://qei.org.au/wp-content/themes/qei/fonts/worksans/WorkSans-Regular.ttf [226840/226840] -> "raw-site/qei.org.au/wp-content/themes/qei/fonts/worksans/WorkSans-Regular.ttf" [1]
2026-08-31 09:46:39 URL:https://qei.org.au/wp-content/themes/qei/fonts/worksans/WorkSans-Regular.svg [721072/721072] -> "raw-site/qei.org.au/wp-content/themes/qei/fonts/worksans/WorkSans-Regular.svg" [1]
2026-08-31 09:46:39 URL:https://qei.org.au/wp-content/themes/qei/fonts/worksans/WorkSans-Bold.eot [230714/230714] -> "raw-site/qei.org.au/wp-content/themes/qei/fonts/worksans/WorkSans-Bold.eot" [1]
2026-08-31 09:46:40 URL:https://qei.org.au/wp-content/themes/qei/fonts/worksans/WorkSans-Bold.woff [94660/94660] -> "raw-site/qei.org.au/wp-content/themes/qei/fonts/worksans/WorkSans-Bold.woff" [1]
2026-08-31 09:46:41 URL:https://qei.org.au/wp-content/themes/qei/fonts/worksans/WorkSans-Bold.ttf [230440/230440] -> "raw-site/qei.org.au/wp-content/themes/qei/fonts/worksans/WorkSans-Bold.ttf" [1]
2026-08-31 09:46:41 URL:https://qei.org.au/wp-content/themes/qei/fonts/worksans/WorkSans-Bold.svg [823684/823684] -> "raw-site/qei.org.au/wp-content/themes/qei/fonts/worksans/WorkSans-Bold.svg" [1]
2026-08-31 09:46:42 URL:https://qei.org.au/wp-content/themes/qei/fonts/worksans/WorkSans-Light.eot [232650/232650] -> "raw-site/qei.org.au/wp-content/themes/qei/fonts/worksans/WorkSans-Light.eot" [1]
2026-08-31 09:46:42 URL:https://qei.org.au/wp-content/themes/qei/fonts/worksans/WorkSans-Light.woff [94984/94984] -> "raw-site/qei.org.au/wp-content/themes/qei/fonts/worksans/WorkSans-Light.woff" [1]
2026-08-31 09:46:43 URL:https://qei.org.au/wp-content/themes/qei/fonts/worksans/WorkSans-Light.ttf [232356/232356] -> "raw-site/qei.org.au/wp-content/themes/qei/fonts/worksans/WorkSans-Light.ttf" [1]
2026-08-31 09:46:43 URL:https://qei.org.au/wp-content/themes/qei/fonts/worksans/WorkSans-Light.svg [861991/861991] -> "raw-site/qei.org.au/wp-content/themes/qei/fonts/worksans/WorkSans-Light.svg" [1]
2026-08-31 09:46:44 URL:https://qei.org.au/wp-content/themes/qei/fonts/worksans/WorkSans-Medium.eot [233898/233898] -> "raw-site/qei.org.au/wp-content/themes/qei/fonts/worksans/WorkSans-Medium.eot" [1]
2026-08-31 09:46:44 URL:https://qei.org.au/wp-content/themes/qei/fonts/worksans/WorkSans-Medium.woff [95448/95448] -> "raw-site/qei.org.au/wp-content/themes/qei/fonts/worksans/WorkSans-Medium.woff" [1]
2026-08-31 09:46:45 URL:https://qei.org.au/wp-content/themes/qei/fonts/worksans/WorkSans-Medium.ttf [233600/233600] -> "raw-site/qei.org.au/wp-content/themes/qei/fonts/worksans/WorkSans-Medium.ttf" [1]
2026-08-31 09:46:45 URL:https://qei.org.au/wp-content/themes/qei/fonts/worksans/WorkSans-Medium.svg [832830/832830] -> "raw-site/qei.org.au/wp-content/themes/qei/fonts/worksans/WorkSans-Medium.svg" [1]
2026-08-31 09:46:46 URL:https://qei.org.au/wp-content/themes/qei/fonts/worksans/WorkSans-SemiBold.eot [234142/234142] -> "raw-site/qei.org.au/wp-content/themes/qei/fonts/worksans/WorkSans-SemiBold.eot" [1]
2026-08-31 09:46:46 URL:https://qei.org.au/wp-content/themes/qei/fonts/worksans/WorkSans-SemiBold.woff [95392/95392] -> "raw-site/qei.org.au/wp-content/themes/qei/fonts/worksans/WorkSans-SemiBold.woff" [1]
2026-08-31 09:46:47 URL:https://qei.org.au/wp-content/themes/qei/fonts/worksans/WorkSans-SemiBold.ttf [233836/233836] -> "raw-site/qei.org.au/wp-content/themes/qei/fonts/worksans/WorkSans-SemiBold.ttf" [1]
2026-08-31 09:46:48 URL:https://qei.org.au/wp-content/themes/qei/fonts/worksans/WorkSans-SemiBold.svg [833352/833352] -> "raw-site/qei.org.au/wp-content/themes/qei/fonts/worksans/WorkSans-SemiBold.svg" [1]
2026-08-31 09:46:48 URL:https://qei.org.au/wp-content/themes/qei/fonts/roboto/Roboto-Regular.eot [171852/171852] -> "raw-site/qei.org.au/wp-content/themes/qei/fonts/roboto/Roboto-Regular.eot" [1]
2026-08-31 09:46:49 URL:https://qei.org.au/wp-content/themes/qei/fonts/roboto/Roboto-Regular.woff [89828/89828] -> "raw-site/qei.org.au/wp-content/themes/qei/fonts/roboto/Roboto-Regular.woff" [1]
2026-08-31 09:46:49 URL:https://qei.org.au/wp-content/themes/qei/fonts/roboto/Roboto-Regular.ttf [171676/171676] -> "raw-site/qei.org.au/wp-content/themes/qei/fonts/roboto/Roboto-Regular.ttf" [1]
2026-08-31 09:46:50 URL:https://qei.org.au/wp-content/themes/qei/fonts/roboto/Roboto-Regular.svg [776222/776222] -> "raw-site/qei.org.au/wp-content/themes/qei/fonts/roboto/Roboto-Regular.svg" [1]
2026-08-31 09:46:50 URL:https://qei.org.au/wp-content/themes/qei/fonts/roboto/Roboto-Light.eot [170620/170620] -> "raw-site/qei.org.au/wp-content/themes/qei/fonts/roboto/Roboto-Light.eot" [1]
2026-08-31 09:46:51 URL:https://qei.org.au/wp-content/themes/qei/fonts/roboto/Roboto-Light.woff [89672/89672] -> "raw-site/qei.org.au/wp-content/themes/qei/fonts/roboto/Roboto-Light.woff" [1]
2026-08-31 09:46:51 URL:https://qei.org.au/wp-content/themes/qei/fonts/roboto/Roboto-Light.ttf [170420/170420] -> "raw-site/qei.org.au/wp-content/themes/qei/fonts/roboto/Roboto-Light.ttf" [1]
2026-08-31 09:46:52 URL:https://qei.org.au/wp-content/themes/qei/fonts/roboto/Roboto-Light.svg [785000/785000] -> "raw-site/qei.org.au/wp-content/themes/qei/fonts/roboto/Roboto-Light.svg" [1]
2026-08-31 09:46:52 URL:https://qei.org.au/wp-content/themes/qei/fonts/roboto/Roboto-Medium.eot [172268/172268] -> "raw-site/qei.org.au/wp-content/themes/qei/fonts/roboto/Roboto-Medium.eot" [1]
2026-08-31 09:46:53 URL:https://qei.org.au/wp-content/themes/qei/fonts/roboto/Roboto-Medium.woff [90560/90560] -> "raw-site/qei.org.au/wp-content/themes/qei/fonts/roboto/Roboto-Medium.woff" [1]
2026-08-31 09:46:53 URL:https://qei.org.au/wp-content/themes/qei/fonts/roboto/Roboto-Medium.ttf [172064/172064] -> "raw-site/qei.org.au/wp-content/themes/qei/fonts/roboto/Roboto-Medium.ttf" [1]
2026-08-31 09:46:54 URL:https://qei.org.au/wp-content/themes/qei/fonts/roboto/Roboto-Medium.svg [795345/795345] -> "raw-site/qei.org.au/wp-content/themes/qei/fonts/roboto/Roboto-Medium.svg" [1]
2026-08-31 09:46:55 URL:https://qei.org.au/wp-content/themes/qei/fonts/roboto/Roboto-Bold.eot [170940/170940] -> "raw-site/qei.org.au/wp-content/themes/qei/fonts/roboto/Roboto-Bold.eot" [1]
2026-08-31 09:46:55 URL:https://qei.org.au/wp-content/themes/qei/fonts/roboto/Roboto-Bold.woff [90308/90308] -> "raw-site/qei.org.au/wp-content/themes/qei/fonts/roboto/Roboto-Bold.woff" [1]
2026-08-31 09:46:56 URL:https://qei.org.au/wp-content/themes/qei/fonts/roboto/Roboto-Bold.ttf [170760/170760] -> "raw-site/qei.org.au/wp-content/themes/qei/fonts/roboto/Roboto-Bold.ttf" [1]
2026-08-31 09:46:56 URL:https://qei.org.au/wp-content/themes/qei/fonts/roboto/Roboto-Bold.svg [797230/797230] -> "raw-site/qei.org.au/wp-content/themes/qei/fonts/roboto/Roboto-Bold.svg" [1]
2026-08-31 09:46:57 URL:https://qei.org.au/wp-content/themes/qei/images/search.svg [1599/1599] -> "raw-site/qei.org.au/wp-content/themes/qei/images/search.svg" [1]
2026-08-31 09:46:57 URL:https://qei.org.au/wp-content/themes/qei/images/swirl.svg [915/915] -> "raw-site/qei.org.au/wp-content/themes/qei/images/swirl.svg" [1]
2026-08-31 09:46:58 URL:https://qei.org.au/wp-content/themes/qei/images/visit-icon.svg [3162/3162] -> "raw-site/qei.org.au/wp-content/themes/qei/images/visit-icon.svg" [1]
2026-08-31 09:46:58 URL:https://qei.org.au/wp-content/themes/qei/images/visit-icon_blue.svg [1052/1052] -> "raw-site/qei.org.au/wp-content/themes/qei/images/visit-icon_blue.svg" [1]
2026-08-31 09:46:59 URL:https://qei.org.au/wp-content/themes/qei/images/map-icon.svg [1803/1803] -> "raw-site/qei.org.au/wp-content/themes/qei/images/map-icon.svg" [1]
2026-08-31 09:46:59 URL:https://qei.org.au/wp-content/themes/qei/images/map-icon_blue.svg [830/830] -> "raw-site/qei.org.au/wp-content/themes/qei/images/map-icon_blue.svg" [1]
2026-08-31 09:47:00 URL:https://qei.org.au/wp-content/themes/qei/images/calender.svg [4655/4655] -> "raw-site/qei.org.au/wp-content/themes/qei/images/calender.svg" [1]
2026-08-31 09:47:00 URL:https://qei.org.au/wp-content/themes/qei/images/category.svg [1663/1663] -> "raw-site/qei.org.au/wp-content/themes/qei/images/category.svg" [1]
2026-08-31 09:47:01 URL:https://qei.org.au/wp-content/themes/qei/images/readmore.svg [1575/1575] -> "raw-site/qei.org.au/wp-content/themes/qei/images/readmore.svg" [1]
2026-08-31 09:47:01 URL:https://qei.org.au/wp-content/themes/qei/images/new_readmore1.svg [1734/1734] -> "raw-site/qei.org.au/wp-content/themes/qei/images/new_readmore1.svg" [1]
2026-08-31 09:47:02 URL:https://qei.org.au/wp-content/themes/qei/images/plus.svg [926/926] -> "raw-site/qei.org.au/wp-content/themes/qei/images/plus.svg" [1]
2026-08-31 09:47:02 URL:https://qei.org.au/wp-content/themes/qei/images/minus.svg [842/842] -> "raw-site/qei.org.au/wp-content/themes/qei/images/minus.svg" [1]
2026-08-31 09:47:03 URL:https://qei.org.au/wp-content/themes/qei/images/resume.svg [4992/4992] -> "raw-site/qei.org.au/wp-content/themes/qei/images/resume.svg" [1]
2026-08-31 09:47:03 URL:https://qei.org.au/wp-content/themes/qei/images/new_resume.svg [2312/2312] -> "raw-site/qei.org.au/wp-content/themes/qei/images/new_resume.svg" [1]
2026-08-31 09:47:04 URL:https://qei.org.au/wp-content/themes/qei/images/list-icon.svg [1477/1477] -> "raw-site/qei.org.au/wp-content/themes/qei/images/list-icon.svg" [1]
2026-08-31 09:47:04 URL:https://qei.org.au/wp-content/themes/qei/images/calender-white.svg [4589/4589] -> "raw-site/qei.org.au/wp-content/themes/qei/images/calender-white.svg" [1]
2026-08-31 09:47:05 URL:https://qei.org.au/wp-content/themes/qei/images/right-arrow.svg [1010/1010] -> "raw-site/qei.org.au/wp-content/themes/qei/images/right-arrow.svg" [1]
2026-08-31 09:47:05 URL:https://qei.org.au/wp-content/themes/qei/images/checkbox.svg [572/572] -> "raw-site/qei.org.au/wp-content/themes/qei/images/checkbox.svg" [1]
2026-08-31 09:47:06 URL:https://qei.org.au/wp-content/themes/qei/images/down-arrow.svg [767/767] -> "raw-site/qei.org.au/wp-content/themes/qei/images/down-arrow.svg" [1]
2026-08-31 09:47:06 URL:https://qei.org.au/wp-content/themes/qei/images/up-arrow.svg [777/777] -> "raw-site/qei.org.au/wp-content/themes/qei/images/up-arrow.svg" [1]
2026-08-31 09:47:07 URL:https://qei.org.au/wp-content/themes/qei/images/blue_hexa.png [3843/3843] -> "raw-site/qei.org.au/wp-content/themes/qei/images/blue_hexa.png" [1]
2026-08-31 09:47:07 URL:https://qei.org.au/wp-content/themes/qei/images/orange_hexa.png [2949/2949] -> "raw-site/qei.org.au/wp-content/themes/qei/images/orange_hexa.png" [1]
2026-08-31 09:47:08 URL:https://qei.org.au/wp-content/themes/qei/images/video-icon.png [3243/3243] -> "raw-site/qei.org.au/wp-content/themes/qei/images/video-icon.png" [1]
2026-08-31 09:47:08 URL:https://qei.org.au/wp-content/themes/qei/images/menu-plus.svg [764/764] -> "raw-site/qei.org.au/wp-content/themes/qei/images/menu-plus.svg" [1]
2026-08-31 09:47:09 URL:https://qei.org.au/wp-content/themes/qei/images/foundation.svg [3389/3389] -> "raw-site/qei.org.au/wp-content/themes/qei/images/foundation.svg" [1]
2026-08-31 09:47:09 URL:https://qei.org.au/wp-content/themes/qei/images/research.svg [2479/2479] -> "raw-site/qei.org.au/wp-content/themes/qei/images/research.svg" [1]
2026-08-31 09:47:10 URL:https://qei.org.au/wp-content/themes/qei/images/education.svg [3520/3520] -> "raw-site/qei.org.au/wp-content/themes/qei/images/education.svg" [1]
2026-08-31 09:47:10 URL:https://qei.org.au/wp-content/themes/qei/images/lock.svg [1420/1420] -> "raw-site/qei.org.au/wp-content/themes/qei/images/lock.svg" [1]
2026-08-31 09:47:11 URL:https://qei.org.au/wp-includes/fonts/dashicons.eot?99ac726223c749443b642ce33df8b800 [56564/56564] -> "raw-site/qei.org.au/wp-includes/fonts/dashicons.eot@99ac726223c749443b642ce33df8b800" [1]
2026-08-31 09:47:12 URL:https://qei.org.au/wp-includes/fonts/dashicons.ttf?99ac726223c749443b642ce33df8b800 [56392/56392] -> "raw-site/qei.org.au/wp-includes/fonts/dashicons.ttf@99ac726223c749443b642ce33df8b800" [1]
2026-08-31 09:47:12 URL:https://qei.org.au/wp-content/plugins/gravityforms/images/gf-creditcards.svg [12707/12707] -> "raw-site/qei.org.au/wp-content/plugins/gravityforms/images/gf-creditcards.svg" [1]
2026-08-31 09:47:13 URL:https://qei.org.au/wp-content/plugins/gravityforms/images/gf-creditcards-check.svg [281/281] -> "raw-site/qei.org.au/wp-content/plugins/gravityforms/images/gf-creditcards-check.svg" [1]
2026-08-31 09:47:13 URL:https://qei.org.au/wp-content/plugins/gravityforms/legacy/css/chosen-sprite.png [538/538] -> "raw-site/qei.org.au/wp-content/plugins/gravityforms/legacy/css/chosen-sprite.png" [1]
2026-08-31 09:47:14 URL:https://qei.org.au/wp-content/plugins/gravityforms/legacy/css/chosen-sprite@2x.png [738/738] -> "raw-site/qei.org.au/wp-content/plugins/gravityforms/legacy/css/chosen-sprite@2x.png" [1]
2026-08-31 09:47:14 URL:https://qei.org.au/clinical-trials-contact-registration/ [127300] -> "raw-site/qei.org.au/clinical-trials-contact-registration/index.html" [1]
2026-08-31 09:47:15 URL:https://qei.org.au/wp-content/themes/qei/css/custom-styles.css?ver=1788162833 [140055/140055] -> "raw-site/qei.org.au/wp-content/themes/qei/css/custom-styles.css@ver=1788162833.css" [1]
2026-08-31 09:47:15 URL:https://qei.org.au/wp-content/plugins/gravityforms/legacy/css/datepicker.min.css?ver=2.10.5 [6796/6796] -> "raw-site/qei.org.au/wp-content/plugins/gravityforms/legacy/css/datepicker.min.css@ver=2.10.5.css" [1]
2026-08-31 09:47:16 URL:https://qei.org.au/wp-includes/js/jquery/ui/core.min.js?ver=1.14.2 [18674/18674] -> "raw-site/qei.org.au/wp-includes/js/jquery/ui/core.min.js@ver=1.14.2" [1]
2026-08-31 09:47:16 URL:https://qei.org.au/wp-includes/js/jquery/ui/datepicker.min.js?ver=1.14.2 [36740/36740] -> "raw-site/qei.org.au/wp-includes/js/jquery/ui/datepicker.min.js@ver=1.14.2" [1]
2026-08-31 09:47:17 URL:https://qei.org.au/wp-content/plugins/gravityforms/js/datepicker-legacy.min.js?ver=2.10.5 [959/959] -> "raw-site/qei.org.au/wp-content/plugins/gravityforms/js/datepicker-legacy.min.js@ver=2.10.5" [1]
2026-08-31 09:47:17 URL:https://qei.org.au/wp-content/plugins/gravityforms/js/datepicker.min.js?ver=2.10.5 [2995/2995] -> "raw-site/qei.org.au/wp-content/plugins/gravityforms/js/datepicker.min.js@ver=2.10.5" [1]
https://qei.org.au/wp-content/themes/qei/css/owl.video.play.png:
2026-08-31 09:47:19 ERROR 404: Not Found.
https://qei.org.au/wp-content/themes/qei/fonts/slick.eot:
2026-08-31 09:47:20 ERROR 404: Not Found.
https://qei.org.au/wp-content/themes/qei/fonts/slick.eot?:
2026-08-31 09:47:21 ERROR 404: Not Found.
https://qei.org.au/wp-content/themes/qei/fonts/slick.woff:
2026-08-31 09:47:23 ERROR 404: Not Found.
https://qei.org.au/wp-content/themes/qei/fonts/slick.ttf:
2026-08-31 09:47:24 ERROR 404: Not Found.
https://qei.org.au/wp-content/themes/qei/fonts/slick.svg:
2026-08-31 09:47:25 ERROR 404: Not Found.
2026-08-31 09:47:26 URL:https://qei.org.au/wp-content/plugins/gravityforms/legacy/images/datepicker/arrow.png [316/316] -> "raw-site/qei.org.au/wp-content/plugins/gravityforms/legacy/images/datepicker/arrow.png" [1]
2026-08-31 09:47:26 URL:https://qei.org.au/clinical-trials-old/ [108215] -> "raw-site/qei.org.au/clinical-trials-old/index.html" [1]
2026-08-31 09:47:27 URL:https://qei.org.au/wp-content/themes/qei/css/custom-styles.css?ver=1788162948 [140055/140055] -> "raw-site/qei.org.au/wp-content/themes/qei/css/custom-styles.css@ver=1788162948.css" [1]
https://qei.org.au/wp-content/themes/qei/css/owl.video.play.png:
2026-08-31 09:47:28 ERROR 404: Not Found.
https://qei.org.au/wp-content/themes/qei/fonts/slick.eot:
2026-08-31 09:47:30 ERROR 404: Not Found.
https://qei.org.au/wp-content/themes/qei/fonts/slick.eot?:
2026-08-31 09:47:31 ERROR 404: Not Found.
https://qei.org.au/wp-content/themes/qei/fonts/slick.woff:
2026-08-31 09:47:32 ERROR 404: Not Found.
https://qei.org.au/wp-content/themes/qei/fonts/slick.ttf:
2026-08-31 09:47:34 ERROR 404: Not Found.
https://qei.org.au/wp-content/themes/qei/fonts/slick.svg:
2026-08-31 09:47:35 ERROR 404: Not Found.
2026-08-31 09:47:35 URL:https://qei.org.au/clinical-trials-old/information-for-interested-participant/geographic-atrophy/ [110065] -> "raw-site/qei.org.au/clinical-trials-old/information-for-interested-participant/geographic-atrophy/index.html" [1]
2026-08-31 09:47:36 URL:https://qei.org.au/wp-content/themes/qei/css/custom-styles.css?ver=1788162903 [140055/140055] -> "raw-site/qei.org.au/wp-content/themes/qei/css/custom-styles.css@ver=1788162903.css" [1]
2026-08-31 09:47:36 URL:https://qei.org.au/wp-content/themes/qei/images/arrow.svg [1080/1080] -> "raw-site/qei.org.au/wp-content/themes/qei/images/arrow.svg" [1]
2026-08-31 09:47:37 URL:https://qei.org.au/wp-content/uploads/2019/02/clinic-trials-banner-982x450.png [514508/514508] -> "raw-site/qei.org.au/wp-content/uploads/2019/02/clinic-trials-banner-982x450.png" [1]
https://qei.org.au/wp-content/themes/qei/css/owl.video.play.png:
2026-08-31 09:47:38 ERROR 404: Not Found.
https://qei.org.au/wp-content/themes/qei/fonts/slick.eot:
2026-08-31 09:47:40 ERROR 404: Not Found.
https://qei.org.au/wp-content/themes/qei/fonts/slick.eot?:
2026-08-31 09:47:41 ERROR 404: Not Found.
https://qei.org.au/wp-content/themes/qei/fonts/slick.woff:
2026-08-31 09:47:42 ERROR 404: Not Found.
https://qei.org.au/wp-content/themes/qei/fonts/slick.ttf:
2026-08-31 09:47:44 ERROR 404: Not Found.
https://qei.org.au/wp-content/themes/qei/fonts/slick.svg:
2026-08-31 09:47:45 ERROR 404: Not Found.
2026-08-31 09:47:46 URL:https://qei.org.au/clinical-trials-old/information-for-interested-participant/retinitis-pigmentosa/ [111535] -> "raw-site/qei.org.au/clinical-trials-old/information-for-interested-participant/retinitis-pigmentosa/index.html" [1]
2026-08-31 09:47:46 URL:https://qei.org.au/wp-content/themes/qei/css/custom-styles.css?ver=1788162906 [140055/140055] -> "raw-site/qei.org.au/wp-content/themes/qei/css/custom-styles.css@ver=1788162906.css" [1]
2026-08-31 09:47:47 URL:https://qei.org.au/wp-content/plugins/wp-rocket/assets/js/wpr-beacon.min.js [25483/25483] -> "raw-site/qei.org.au/wp-content/plugins/wp-rocket/assets/js/wpr-beacon.min.js" [1]
https://qei.org.au/wp-content/themes/qei/css/owl.video.play.png:
2026-08-31 09:47:48 ERROR 404: Not Found.
https://qei.org.au/wp-content/themes/qei/fonts/slick.eot:
2026-08-31 09:47:49 ERROR 404: Not Found.
https://qei.org.au/wp-content/themes/qei/fonts/slick.eot?:
2026-08-31 09:47:50 ERROR 404: Not Found.
https://qei.org.au/wp-content/themes/qei/fonts/slick.woff:
2026-08-31 09:47:52 ERROR 404: Not Found.
https://qei.org.au/wp-content/themes/qei/fonts/slick.ttf:
2026-08-31 09:47:53 ERROR 404: Not Found.
https://qei.org.au/wp-content/themes/qei/fonts/slick.svg:
2026-08-31 09:47:54 ERROR 404: Not Found.
2026-08-31 09:47:55 URL:https://qei.org.au/clinical-trials-old/information-for-interested-participant/stargardts-trial/ [111873] -> "raw-site/qei.org.au/clinical-trials-old/information-for-interested-participant/stargardts-trial/index.html" [1]
2026-08-31 09:47:55 URL:https://qei.org.au/wp-content/themes/qei/css/custom-styles.css?ver=1788162939 [140055/140055] -> "raw-site/qei.org.au/wp-content/themes/qei/css/custom-styles.css@ver=1788162939.css" [1]
https://qei.org.au/wp-content/themes/qei/css/owl.video.play.png:
2026-08-31 09:47:57 ERROR 404: Not Found.
https://qei.org.au/wp-content/themes/qei/fonts/slick.eot:
2026-08-31 09:47:58 ERROR 404: Not Found.
https://qei.org.au/wp-content/themes/qei/fonts/slick.eot?:
2026-08-31 09:48:00 ERROR 404: Not Found.
https://qei.org.au/wp-content/themes/qei/fonts/slick.woff:
2026-08-31 09:48:01 ERROR 404: Not Found.
https://qei.org.au/wp-content/themes/qei/fonts/slick.ttf:
2026-08-31 09:48:02 ERROR 404: Not Found.
https://qei.org.au/wp-content/themes/qei/fonts/slick.svg:
2026-08-31 09:48:04 ERROR 404: Not Found.
2026-08-31 09:48:04 URL:https://qei.org.au/clinical-trials-old/information-for-interested-participant/thyroid-eye-disease/ [110450] -> "raw-site/qei.org.au/clinical-trials-old/information-for-interested-participant/thyroid-eye-disease/index.html" [1]
2026-08-31 09:48:05 URL:https://qei.org.au/wp-content/themes/qei/css/custom-styles.css?ver=1788162895 [140055/140055] -> "raw-site/qei.org.au/wp-content/themes/qei/css/custom-styles.css@ver=1788162895.css" [1]
https://qei.org.au/wp-content/themes/qei/css/owl.video.play.png:
2026-08-31 09:48:06 ERROR 404: Not Found.
https://qei.org.au/wp-content/themes/qei/fonts/slick.eot:
2026-08-31 09:48:07 ERROR 404: Not Found.
https://qei.org.au/wp-content/themes/qei/fonts/slick.eot?:
2026-08-31 09:48:09 ERROR 404: Not Found.
https://qei.org.au/wp-content/themes/qei/fonts/slick.woff:
2026-08-31 09:48:10 ERROR 404: Not Found.
https://qei.org.au/wp-content/themes/qei/fonts/slick.ttf:
2026-08-31 09:48:12 ERROR 404: Not Found.
https://qei.org.au/wp-content/themes/qei/fonts/slick.svg:
2026-08-31 09:48:13 ERROR 404: Not Found.
2026-08-31 09:48:13 URL:https://qei.org.au/clinical-trials-old/information-for-sponsors-and-collaborators/clinical-trial-team/ [115945] -> "raw-site/qei.org.au/clinical-trials-old/information-for-sponsors-and-collaborators/clinical-trial-team/index.html" [1]
2026-08-31 09:48:14 URL:https://qei.org.au/wp-content/themes/qei/css/custom-styles.css?ver=1788162945 [140055/140055] -> "raw-site/qei.org.au/wp-content/themes/qei/css/custom-styles.css@ver=1788162945.css" [1]
2026-08-31 09:48:15 URL:https://qei.org.au/wp-content/uploads/2019/08/Mark-Radford.jpg [1842078/1842078] -> "raw-site/qei.org.au/wp-content/uploads/2019/08/Mark-Radford.jpg" [1]
2026-08-31 09:48:15 URL:https://qei.org.au/wp-content/uploads/2019/09/Dr-Anthony-Kwan.jpg [1617673/1617673] -> "raw-site/qei.org.au/wp-content/uploads/2019/09/Dr-Anthony-Kwan.jpg" [1]
2026-08-31 09:48:16 URL:https://qei.org.au/wp-content/uploads/2019/08/Dr-Brendan-Cronin-3.jpg [1259730/1259730] -> "raw-site/qei.org.au/wp-content/uploads/2019/08/Dr-Brendan-Cronin-3.jpg" [1]
2026-08-31 09:48:16 URL:https://qei.org.au/wp-content/uploads/2019/10/Dr-Abhishek-Sharma.jpg [1376521/1376521] -> "raw-site/qei.org.au/wp-content/uploads/2019/10/Dr-Abhishek-Sharma.jpg" [1]
2026-08-31 09:48:17 URL:https://qei.org.au/wp-content/uploads/2019/08/Dr-David-Gunn.jpg [3207681/3207681] -> "raw-site/qei.org.au/wp-content/uploads/2019/08/Dr-David-Gunn.jpg" [1]
2026-08-31 09:48:18 URL:https://qei.org.au/wp-content/uploads/2024/04/20240411DrAlexandraManta1.jpg [1738594/1738594] -> "raw-site/qei.org.au/wp-content/uploads/2024/04/20240411DrAlexandraManta1.jpg" [1]
2026-08-31 09:48:18 URL:https://qei.org.au/wp-content/uploads/2023/07/Dr-Angela-Richards-Photo-e1688957661719.jpg [2831171/2831171] -> "raw-site/qei.org.au/wp-content/uploads/2023/07/Dr-Angela-Richards-Photo-e1688957661719.jpg" [1]
2026-08-31 09:48:19 URL:https://qei.org.au/wp-content/uploads/2019/10/Brett-Caldwell.jpg [1441372/1441372] -> "raw-site/qei.org.au/wp-content/uploads/2019/10/Brett-Caldwell.jpg" [1]
2026-08-31 09:48:20 URL:https://qei.org.au/wp-content/uploads/2023/06/QEI_Kay-ORegan.jpg [10273524/10273524] -> "raw-site/qei.org.au/wp-content/uploads/2023/06/QEI_Kay-ORegan.jpg" [1]
2026-08-31 09:48:20 URL:https://qei.org.au/wp-content/uploads/2024/12/Hari-Peguda-1.jpg [234193/234193] -> "raw-site/qei.org.au/wp-content/uploads/2024/12/Hari-Peguda-1.jpg" [1]
https://qei.org.au/wp-content/themes/qei/css/owl.video.play.png:
2026-08-31 09:48:21 ERROR 404: Not Found.
https://qei.org.au/wp-content/themes/qei/fonts/slick.eot:
2026-08-31 09:48:23 ERROR 404: Not Found.
https://qei.org.au/wp-content/themes/qei/fonts/slick.eot?:
2026-08-31 09:48:24 ERROR 404: Not Found.
https://qei.org.au/wp-content/themes/qei/fonts/slick.woff:
2026-08-31 09:48:25 ERROR 404: Not Found.
https://qei.org.au/wp-content/themes/qei/fonts/slick.ttf:
2026-08-31 09:48:27 ERROR 404: Not Found.
https://qei.org.au/wp-content/themes/qei/fonts/slick.svg:
2026-08-31 09:48:28 ERROR 404: Not Found.
2026-08-31 09:48:29 URL:https://qei.org.au/clinical-trials/ [132251] -> "raw-site/qei.org.au/clinical-trials/index.html" [1]
2026-08-31 09:48:29 URL:https://qei.org.au/wp-content/themes/qei/css/custom-styles.css?ver=1788155524 [140055/140055] -> "raw-site/qei.org.au/wp-content/themes/qei/css/custom-styles.css@ver=1788155524.css" [1]
2026-08-31 09:48:30 URL:https://qei.org.au/wp-content/uploads/2019/04/QEI_0557_A1-676x450.jpg [59302/59302] -> "raw-site/qei.org.au/wp-content/uploads/2019/04/QEI_0557_A1-676x450.jpg" [1]
2026-08-31 09:48:30 URL:https://qei.org.au/wp-content/uploads/2019/04/QEI_0532_A1-1024x681.jpg [102286/102286] -> "raw-site/qei.org.au/wp-content/uploads/2019/04/QEI_0532_A1-1024x681.jpg" [1]
2026-08-31 09:48:31 URL:https://qei.org.au/wp-content/uploads/2019/04/QEI_0532_A1-300x200.jpg [14130/14130] -> "raw-site/qei.org.au/wp-content/uploads/2019/04/QEI_0532_A1-300x200.jpg" [1]
2026-08-31 09:48:31 URL:https://qei.org.au/wp-content/uploads/2019/04/QEI_0532_A1-768x511.jpg [62453/62453] -> "raw-site/qei.org.au/wp-content/uploads/2019/04/QEI_0532_A1-768x511.jpg" [1]
2026-08-31 09:48:32 URL:https://qei.org.au/wp-content/uploads/2019/04/QEI_0532_A1-600x399.jpg [41187/41187] -> "raw-site/qei.org.au/wp-content/uploads/2019/04/QEI_0532_A1-600x399.jpg" [1]
2026-08-31 09:48:32 URL:https://qei.org.au/wp-content/uploads/2019/04/QEI_0532_A1-676x450.jpg [50747/50747] -> "raw-site/qei.org.au/wp-content/uploads/2019/04/QEI_0532_A1-676x450.jpg" [1]
2026-08-31 09:48:33 URL:https://qei.org.au/wp-content/uploads/2019/04/QEI_0532_A1-800x532.jpg [67178/67178] -> "raw-site/qei.org.au/wp-content/uploads/2019/04/QEI_0532_A1-800x532.jpg" [1]
2026-08-31 09:48:33 URL:https://qei.org.au/wp-content/uploads/2019/04/QEI_0532_A1.jpg [270395/270395] -> "raw-site/qei.org.au/wp-content/uploads/2019/04/QEI_0532_A1.jpg" [1]
2026-08-31 09:48:34 URL:https://qei.org.au/wp-content/uploads/2019/02/clinic-find.png [1646016/1646016] -> "raw-site/qei.org.au/wp-content/uploads/2019/02/clinic-find.png" [1]
https://qei.org.au/wp-content/themes/qei/css/owl.video.play.png:
2026-08-31 09:48:35 ERROR 404: Not Found.
https://qei.org.au/wp-content/themes/qei/fonts/slick.eot:
2026-08-31 09:48:37 ERROR 404: Not Found.
https://qei.org.au/wp-content/themes/qei/fonts/slick.eot?:
2026-08-31 09:48:38 ERROR 404: Not Found.
https://qei.org.au/wp-content/themes/qei/fonts/slick.woff:
2026-08-31 09:48:40 ERROR 404: Not Found.
https://qei.org.au/wp-content/themes/qei/fonts/slick.ttf:
2026-08-31 09:48:41 ERROR 404: Not Found.
https://qei.org.au/wp-content/themes/qei/fonts/slick.svg:
2026-08-31 09:48:42 ERROR 404: Not Found.
2026-08-31 09:48:43 URL:https://qei.org.au/clinical-trials/feedback-on-clinical-trials/ [161604] -> "raw-site/qei.org.au/clinical-trials/feedback-on-clinical-trials/index.html" [1]
2026-08-31 09:48:43 URL:https://qei.org.au/wp-content/themes/qei/css/custom-styles.css?ver=1788133797 [140055/140055] -> "raw-site/qei.org.au/wp-content/themes/qei/css/custom-styles.css@ver=1788133797.css" [1]
2026-08-31 09:48:44 URL:https://qei.org.au/wp-content/plugins/gravityforms/assets/css/dist/basic.min.css?ver=2.10.5 [48886/48886] -> "raw-site/qei.org.au/wp-content/plugins/gravityforms/assets/css/dist/basic.min.css@ver=2.10.5.css" [1]
2026-08-31 09:48:44 URL:https://qei.org.au/wp-content/plugins/gravityforms/assets/css/dist/theme-components.min.css?ver=2.10.5 [0/0] -> "raw-site/qei.org.au/wp-content/plugins/gravityforms/assets/css/dist/theme-components.min.css@ver=2.10.5.css" [1]
2026-08-31 09:48:45 URL:https://qei.org.au/wp-content/plugins/gravityforms/assets/css/dist/theme.min.css?ver=2.10.5 [41790/41790] -> "raw-site/qei.org.au/wp-content/plugins/gravityforms/assets/css/dist/theme.min.css@ver=2.10.5.css" [1]
2026-08-31 09:48:45 URL:https://qei.org.au/wp-content/uploads/2019/02/lazy-eye-820x450.png [524850/524850] -> "raw-site/qei.org.au/wp-content/uploads/2019/02/lazy-eye-820x450.png" [1]
2026-08-31 09:48:46 URL:https://qei.org.au/wp-content/plugins/gravityforms/js/jquery.textareaCounter.plugin.min.js?ver=2.10.5 [1933/1933] -> "raw-site/qei.org.au/wp-content/plugins/gravityforms/js/jquery.textareaCounter.plugin.min.js@ver=2.10.5" [1]
https://qei.org.au/wp-content/themes/qei/css/owl.video.play.png:
2026-08-31 09:48:47 ERROR 404: Not Found.
https://qei.org.au/wp-content/themes/qei/fonts/slick.eot:
2026-08-31 09:48:48 ERROR 404: Not Found.
https://qei.org.au/wp-content/themes/qei/fonts/slick.eot?:
2026-08-31 09:48:50 ERROR 404: Not Found.
https://qei.org.au/wp-content/themes/qei/fonts/slick.woff:
2026-08-31 09:48:51 ERROR 404: Not Found.
https://qei.org.au/wp-content/themes/qei/fonts/slick.ttf:
2026-08-31 09:48:53 ERROR 404: Not Found.
https://qei.org.au/wp-content/themes/qei/fonts/slick.svg:
2026-08-31 09:48:54 ERROR 404: Not Found.
2026-08-31 09:48:54 URL:https://qei.org.au/wp-content/plugins/gravityforms/fonts/gform-icons-theme.woff2?o6rzdt [3180/3180] -> "raw-site/qei.org.au/wp-content/plugins/gravityforms/fonts/gform-icons-theme.woff2@o6rzdt" [1]
2026-08-31 09:48:55 URL:https://qei.org.au/wp-content/plugins/gravityforms/fonts/gform-icons-theme.ttf?o6rzdt [6792/6792] -> "raw-site/qei.org.au/wp-content/plugins/gravityforms/fonts/gform-icons-theme.ttf@o6rzdt" [1]
2026-08-31 09:48:55 URL:https://qei.org.au/wp-content/plugins/gravityforms/fonts/gform-icons-theme.woff?o6rzdt [6868/6868] -> "raw-site/qei.org.au/wp-content/plugins/gravityforms/fonts/gform-icons-theme.woff@o6rzdt" [1]
2026-08-31 09:48:56 URL:https://qei.org.au/wp-content/plugins/gravityforms/fonts/gform-icons-theme.svg?o6rzdt [21637/21637] -> "raw-site/qei.org.au/wp-content/plugins/gravityforms/fonts/gform-icons-theme.svg@o6rzdt" [1]
2026-08-31 09:48:56 URL:https://qei.org.au/wp-content/plugins/gravityforms/images/list-add.svg [370/370] -> "raw-site/qei.org.au/wp-content/plugins/gravityforms/images/list-add.svg" [1]
2026-08-31 09:48:57 URL:https://qei.org.au/wp-content/plugins/gravityforms/images/list-remove.svg [304/304] -> "raw-site/qei.org.au/wp-content/plugins/gravityforms/images/list-remove.svg" [1]
2026-08-31 09:48:57 URL:https://qei.org.au/wp-content/plugins/gravityforms/images/theme/down-arrow.svg [478/478] -> "raw-site/qei.org.au/wp-content/plugins/gravityforms/images/theme/down-arrow.svg" [1]
2026-08-31 09:48:58 URL:https://qei.org.au/comment-on-your-care/ [128724] -> "raw-site/qei.org.au/comment-on-your-care/index.html" [1]
2026-08-31 09:48:59 URL:https://qei.org.au/wp-content/themes/qei/css/custom-styles.css?ver=1788163617 [140055/140055] -> "raw-site/qei.org.au/wp-content/themes/qei/css/custom-styles.css@ver=1788163617.css" [1]
2026-08-31 09:48:59 URL:https://qei.org.au/wp-content/uploads/2026/01/20250822_QEI-TinaHuynh-1_Web-1430x954.jpg [137430/137430] -> "raw-site/qei.org.au/wp-content/uploads/2026/01/20250822_QEI-TinaHuynh-1_Web-1430x954.jpg" [1]
https://qei.org.au/wp-content/themes/qei/css/owl.video.play.png:
2026-08-31 09:49:00 ERROR 404: Not Found.
https://qei.org.au/wp-content/themes/qei/fonts/slick.eot:
2026-08-31 09:49:02 ERROR 404: Not Found.
https://qei.org.au/wp-content/themes/qei/fonts/slick.eot?:
2026-08-31 09:49:03 ERROR 404: Not Found.
https://qei.org.au/wp-content/themes/qei/fonts/slick.woff:
2026-08-31 09:49:04 ERROR 404: Not Found.
https://qei.org.au/wp-content/themes/qei/fonts/slick.ttf:
2026-08-31 09:49:06 ERROR 404: Not Found.
https://qei.org.au/wp-content/themes/qei/fonts/slick.svg:
2026-08-31 09:49:07 ERROR 404: Not Found.
2026-08-31 09:49:08 URL:https://qei.org.au/contact/ [114133] -> "raw-site/qei.org.au/contact/index.html" [1]
2026-08-31 09:49:08 URL:https://qei.org.au/wp-content/themes/qei/css/custom-styles.css?ver=1788162920 [140055/140055] -> "raw-site/qei.org.au/wp-content/themes/qei/css/custom-styles.css@ver=1788162920.css" [1]
2026-08-31 09:49:09 URL:https://qei.org.au/wp-content/uploads/2023/11/Woolloongabba-location-image.jpg [38743/38743] -> "raw-site/qei.org.au/wp-content/uploads/2023/11/Woolloongabba-location-image.jpg" [1]
2026-08-31 09:49:09 URL:https://qei.org.au/wp-content/uploads/2023/11/Clayfield-location-image.jpg [34019/34019] -> "raw-site/qei.org.au/wp-content/uploads/2023/11/Clayfield-location-image.jpg" [1]
2026-08-31 09:49:10 URL:https://qei.org.au/wp-content/uploads/2019/04/QEI_0489_A1.jpg [194707/194707] -> "raw-site/qei.org.au/wp-content/uploads/2019/04/QEI_0489_A1.jpg" [1]
2026-08-31 09:49:10 URL:https://qei.org.au/wp-content/uploads/2019/02/south-banner.png [615284/615284] -> "raw-site/qei.org.au/wp-content/uploads/2019/02/south-banner.png" [1]
2026-08-31 09:49:11 URL:https://qei.org.au/wp-content/uploads/2019/04/QEI_0444_web.jpg [44415/44415] -> "raw-site/qei.org.au/wp-content/uploads/2019/04/QEI_0444_web.jpg" [1]
2026-08-31 09:49:11 URL:https://qei.org.au/wp-content/uploads/2025/08/20250724_QEI-silk-sericin-research-16_Web.jpg [724875/724875] -> "raw-site/qei.org.au/wp-content/uploads/2025/08/20250724_QEI-silk-sericin-research-16_Web.jpg" [1]
https://qei.org.au/wp-content/themes/qei/css/owl.video.play.png:
2026-08-31 09:49:13 ERROR 404: Not Found.
https://qei.org.au/wp-content/themes/qei/fonts/slick.eot:
2026-08-31 09:49:14 ERROR 404: Not Found.
https://qei.org.au/wp-content/themes/qei/fonts/slick.eot?:
2026-08-31 09:49:15 ERROR 404: Not Found.
https://qei.org.au/wp-content/themes/qei/fonts/slick.woff:
2026-08-31 09:49:17 ERROR 404: Not Found.
https://qei.org.au/wp-content/themes/qei/fonts/slick.ttf:
2026-08-31 09:49:18 ERROR 404: Not Found.
https://qei.org.au/wp-content/themes/qei/fonts/slick.svg:
2026-08-31 09:49:19 ERROR 404: Not Found.
2026-08-31 09:49:20 URL:https://qei.org.au/donate-monthly/ [110865] -> "raw-site/qei.org.au/donate-monthly/index.html" [1]
2026-08-31 09:49:20 URL:https://qei.org.au/wp-content/themes/qei/css/custom-styles.css?ver=1788162564 [140055/140055] -> "raw-site/qei.org.au/wp-content/themes/qei/css/custom-styles.css@ver=1788162564.css" [1]
2026-08-31 09:49:21 URL:https://qei.org.au/wp-content/uploads/2019/02/donate-e1554271244487-625x450.jpg [25000/25000] -> "raw-site/qei.org.au/wp-content/uploads/2019/02/donate-e1554271244487-625x450.jpg" [1]
https://qei.org.au/wp-content/themes/qei/css/owl.video.play.png:
2026-08-31 09:49:22 ERROR 404: Not Found.
https://qei.org.au/wp-content/themes/qei/fonts/slick.eot:
2026-08-31 09:49:24 ERROR 404: Not Found.
https://qei.org.au/wp-content/themes/qei/fonts/slick.eot?:
2026-08-31 09:49:25 ERROR 404: Not Found.
https://qei.org.au/wp-content/themes/qei/fonts/slick.woff:
2026-08-31 09:49:26 ERROR 404: Not Found.
https://qei.org.au/wp-content/themes/qei/fonts/slick.ttf:
2026-08-31 09:49:27 ERROR 404: Not Found.
https://qei.org.au/wp-content/themes/qei/fonts/slick.svg:
2026-08-31 09:49:29 ERROR 404: Not Found.
2026-08-31 09:49:29 URL:https://qei.org.au/donation-entries/ [108349] -> "raw-site/qei.org.au/donation-entries/index.html" [1]
2026-08-31 09:49:30 URL:https://qei.org.au/wp-content/themes/qei/css/custom-styles.css?ver=1788144642 [140055/140055] -> "raw-site/qei.org.au/wp-content/themes/qei/css/custom-styles.css@ver=1788144642.css" [1]
https://qei.org.au/wp-content/themes/qei/css/owl.video.play.png:
2026-08-31 09:49:31 ERROR 404: Not Found.
https://qei.org.au/wp-content/themes/qei/fonts/slick.eot:
2026-08-31 09:49:32 ERROR 404: Not Found.
https://qei.org.au/wp-content/themes/qei/fonts/slick.eot?:
2026-08-31 09:49:34 ERROR 404: Not Found.
https://qei.org.au/wp-content/themes/qei/fonts/slick.woff:
2026-08-31 09:49:35 ERROR 404: Not Found.
https://qei.org.au/wp-content/themes/qei/fonts/slick.ttf:
2026-08-31 09:49:36 ERROR 404: Not Found.
https://qei.org.au/wp-content/themes/qei/fonts/slick.svg:
2026-08-31 09:49:37 ERROR 404: Not Found.
2026-08-31 09:49:38 URL:https://qei.org.au/education/ [110794] -> "raw-site/qei.org.au/education/index.html" [1]
2026-08-31 09:49:39 URL:https://qei.org.au/wp-content/themes/qei/css/custom-styles.css?ver=1788151783 [140055/140055] -> "raw-site/qei.org.au/wp-content/themes/qei/css/custom-styles.css@ver=1788151783.css" [1]
2026-08-31 09:49:39 URL:https://qei.org.au/wp-content/uploads/2019/03/QEI_0403_web.jpg [82395/82395] -> "raw-site/qei.org.au/wp-content/uploads/2019/03/QEI_0403_web.jpg" [1]
2026-08-31 09:49:40 URL:https://qei.org.au/wp-content/uploads/2019/02/optemetry-banner-400x267.jpg [13772/13772] -> "raw-site/qei.org.au/wp-content/uploads/2019/02/optemetry-banner-400x267.jpg" [1]
2026-08-31 09:49:40 URL:https://qei.org.au/wp-content/uploads/2026/02/Screen-image-Guide-to-Ophthalmology-400x282.png [150407/150407] -> "raw-site/qei.org.au/wp-content/uploads/2026/02/Screen-image-Guide-to-Ophthalmology-400x282.png" [1]
https://qei.org.au/wp-content/themes/qei/css/owl.video.play.png:
2026-08-31 09:49:41 ERROR 404: Not Found.
https://qei.org.au/wp-content/themes/qei/fonts/slick.eot:
2026-08-31 09:49:43 ERROR 404: Not Found.
https://qei.org.au/wp-content/themes/qei/fonts/slick.eot?:
2026-08-31 09:49:44 ERROR 404: Not Found.
https://qei.org.au/wp-content/themes/qei/fonts/slick.woff:
2026-08-31 09:49:45 ERROR 404: Not Found.
https://qei.org.au/wp-content/themes/qei/fonts/slick.ttf:
2026-08-31 09:49:47 ERROR 404: Not Found.
https://qei.org.au/wp-content/themes/qei/fonts/slick.svg:
2026-08-31 09:49:48 ERROR 404: Not Found.
2026-08-31 09:49:49 URL:https://qei.org.au/education/introduction-to-ophthalmology-for-medical-receptionists/ [137437] -> "raw-site/qei.org.au/education/introduction-to-ophthalmology-for-medical-receptionists/index.html" [1]
2026-08-31 09:49:49 URL:https://qei.org.au/wp-content/themes/qei/css/custom-styles.css?ver=1788158914 [140055/140055] -> "raw-site/qei.org.au/wp-content/themes/qei/css/custom-styles.css@ver=1788158914.css" [1]
2026-08-31 09:49:50 URL:https://qei.org.au/wp-content/plugins/gravityformsstripe/assets/css/dist/theme.min.css?ver=7.1 [4581/4581] -> "raw-site/qei.org.au/wp-content/plugins/gravityformsstripe/assets/css/dist/theme.min.css@ver=7.1.css" [1]
2026-08-31 09:49:50 URL:https://qei.org.au/wp-content/uploads/2026/02/Screen-image-Guide-to-Ophthalmology-1430x1009.png [1224636/1224636] -> "raw-site/qei.org.au/wp-content/uploads/2026/02/Screen-image-Guide-to-Ophthalmology-1430x1009.png" [1]
2026-08-31 09:49:51 URL:https://qei.org.au/wp-content/uploads/2026/03/eBook-Mockup-1024x740.png [551883/551883] -> "raw-site/qei.org.au/wp-content/uploads/2026/03/eBook-Mockup-1024x740.png" [1]
2026-08-31 09:49:51 URL:https://qei.org.au/wp-content/uploads/2026/03/eBook-Mockup-300x217.png [62805/62805] -> "raw-site/qei.org.au/wp-content/uploads/2026/03/eBook-Mockup-300x217.png" [1]
2026-08-31 09:49:52 URL:https://qei.org.au/wp-content/uploads/2026/03/eBook-Mockup-768x555.png [327925/327925] -> "raw-site/qei.org.au/wp-content/uploads/2026/03/eBook-Mockup-768x555.png" [1]
2026-08-31 09:49:52 URL:https://qei.org.au/wp-content/uploads/2026/03/eBook-Mockup-1536x1109.png [1139131/1139131] -> "raw-site/qei.org.au/wp-content/uploads/2026/03/eBook-Mockup-1536x1109.png" [1]
2026-08-31 09:49:53 URL:https://qei.org.au/wp-content/uploads/2026/03/eBook-Mockup-2048x1479.png [1870806/1870806] -> "raw-site/qei.org.au/wp-content/uploads/2026/03/eBook-Mockup-2048x1479.png" [1]
2026-08-31 09:49:53 URL:https://qei.org.au/wp-content/uploads/2026/03/eBook-Mockup-1430x1033.png [1004973/1004973] -> "raw-site/qei.org.au/wp-content/uploads/2026/03/eBook-Mockup-1430x1033.png" [1]
2026-08-31 09:49:54 URL:https://qei.org.au/wp-content/uploads/2026/03/eBook-Mockup-800x578.png [352687/352687] -> "raw-site/qei.org.au/wp-content/uploads/2026/03/eBook-Mockup-800x578.png" [1]
2026-08-31 09:49:54 URL:https://qei.org.au/wp-content/uploads/2026/03/eBook-Mockup-400x289.png [102500/102500] -> "raw-site/qei.org.au/wp-content/uploads/2026/03/eBook-Mockup-400x289.png" [1]
2026-08-31 09:49:55 URL:https://qei.org.au/wp-content/uploads/2026/01/Dr-Rebecca-Cox-Dr-Brendan-Cronin-300x139.png [41972/41972] -> "raw-site/qei.org.au/wp-content/uploads/2026/01/Dr-Rebecca-Cox-Dr-Brendan-Cronin-300x139.png" [1]
2026-08-31 09:49:55 URL:https://qei.org.au/wp-content/uploads/2026/01/Dr-Rebecca-Cox-Dr-Brendan-Cronin-1024x473.png [347943/347943] -> "raw-site/qei.org.au/wp-content/uploads/2026/01/Dr-Rebecca-Cox-Dr-Brendan-Cronin-1024x473.png" [1]
2026-08-31 09:49:56 URL:https://qei.org.au/wp-content/uploads/2026/01/Dr-Rebecca-Cox-Dr-Brendan-Cronin-768x355.png [208161/208161] -> "raw-site/qei.org.au/wp-content/uploads/2026/01/Dr-Rebecca-Cox-Dr-Brendan-Cronin-768x355.png" [1]
2026-08-31 09:49:56 URL:https://qei.org.au/wp-content/uploads/2026/01/Dr-Rebecca-Cox-Dr-Brendan-Cronin-1536x710.png [723420/723420] -> "raw-site/qei.org.au/wp-content/uploads/2026/01/Dr-Rebecca-Cox-Dr-Brendan-Cronin-1536x710.png" [1]
2026-08-31 09:49:57 URL:https://qei.org.au/wp-content/uploads/2026/01/Dr-Rebecca-Cox-Dr-Brendan-Cronin-2048x946.png [1208267/1208267] -> "raw-site/qei.org.au/wp-content/uploads/2026/01/Dr-Rebecca-Cox-Dr-Brendan-Cronin-2048x946.png" [1]
2026-08-31 09:49:57 URL:https://qei.org.au/wp-content/uploads/2026/01/Dr-Rebecca-Cox-Dr-Brendan-Cronin-1430x661.png [635651/635651] -> "raw-site/qei.org.au/wp-content/uploads/2026/01/Dr-Rebecca-Cox-Dr-Brendan-Cronin-1430x661.png" [1]
2026-08-31 09:49:58 URL:https://qei.org.au/wp-content/uploads/2026/01/Dr-Rebecca-Cox-Dr-Brendan-Cronin-800x370.png [224408/224408] -> "raw-site/qei.org.au/wp-content/uploads/2026/01/Dr-Rebecca-Cox-Dr-Brendan-Cronin-800x370.png" [1]
2026-08-31 09:49:58 URL:https://qei.org.au/wp-content/uploads/2026/01/Dr-Rebecca-Cox-Dr-Brendan-Cronin-400x185.png [67162/67162] -> "raw-site/qei.org.au/wp-content/uploads/2026/01/Dr-Rebecca-Cox-Dr-Brendan-Cronin-400x185.png" [1]
2026-08-31 09:49:59 URL:https://qei.org.au/wp-content/plugins/gravityforms/js/conditional_logic.min.js?ver=2.10.5 [10057/10057] -> "raw-site/qei.org.au/wp-content/plugins/gravityforms/js/conditional_logic.min.js@ver=2.10.5" [1]
2026-08-31 09:49:59 URL:https://qei.org.au/wp-content/plugins/gravityforms/includes/addon/js/gaddon_frontend.min.js?ver=2.10.5 [3971/3971] -> "raw-site/qei.org.au/wp-content/plugins/gravityforms/includes/addon/js/gaddon_frontend.min.js@ver=2.10.5" [1]
2026-08-31 09:50:00 URL:https://qei.org.au/wp-content/plugins/gravityformsstripe/js/frontend.min.js?ver=6.0.3 [43503/43503] -> "raw-site/qei.org.au/wp-content/plugins/gravityformsstripe/js/frontend.min.js@ver=6.0.3" [1]
https://qei.org.au/wp-content/themes/qei/css/owl.video.play.png:
2026-08-31 09:50:01 ERROR 404: Not Found.
https://qei.org.au/wp-content/themes/qei/fonts/slick.eot:
2026-08-31 09:50:03 ERROR 404: Not Found.
https://qei.org.au/wp-content/themes/qei/fonts/slick.eot?:
2026-08-31 09:50:04 ERROR 404: Not Found.
https://qei.org.au/wp-content/themes/qei/fonts/slick.woff:
2026-08-31 09:50:05 ERROR 404: Not Found.
https://qei.org.au/wp-content/themes/qei/fonts/slick.ttf:
2026-08-31 09:50:07 ERROR 404: Not Found.
https://qei.org.au/wp-content/themes/qei/fonts/slick.svg:
2026-08-31 09:50:08 ERROR 404: Not Found.
2026-08-31 09:50:09 URL:https://qei.org.au/education/optometry-education-series/ [130497] -> "raw-site/qei.org.au/education/optometry-education-series/index.html" [1]
2026-08-31 09:50:09 URL:https://qei.org.au/wp-content/themes/qei/css/custom-styles.css?ver=1788162938 [140055/140055] -> "raw-site/qei.org.au/wp-content/themes/qei/css/custom-styles.css@ver=1788162938.css" [1]
2026-08-31 09:50:10 URL:https://qei.org.au/wp-content/uploads/2019/03/QEI_0403_web-677x450.jpg [60566/60566] -> "raw-site/qei.org.au/wp-content/uploads/2019/03/QEI_0403_web-677x450.jpg" [1]
2026-08-31 09:50:10 URL:https://qei.org.au/wp-content/uploads/2025/05/20240220_QEI-Optom-education-10_Web-1-300x200.jpg [17855/17855] -> "raw-site/qei.org.au/wp-content/uploads/2025/05/20240220_QEI-Optom-education-10_Web-1-300x200.jpg" [1]
2026-08-31 09:50:11 URL:https://qei.org.au/wp-content/uploads/2025/05/20240220_QEI-Optom-education-10_Web-1-768x512.jpg [76436/76436] -> "raw-site/qei.org.au/wp-content/uploads/2025/05/20240220_QEI-Optom-education-10_Web-1-768x512.jpg" [1]
2026-08-31 09:50:11 URL:https://qei.org.au/wp-content/uploads/2025/05/20240220_QEI-Optom-education-10_Web-1-800x534.jpg [81636/81636] -> "raw-site/qei.org.au/wp-content/uploads/2025/05/20240220_QEI-Optom-education-10_Web-1-800x534.jpg" [1]
2026-08-31 09:50:12 URL:https://qei.org.au/wp-content/uploads/2025/05/20240220_QEI-Optom-education-10_Web-1-400x267.jpg [28255/28255] -> "raw-site/qei.org.au/wp-content/uploads/2025/05/20240220_QEI-Optom-education-10_Web-1-400x267.jpg" [1]
2026-08-31 09:50:12 URL:https://qei.org.au/wp-content/uploads/2026/07/Otto-restaurant-inside-1.jpg [68455/68455] -> "raw-site/qei.org.au/wp-content/uploads/2026/07/Otto-restaurant-inside-1.jpg" [1]
2026-08-31 09:50:13 URL:https://qei.org.au/wp-content/uploads/2026/07/Eye-solved-it.jpg [243312/243312] -> "raw-site/qei.org.au/wp-content/uploads/2026/07/Eye-solved-it.jpg" [1]
2026-08-31 09:50:13 URL:https://qei.org.au/wp-content/uploads/2026/02/20251007_QEI-OptometryEducation-8_Web.jpg [1579053/1579053] -> "raw-site/qei.org.au/wp-content/uploads/2026/02/20251007_QEI-OptometryEducation-8_Web.jpg" [1]
2026-08-31 09:50:14 URL:https://qei.org.au/wp-content/uploads/2019/02/microsurgical.png [591628/591628] -> "raw-site/qei.org.au/wp-content/uploads/2019/02/microsurgical.png" [1]
2026-08-31 09:50:15 URL:https://qei.org.au/wp-content/uploads/2019/02/optemetry-banner.jpg [167539/167539] -> "raw-site/qei.org.au/wp-content/uploads/2019/02/optemetry-banner.jpg" [1]
https://qei.org.au/wp-content/themes/qei/css/owl.video.play.png:
2026-08-31 09:50:16 ERROR 404: Not Found.
https://qei.org.au/wp-content/themes/qei/fonts/slick.eot:
2026-08-31 09:50:17 ERROR 404: Not Found.
https://qei.org.au/wp-content/themes/qei/fonts/slick.eot?:
2026-08-31 09:50:18 ERROR 404: Not Found.
https://qei.org.au/wp-content/themes/qei/fonts/slick.woff:
2026-08-31 09:50:20 ERROR 404: Not Found.
https://qei.org.au/wp-content/themes/qei/fonts/slick.ttf:
2026-08-31 09:50:21 ERROR 404: Not Found.
https://qei.org.au/wp-content/themes/qei/fonts/slick.svg:
2026-08-31 09:50:22 ERROR 404: Not Found.
2026-08-31 09:50:23 URL:https://qei.org.au/education/student-placement/ [111565] -> "raw-site/qei.org.au/education/student-placement/index.html" [1]
2026-08-31 09:50:23 URL:https://qei.org.au/wp-content/themes/qei/css/custom-styles.css?ver=1788134559 [140055/140055] -> "raw-site/qei.org.au/wp-content/themes/qei/css/custom-styles.css@ver=1788134559.css" [1]
2026-08-31 09:50:24 URL:https://qei.org.au/wp-content/uploads/2019/02/optemetry-banner-675x450.jpg [28681/28681] -> "raw-site/qei.org.au/wp-content/uploads/2019/02/optemetry-banner-675x450.jpg" [1]
2026-08-31 09:50:24 URL:https://qei.org.au/wp-content/uploads/2026/03/20260211_QEI_QUT-Optom-Student-Henry-Lam1.jpg [505052/505052] -> "raw-site/qei.org.au/wp-content/uploads/2026/03/20260211_QEI_QUT-Optom-Student-Henry-Lam1.jpg" [1]
2026-08-31 09:50:25 URL:https://qei.org.au/wp-content/uploads/2026/03/20260211_QEI_QUT-Optom-Student-Henry-Lam1-300x200.jpg [13902/13902] -> "raw-site/qei.org.au/wp-content/uploads/2026/03/20260211_QEI_QUT-Optom-Student-Henry-Lam1-300x200.jpg" [1]
2026-08-31 09:50:25 URL:https://qei.org.au/wp-content/uploads/2026/03/20260211_QEI_QUT-Optom-Student-Henry-Lam1-768x512.jpg [58570/58570] -> "raw-site/qei.org.au/wp-content/uploads/2026/03/20260211_QEI_QUT-Optom-Student-Henry-Lam1-768x512.jpg" [1]
2026-08-31 09:50:26 URL:https://qei.org.au/wp-content/uploads/2026/03/20260211_QEI_QUT-Optom-Student-Henry-Lam1-800x534.jpg [62912/62912] -> "raw-site/qei.org.au/wp-content/uploads/2026/03/20260211_QEI_QUT-Optom-Student-Henry-Lam1-800x534.jpg" [1]
2026-08-31 09:50:26 URL:https://qei.org.au/wp-content/uploads/2026/03/20260211_QEI_QUT-Optom-Student-Henry-Lam1-400x267.jpg [21732/21732] -> "raw-site/qei.org.au/wp-content/uploads/2026/03/20260211_QEI_QUT-Optom-Student-Henry-Lam1-400x267.jpg" [1]
https://qei.org.au/wp-content/themes/qei/css/owl.video.play.png:
2026-08-31 09:50:28 ERROR 404: Not Found.
https://qei.org.au/wp-content/themes/qei/fonts/slick.eot:
2026-08-31 09:50:29 ERROR 404: Not Found.
https://qei.org.au/wp-content/themes/qei/fonts/slick.eot?:
2026-08-31 09:50:30 ERROR 404: Not Found.
https://qei.org.au/wp-content/themes/qei/fonts/slick.woff:
2026-08-31 09:50:32 ERROR 404: Not Found.
https://qei.org.au/wp-content/themes/qei/fonts/slick.ttf:
2026-08-31 09:50:33 ERROR 404: Not Found.
https://qei.org.au/wp-content/themes/qei/fonts/slick.svg:
2026-08-31 09:50:34 ERROR 404: Not Found.
2026-08-31 09:50:35 URL:https://qei.org.au/events/eye-solved-it/ [112772] -> "raw-site/qei.org.au/events/eye-solved-it/index.html" [1]
2026-08-31 09:50:35 URL:https://qei.org.au/wp-content/themes/qei/css/custom-styles.css?ver=1788134563 [140055/140055] -> "raw-site/qei.org.au/wp-content/themes/qei/css/custom-styles.css@ver=1788134563.css" [1]
2026-08-31 09:50:36 URL:https://qei.org.au/wp-content/uploads/2026/07/Eye-solved-it-1430x1430.jpg [148249/148249] -> "raw-site/qei.org.au/wp-content/uploads/2026/07/Eye-solved-it-1430x1430.jpg" [1]
2026-08-31 09:50:36 URL:https://qei.org.au/wp-content/uploads/2026/07/4Ti-175x300.jpg [10080/10080] -> "raw-site/qei.org.au/wp-content/uploads/2026/07/4Ti-175x300.jpg" [1]
2026-08-31 09:50:37 URL:https://qei.org.au/wp-content/uploads/2026/07/4Ti.jpg [31982/31982] -> "raw-site/qei.org.au/wp-content/uploads/2026/07/4Ti.jpg" [1]
2026-08-31 09:50:38 URL:https://qei.org.au/wp-content/uploads/2026/01/Registration-closed.png [60442/60442] -> "raw-site/qei.org.au/wp-content/uploads/2026/01/Registration-closed.png" [1]
2026-08-31 09:50:38 URL:https://qei.org.au/wp-content/uploads/2026/01/Registration-closed-300x259.png [27502/27502] -> "raw-site/qei.org.au/wp-content/uploads/2026/01/Registration-closed-300x259.png" [1]
2026-08-31 09:50:39 URL:https://qei.org.au/wp-content/uploads/2026/01/Registration-closed-348x300.png [34763/34763] -> "raw-site/qei.org.au/wp-content/uploads/2026/01/Registration-closed-348x300.png" [1]
2026-08-31 09:50:39 URL:https://qei.org.au/wp-content/uploads/2026/07/Eye-cases-banner-website-event.jpg [173723/173723] -> "raw-site/qei.org.au/wp-content/uploads/2026/07/Eye-cases-banner-website-event.jpg" [1]
https://qei.org.au/wp-content/themes/qei/css/owl.video.play.png:
2026-08-31 09:50:40 ERROR 404: Not Found.
https://qei.org.au/wp-content/themes/qei/fonts/slick.eot:
2026-08-31 09:50:42 ERROR 404: Not Found.
https://qei.org.au/wp-content/themes/qei/fonts/slick.eot?:
2026-08-31 09:50:43 ERROR 404: Not Found.
https://qei.org.au/wp-content/themes/qei/fonts/slick.woff:
2026-08-31 09:50:44 ERROR 404: Not Found.
https://qei.org.au/wp-content/themes/qei/fonts/slick.ttf:
2026-08-31 09:50:46 ERROR 404: Not Found.
https://qei.org.au/wp-content/themes/qei/fonts/slick.svg:
2026-08-31 09:50:47 ERROR 404: Not Found.
2026-08-31 09:50:47 URL:https://qei.org.au/events/national-sunnies-day/ [109577] -> "raw-site/qei.org.au/events/national-sunnies-day/index.html" [1]
2026-08-31 09:50:48 URL:https://qei.org.au/wp-content/themes/qei/css/custom-styles.css?ver=1788133976 [140055/140055] -> "raw-site/qei.org.au/wp-content/themes/qei/css/custom-styles.css@ver=1788133976.css" [1]
2026-08-31 09:50:48 URL:https://qei.org.au/wp-content/uploads/2021/10/shutterstock_1041418927-1430x953.jpg [271785/271785] -> "raw-site/qei.org.au/wp-content/uploads/2021/10/shutterstock_1041418927-1430x953.jpg" [1]
2026-08-31 09:50:49 URL:https://qei.org.au/wp-content/uploads/2021/10/shutterstock_1041418927.jpg [15995793/15995793] -> "raw-site/qei.org.au/wp-content/uploads/2021/10/shutterstock_1041418927.jpg" [1]
https://qei.org.au/wp-content/themes/qei/css/owl.video.play.png:
2026-08-31 09:50:51 ERROR 404: Not Found.
https://qei.org.au/wp-content/themes/qei/fonts/slick.eot:
2026-08-31 09:50:52 ERROR 404: Not Found.
https://qei.org.au/wp-content/themes/qei/fonts/slick.eot?:
2026-08-31 09:50:53 ERROR 404: Not Found.
https://qei.org.au/wp-content/themes/qei/fonts/slick.woff:
2026-08-31 09:50:54 ERROR 404: Not Found.
https://qei.org.au/wp-content/themes/qei/fonts/slick.ttf:
2026-08-31 09:50:56 ERROR 404: Not Found.
https://qei.org.au/wp-content/themes/qei/fonts/slick.svg:
2026-08-31 09:50:57 ERROR 404: Not Found.
2026-08-31 09:50:58 URL:https://qei.org.au/events/optometry-cpd-event/ [111605] -> "raw-site/qei.org.au/events/optometry-cpd-event/index.html" [1]
2026-08-31 09:50:58 URL:https://qei.org.au/wp-content/themes/qei/css/custom-styles.css?ver=1788140954 [140055/140055] -> "raw-site/qei.org.au/wp-content/themes/qei/css/custom-styles.css@ver=1788140954.css" [1]
2026-08-31 09:50:59 URL:https://qei.org.au/wp-content/uploads/2026/02/20251007_QEI-OptometryEducation-8_Web-1430x954.jpg [170653/170653] -> "raw-site/qei.org.au/wp-content/uploads/2026/02/20251007_QEI-OptometryEducation-8_Web-1430x954.jpg" [1]
2026-08-31 09:50:59 URL:https://qei.org.au/wp-content/uploads/2026/02/5i-4.75T-175x300.jpg [10590/10590] -> "raw-site/qei.org.au/wp-content/uploads/2026/02/5i-4.75T-175x300.jpg" [1]
2026-08-31 09:51:00 URL:https://qei.org.au/wp-content/uploads/2026/02/5i-4.75T.jpg [34052/34052] -> "raw-site/qei.org.au/wp-content/uploads/2026/02/5i-4.75T.jpg" [1]
2026-08-31 09:51:00 URL:https://qei.org.au/wp-content/uploads/2026/02/Optom-trivia-event-2-e1771304651233.png [309590/309590] -> "raw-site/qei.org.au/wp-content/uploads/2026/02/Optom-trivia-event-2-e1771304651233.png" [1]
2026-08-31 09:51:01 URL:https://qei.org.au/wp-content/uploads/2026/02/CTA-button-2.png [10978/10978] -> "raw-site/qei.org.au/wp-content/uploads/2026/02/CTA-button-2.png" [1]
https://qei.org.au/wp-content/themes/qei/css/owl.video.play.png:
2026-08-31 09:51:02 ERROR 404: Not Found.
https://qei.org.au/wp-content/themes/qei/fonts/slick.eot:
2026-08-31 09:51:03 ERROR 404: Not Found.
https://qei.org.au/wp-content/themes/qei/fonts/slick.eot?:
2026-08-31 09:51:04 ERROR 404: Not Found.
https://qei.org.au/wp-content/themes/qei/fonts/slick.woff:
2026-08-31 09:51:06 ERROR 404: Not Found.
https://qei.org.au/wp-content/themes/qei/fonts/slick.ttf:
2026-08-31 09:51:07 ERROR 404: Not Found.
https://qei.org.au/wp-content/themes/qei/fonts/slick.svg:
2026-08-31 09:51:08 ERROR 404: Not Found.
2026-08-31 09:51:09 URL:https://qei.org.au/events/optometry-education-evening/ [111900] -> "raw-site/qei.org.au/events/optometry-education-evening/index.html" [1]
2026-08-31 09:51:09 URL:https://qei.org.au/wp-content/themes/qei/css/custom-styles.css?ver=1788137510 [140055/140055] -> "raw-site/qei.org.au/wp-content/themes/qei/css/custom-styles.css@ver=1788137510.css" [1]
2026-08-31 09:51:10 URL:https://qei.org.au/wp-content/uploads/2026/01/20251007_QEI-OptometryEducation-13_Web-1430x954.jpg [271991/271991] -> "raw-site/qei.org.au/wp-content/uploads/2026/01/20251007_QEI-OptometryEducation-13_Web-1430x954.jpg" [1]
2026-08-31 09:51:10 URL:https://qei.org.au/wp-content/uploads/2026/01/Optom-Event-Feb26-speakers.png [250813/250813] -> "raw-site/qei.org.au/wp-content/uploads/2026/01/Optom-Event-Feb26-speakers.png" [1]
2026-08-31 09:51:11 URL:https://qei.org.au/wp-content/uploads/2026/01/Optom-Event-Feb26-speakers-300x98.png [24410/24410] -> "raw-site/qei.org.au/wp-content/uploads/2026/01/Optom-Event-Feb26-speakers-300x98.png" [1]
2026-08-31 09:51:11 URL:https://qei.org.au/wp-content/uploads/2026/01/Optom-Event-Feb26-speakers-1024x334.png [182229/182229] -> "raw-site/qei.org.au/wp-content/uploads/2026/01/Optom-Event-Feb26-speakers-1024x334.png" [1]
2026-08-31 09:51:12 URL:https://qei.org.au/wp-content/uploads/2026/01/Optom-Event-Feb26-speakers-768x250.png [115331/115331] -> "raw-site/qei.org.au/wp-content/uploads/2026/01/Optom-Event-Feb26-speakers-768x250.png" [1]
2026-08-31 09:51:12 URL:https://qei.org.au/wp-content/uploads/2026/01/Optom-Event-Feb26-speakers-800x261.png [123786/123786] -> "raw-site/qei.org.au/wp-content/uploads/2026/01/Optom-Event-Feb26-speakers-800x261.png" [1]
2026-08-31 09:51:13 URL:https://qei.org.au/wp-content/uploads/2026/01/Optom-Event-Feb26-speakers-400x130.png [40047/40047] -> "raw-site/qei.org.au/wp-content/uploads/2026/01/Optom-Event-Feb26-speakers-400x130.png" [1]
2026-08-31 09:51:13 URL:https://qei.org.au/wp-content/uploads/2026/01/QA-logo-1.jpg [20706/20706] -> "raw-site/qei.org.au/wp-content/uploads/2026/01/QA-logo-1.jpg" [1]
https://qei.org.au/wp-content/themes/qei/css/owl.video.play.png:
2026-08-31 09:51:15 ERROR 404: Not Found.
https://qei.org.au/wp-content/themes/qei/fonts/slick.eot:
2026-08-31 09:51:16 ERROR 404: Not Found.
https://qei.org.au/wp-content/themes/qei/fonts/slick.eot?:
2026-08-31 09:51:17 ERROR 404: Not Found.
https://qei.org.au/wp-content/themes/qei/fonts/slick.woff:
2026-08-31 09:51:19 ERROR 404: Not Found.
https://qei.org.au/wp-content/themes/qei/fonts/slick.ttf:
2026-08-31 09:51:20 ERROR 404: Not Found.
https://qei.org.au/wp-content/themes/qei/fonts/slick.svg:
2026-08-31 09:51:21 ERROR 404: Not Found.
2026-08-31 09:51:22 URL:https://qei.org.au/events/optometry-student-workshop/ [109426] -> "raw-site/qei.org.au/events/optometry-student-workshop/index.html" [1]
2026-08-31 09:51:23 URL:https://qei.org.au/wp-content/themes/qei/css/custom-styles.css?ver=1788137439 [140055/140055] -> "raw-site/qei.org.au/wp-content/themes/qei/css/custom-styles.css@ver=1788137439.css" [1]
https://qei.org.au/wp-content/themes/qei/css/owl.video.play.png:
2026-08-31 09:51:24 ERROR 404: Not Found.
https://qei.org.au/wp-content/themes/qei/fonts/slick.eot:
2026-08-31 09:51:25 ERROR 404: Not Found.
https://qei.org.au/wp-content/themes/qei/fonts/slick.eot?:
2026-08-31 09:51:26 ERROR 404: Not Found.
https://qei.org.au/wp-content/themes/qei/fonts/slick.woff:
2026-08-31 09:51:28 ERROR 404: Not Found.
https://qei.org.au/wp-content/themes/qei/fonts/slick.ttf:
2026-08-31 09:51:29 ERROR 404: Not Found.
https://qei.org.au/wp-content/themes/qei/fonts/slick.svg:
2026-08-31 09:51:31 ERROR 404: Not Found.
2026-08-31 09:51:31 URL:https://qei.org.au/events/optometry-workshop-2/ [108663] -> "raw-site/qei.org.au/events/optometry-workshop-2/index.html" [1]
2026-08-31 09:51:32 URL:https://qei.org.au/wp-content/themes/qei/css/custom-styles.css?ver=1788137400 [140055/140055] -> "raw-site/qei.org.au/wp-content/themes/qei/css/custom-styles.css@ver=1788137400.css" [1]
2026-08-31 09:51:32 URL:https://qei.org.au/wp-content/uploads/2025/02/QEI-Optometry-Teaching_AssocProfKwan-1430x954.jpg [206163/206163] -> "raw-site/qei.org.au/wp-content/uploads/2025/02/QEI-Optometry-Teaching_AssocProfKwan-1430x954.jpg" [1]
2026-08-31 09:51:33 URL:https://qei.org.au/wp-content/uploads/2025/02/QEI-Optometry-Teaching_DrLeeHolland.jpg [372299/372299] -> "raw-site/qei.org.au/wp-content/uploads/2025/02/QEI-Optometry-Teaching_DrLeeHolland.jpg" [1]
https://qei.org.au/wp-content/themes/qei/css/owl.video.play.png:
2026-08-31 09:51:34 ERROR 404: Not Found.
https://qei.org.au/wp-content/themes/qei/fonts/slick.eot:
2026-08-31 09:51:35 ERROR 404: Not Found.
https://qei.org.au/wp-content/themes/qei/fonts/slick.eot?:
2026-08-31 09:51:36 ERROR 404: Not Found.
https://qei.org.au/wp-content/themes/qei/fonts/slick.woff:
2026-08-31 09:51:38 ERROR 404: Not Found.
https://qei.org.au/wp-content/themes/qei/fonts/slick.ttf:
2026-08-31 09:51:39 ERROR 404: Not Found.
https://qei.org.au/wp-content/themes/qei/fonts/slick.svg:
2026-08-31 09:51:40 ERROR 404: Not Found.
2026-08-31 09:51:41 URL:https://qei.org.au/events/optometry-workshop-3/ [113846] -> "raw-site/qei.org.au/events/optometry-workshop-3/index.html" [1]
2026-08-31 09:51:41 URL:https://qei.org.au/wp-content/themes/qei/css/custom-styles.css?ver=1788137503 [140055/140055] -> "raw-site/qei.org.au/wp-content/themes/qei/css/custom-styles.css@ver=1788137503.css" [1]
2026-08-31 09:51:42 URL:https://qei.org.au/wp-content/uploads/2025/08/20250811_QEI-OptomStudentEvent-4_Web.jpg [230413/230413] -> "raw-site/qei.org.au/wp-content/uploads/2025/08/20250811_QEI-OptomStudentEvent-4_Web.jpg" [1]
2026-08-31 09:51:42 URL:https://qei.org.au/wp-content/uploads/2025/08/2Ti-175x300.jpg [10091/10091] -> "raw-site/qei.org.au/wp-content/uploads/2025/08/2Ti-175x300.jpg" [1]
2026-08-31 09:51:43 URL:https://qei.org.au/wp-content/uploads/2025/08/2Ti.jpg [34518/34518] -> "raw-site/qei.org.au/wp-content/uploads/2025/08/2Ti.jpg" [1]
2026-08-31 09:51:43 URL:https://qei.org.au/wp-content/uploads/2025/08/20250811_QEI-OptomStudentEvent-5_Web.jpg [264564/264564] -> "raw-site/qei.org.au/wp-content/uploads/2025/08/20250811_QEI-OptomStudentEvent-5_Web.jpg" [1]
2026-08-31 09:51:44 URL:https://qei.org.au/wp-content/uploads/2025/08/Thanks-to-our-sponsors.png [36278/36278] -> "raw-site/qei.org.au/wp-content/uploads/2025/08/Thanks-to-our-sponsors.png" [1]
2026-08-31 09:51:44 URL:https://qei.org.au/wp-content/uploads/2025/08/Thanks-to-our-sponsors-300x73.png [8901/8901] -> "raw-site/qei.org.au/wp-content/uploads/2025/08/Thanks-to-our-sponsors-300x73.png" [1]
2026-08-31 09:51:45 URL:https://qei.org.au/wp-content/uploads/2025/08/Thanks-to-our-sponsors-400x97.png [13187/13187] -> "raw-site/qei.org.au/wp-content/uploads/2025/08/Thanks-to-our-sponsors-400x97.png" [1]
https://qei.org.au/wp-content/themes/qei/css/owl.video.play.png:
2026-08-31 09:51:46 ERROR 404: Not Found.
https://qei.org.au/wp-content/themes/qei/fonts/slick.eot:
2026-08-31 09:51:48 ERROR 404: Not Found.
https://qei.org.au/wp-content/themes/qei/fonts/slick.eot?:
2026-08-31 09:51:49 ERROR 404: Not Found.
https://qei.org.au/wp-content/themes/qei/fonts/slick.woff:
2026-08-31 09:51:50 ERROR 404: Not Found.
https://qei.org.au/wp-content/themes/qei/fonts/slick.ttf:
2026-08-31 09:51:52 ERROR 404: Not Found.
https://qei.org.au/wp-content/themes/qei/fonts/slick.svg:
2026-08-31 09:51:53 ERROR 404: Not Found.
2026-08-31 09:51:53 URL:https://qei.org.au/events/optometry-workshop/ [109034] -> "raw-site/qei.org.au/events/optometry-workshop/index.html" [1]
2026-08-31 09:51:54 URL:https://qei.org.au/wp-content/themes/qei/css/custom-styles.css?ver=1788133979 [140055/140055] -> "raw-site/qei.org.au/wp-content/themes/qei/css/custom-styles.css@ver=1788133979.css" [1]
2026-08-31 09:51:54 URL:https://qei.org.au/wp-content/uploads/2019/02/corporate-982x450.jpg [48986/48986] -> "raw-site/qei.org.au/wp-content/uploads/2019/02/corporate-982x450.jpg" [1]
2026-08-31 09:51:55 URL:https://qei.org.au/wp-content/uploads/2022/11/Associate-Professor-Abhishek-Sharma.jpg [7023093/7023093] -> "raw-site/qei.org.au/wp-content/uploads/2022/11/Associate-Professor-Abhishek-Sharma.jpg" [1]
https://qei.org.au/wp-content/themes/qei/css/owl.video.play.png:
2026-08-31 09:51:56 ERROR 404: Not Found.
https://qei.org.au/wp-content/themes/qei/fonts/slick.eot:
2026-08-31 09:51:58 ERROR 404: Not Found.
https://qei.org.au/wp-content/themes/qei/fonts/slick.eot?:
2026-08-31 09:51:59 ERROR 404: Not Found.
https://qei.org.au/wp-content/themes/qei/fonts/slick.woff:
2026-08-31 09:52:00 ERROR 404: Not Found.
https://qei.org.au/wp-content/themes/qei/fonts/slick.ttf:
2026-08-31 09:52:01 ERROR 404: Not Found.
https://qei.org.au/wp-content/themes/qei/fonts/slick.svg:
2026-08-31 09:52:03 ERROR 404: Not Found.
2026-08-31 09:52:03 URL:https://qei.org.au/events/retina-by-th-rive/ [110915] -> "raw-site/qei.org.au/events/retina-by-th-rive/index.html" [1]
2026-08-31 09:52:04 URL:https://qei.org.au/wp-content/themes/qei/css/custom-styles.css?ver=1788134566 [140055/140055] -> "raw-site/qei.org.au/wp-content/themes/qei/css/custom-styles.css@ver=1788134566.css" [1]
2026-08-31 09:52:04 URL:https://qei.org.au/wp-content/uploads/2026/07/3Ti-175x300.jpg [10147/10147] -> "raw-site/qei.org.au/wp-content/uploads/2026/07/3Ti-175x300.jpg" [1]
2026-08-31 09:52:05 URL:https://qei.org.au/wp-content/uploads/2026/07/3Ti.jpg [34711/34711] -> "raw-site/qei.org.au/wp-content/uploads/2026/07/3Ti.jpg" [1]
2026-08-31 09:52:05 URL:https://qei.org.au/wp-content/uploads/2026/07/Otto-restaurant.jpg [297531/297531] -> "raw-site/qei.org.au/wp-content/uploads/2026/07/Otto-restaurant.jpg" [1]
https://qei.org.au/wp-content/themes/qei/css/owl.video.play.png:
2026-08-31 09:52:07 ERROR 404: Not Found.
https://qei.org.au/wp-content/themes/qei/fonts/slick.eot:
2026-08-31 09:52:08 ERROR 404: Not Found.
https://qei.org.au/wp-content/themes/qei/fonts/slick.eot?:
2026-08-31 09:52:09 ERROR 404: Not Found.
https://qei.org.au/wp-content/themes/qei/fonts/slick.woff:
2026-08-31 09:52:11 ERROR 404: Not Found.
https://qei.org.au/wp-content/themes/qei/fonts/slick.ttf:
2026-08-31 09:52:12 ERROR 404: Not Found.
https://qei.org.au/wp-content/themes/qei/fonts/slick.svg:
2026-08-31 09:52:13 ERROR 404: Not Found.
2026-08-31 09:52:14 URL:https://qei.org.au/eventscategories/all/ [110836] -> "raw-site/qei.org.au/eventscategories/all/index.html" [1]
2026-08-31 09:52:15 URL:https://qei.org.au/wp-content/themes/qei/css/custom-styles.css?ver=1788134262 [140055/140055] -> "raw-site/qei.org.au/wp-content/themes/qei/css/custom-styles.css@ver=1788134262.css" [1]
2026-08-31 09:52:15 URL:https://qei.org.au/wp-content/themes/qei/images/mask-bgs.png [6137/6137] -> "raw-site/qei.org.au/wp-content/themes/qei/images/mask-bgs.png" [1]
2026-08-31 09:52:16 URL:https://qei.org.au/wp-content/uploads/2026/01/20251007_QEI-OptometryEducation-13_Web.jpg [2195045/2195045] -> "raw-site/qei.org.au/wp-content/uploads/2026/01/20251007_QEI-OptometryEducation-13_Web.jpg" [1]
https://qei.org.au/wp-content/themes/qei/css/owl.video.play.png:
2026-08-31 09:52:17 ERROR 404: Not Found.
https://qei.org.au/wp-content/themes/qei/fonts/slick.eot:
2026-08-31 09:52:19 ERROR 404: Not Found.
https://qei.org.au/wp-content/themes/qei/fonts/slick.eot?:
2026-08-31 09:52:20 ERROR 404: Not Found.
https://qei.org.au/wp-content/themes/qei/fonts/slick.woff:
2026-08-31 09:52:21 ERROR 404: Not Found.
https://qei.org.au/wp-content/themes/qei/fonts/slick.ttf:
2026-08-31 09:52:22 ERROR 404: Not Found.
https://qei.org.au/wp-content/themes/qei/fonts/slick.svg:
2026-08-31 09:52:24 ERROR 404: Not Found.
2026-08-31 09:52:24 URL:https://qei.org.au/eventscategories/education-series/ [114053] -> "raw-site/qei.org.au/eventscategories/education-series/index.html" [1]
2026-08-31 09:52:25 URL:https://qei.org.au/wp-content/themes/qei/css/custom-styles.css?ver=1788134155 [140055/140055] -> "raw-site/qei.org.au/wp-content/themes/qei/css/custom-styles.css@ver=1788134155.css" [1]
2026-08-31 09:52:25 URL:https://qei.org.au/wp-content/uploads/2025/02/QEI-Optometry-Teaching_AssocProfKwan.jpg [531284/531284] -> "raw-site/qei.org.au/wp-content/uploads/2025/02/QEI-Optometry-Teaching_AssocProfKwan.jpg" [1]
2026-08-31 09:52:26 URL:https://qei.org.au/wp-content/uploads/2019/02/corporate.jpg [117364/117364] -> "raw-site/qei.org.au/wp-content/uploads/2019/02/corporate.jpg" [1]
https://qei.org.au/wp-content/themes/qei/css/owl.video.play.png:
2026-08-31 09:52:27 ERROR 404: Not Found.
https://qei.org.au/wp-content/themes/qei/fonts/slick.eot:
2026-08-31 09:52:28 ERROR 404: Not Found.
https://qei.org.au/wp-content/themes/qei/fonts/slick.eot?:
2026-08-31 09:52:30 ERROR 404: Not Found.
https://qei.org.au/wp-content/themes/qei/fonts/slick.woff:
2026-08-31 09:52:31 ERROR 404: Not Found.
https://qei.org.au/wp-content/themes/qei/fonts/slick.ttf:
2026-08-31 09:52:32 ERROR 404: Not Found.
https://qei.org.au/wp-content/themes/qei/fonts/slick.svg:
2026-08-31 09:52:34 ERROR 404: Not Found.
2026-08-31 09:52:34 URL:https://qei.org.au/eye-conditions/ [117398] -> "raw-site/qei.org.au/eye-conditions/index.html" [1]
2026-08-31 09:52:35 URL:https://qei.org.au/wp-content/themes/qei/css/custom-styles.css?ver=1788151773 [140055/140055] -> "raw-site/qei.org.au/wp-content/themes/qei/css/custom-styles.css@ver=1788151773.css" [1]
2026-08-31 09:52:35 URL:https://qei.org.au/wp-content/uploads/2019/04/QEI014-Website-Icon-Fuchs%E2%80%99-Dystrophy.svg [3086/3086] -> "raw-site/qei.org.au/wp-content/uploads/2019/04/QEI014-Website-Icon-Fuchs’-Dystrophy.svg" [1]
2026-08-31 09:52:36 URL:https://qei.org.au/wp-content/uploads/2019/04/QEI014-Website-Icon-Retinal-Detachment.svg [899/899] -> "raw-site/qei.org.au/wp-content/uploads/2019/04/QEI014-Website-Icon-Retinal-Detachment.svg" [1]
2026-08-31 09:52:36 URL:https://qei.org.au/wp-content/uploads/2019/04/QEI014-Website-Icon-Corneal-Scarring.svg [2382/2382] -> "raw-site/qei.org.au/wp-content/uploads/2019/04/QEI014-Website-Icon-Corneal-Scarring.svg" [1]
2026-08-31 09:52:37 URL:https://qei.org.au/wp-content/uploads/2019/04/QEI014-Website-Icon-Pterygium.svg [2369/2369] -> "raw-site/qei.org.au/wp-content/uploads/2019/04/QEI014-Website-Icon-Pterygium.svg" [1]
2026-08-31 09:52:37 URL:https://qei.org.au/wp-content/uploads/2019/04/QEI014-Website-Icon-Keratoconus.svg [777/777] -> "raw-site/qei.org.au/wp-content/uploads/2019/04/QEI014-Website-Icon-Keratoconus.svg" [1]
2026-08-31 09:52:38 URL:https://qei.org.au/wp-content/uploads/2019/04/QEI014-Website-Icon-Glaucoma.svg [1520/1520] -> "raw-site/qei.org.au/wp-content/uploads/2019/04/QEI014-Website-Icon-Glaucoma.svg" [1]
2026-08-31 09:52:38 URL:https://qei.org.au/wp-content/uploads/2019/04/QEI014-Website-Icon-Dry-Eye.svg [2978/2978] -> "raw-site/qei.org.au/wp-content/uploads/2019/04/QEI014-Website-Icon-Dry-Eye.svg" [1]
2026-08-31 09:52:39 URL:https://qei.org.au/wp-content/uploads/2019/04/QEI014-Website-Icon-Diabetic-Retinopathy.svg [1660/1660] -> "raw-site/qei.org.au/wp-content/uploads/2019/04/QEI014-Website-Icon-Diabetic-Retinopathy.svg" [1]
2026-08-31 09:52:39 URL:https://qei.org.au/wp-content/uploads/2019/04/QEI014-Website-Icon-Cataracts3.svg [1429/1429] -> "raw-site/qei.org.au/wp-content/uploads/2019/04/QEI014-Website-Icon-Cataracts3.svg" [1]
2026-08-31 09:52:40 URL:https://qei.org.au/wp-content/uploads/2019/04/QEI014-Website-Icon-AMD4.svg [1601/1601] -> "raw-site/qei.org.au/wp-content/uploads/2019/04/QEI014-Website-Icon-AMD4.svg" [1]
https://qei.org.au/wp-content/themes/qei/css/owl.video.play.png:
2026-08-31 09:52:41 ERROR 404: Not Found.
https://qei.org.au/wp-content/themes/qei/fonts/slick.eot:
2026-08-31 09:52:42 ERROR 404: Not Found.
https://qei.org.au/wp-content/themes/qei/fonts/slick.eot?:
2026-08-31 09:52:44 ERROR 404: Not Found.
https://qei.org.au/wp-content/themes/qei/fonts/slick.woff:
2026-08-31 09:52:45 ERROR 404: Not Found.
https://qei.org.au/wp-content/themes/qei/fonts/slick.ttf:
2026-08-31 09:52:46 ERROR 404: Not Found.
https://qei.org.au/wp-content/themes/qei/fonts/slick.svg:
2026-08-31 09:52:48 ERROR 404: Not Found.
2026-08-31 09:52:48 URL:https://qei.org.au/eye-conditions/age-related-macular-degeneration/ [123266] -> "raw-site/qei.org.au/eye-conditions/age-related-macular-degeneration/index.html" [1]
2026-08-31 09:52:49 URL:https://qei.org.au/wp-content/themes/qei/css/custom-styles.css?ver=1788162567 [140055/140055] -> "raw-site/qei.org.au/wp-content/themes/qei/css/custom-styles.css@ver=1788162567.css" [1]
https://qei.org.au/wp-content/themes/qei/css/owl.video.play.png:
2026-08-31 09:52:50 ERROR 404: Not Found.
https://qei.org.au/wp-content/themes/qei/fonts/slick.eot:
2026-08-31 09:52:51 ERROR 404: Not Found.
https://qei.org.au/wp-content/themes/qei/fonts/slick.eot?:
2026-08-31 09:52:53 ERROR 404: Not Found.
https://qei.org.au/wp-content/themes/qei/fonts/slick.woff:
2026-08-31 09:52:54 ERROR 404: Not Found.
https://qei.org.au/wp-content/themes/qei/fonts/slick.ttf:
2026-08-31 09:52:55 ERROR 404: Not Found.
https://qei.org.au/wp-content/themes/qei/fonts/slick.svg:
2026-08-31 09:52:57 ERROR 404: Not Found.
2026-08-31 09:52:57 URL:https://qei.org.au/eye-conditions/cataracts/ [115043] -> "raw-site/qei.org.au/eye-conditions/cataracts/index.html" [1]
2026-08-31 09:52:58 URL:https://qei.org.au/wp-content/themes/qei/css/custom-styles.css?ver=1788162569 [140055/140055] -> "raw-site/qei.org.au/wp-content/themes/qei/css/custom-styles.css@ver=1788162569.css" [1]
https://qei.org.au/wp-content/themes/qei/css/owl.video.play.png:
2026-08-31 09:52:59 ERROR 404: Not Found.
https://qei.org.au/wp-content/themes/qei/fonts/slick.eot:
2026-08-31 09:53:00 ERROR 404: Not Found.
https://qei.org.au/wp-content/themes/qei/fonts/slick.eot?:
2026-08-31 09:53:02 ERROR 404: Not Found.
https://qei.org.au/wp-content/themes/qei/fonts/slick.woff:
2026-08-31 09:53:03 ERROR 404: Not Found.
https://qei.org.au/wp-content/themes/qei/fonts/slick.ttf:
2026-08-31 09:53:04 ERROR 404: Not Found.
https://qei.org.au/wp-content/themes/qei/fonts/slick.svg:
2026-08-31 09:53:06 ERROR 404: Not Found.
2026-08-31 09:53:06 URL:https://qei.org.au/eye-conditions/corneal-scarring/ [110378] -> "raw-site/qei.org.au/eye-conditions/corneal-scarring/index.html" [1]
2026-08-31 09:53:07 URL:https://qei.org.au/wp-content/themes/qei/css/custom-styles.css?ver=1788144653 [140055/140055] -> "raw-site/qei.org.au/wp-content/themes/qei/css/custom-styles.css@ver=1788144653.css" [1]
https://qei.org.au/wp-content/themes/qei/css/owl.video.play.png:
2026-08-31 09:53:08 ERROR 404: Not Found.
https://qei.org.au/wp-content/themes/qei/fonts/slick.eot:
2026-08-31 09:53:09 ERROR 404: Not Found.
https://qei.org.au/wp-content/themes/qei/fonts/slick.eot?:
2026-08-31 09:53:11 ERROR 404: Not Found.
https://qei.org.au/wp-content/themes/qei/fonts/slick.woff:
2026-08-31 09:53:12 ERROR 404: Not Found.
https://qei.org.au/wp-content/themes/qei/fonts/slick.ttf:
2026-08-31 09:53:14 ERROR 404: Not Found.
https://qei.org.au/wp-content/themes/qei/fonts/slick.svg:
2026-08-31 09:53:15 ERROR 404: Not Found.
2026-08-31 09:53:15 URL:https://qei.org.au/eye-conditions/diabetic-ratinopathy/ [115165] -> "raw-site/qei.org.au/eye-conditions/diabetic-ratinopathy/index.html" [1]
2026-08-31 09:53:16 URL:https://qei.org.au/wp-content/themes/qei/css/custom-styles.css?ver=1788162572 [140055/140055] -> "raw-site/qei.org.au/wp-content/themes/qei/css/custom-styles.css@ver=1788162572.css" [1]
https://qei.org.au/wp-content/themes/qei/css/owl.video.play.png:
2026-08-31 09:53:17 ERROR 404: Not Found.
https://qei.org.au/wp-content/themes/qei/fonts/slick.eot:
2026-08-31 09:53:19 ERROR 404: Not Found.
https://qei.org.au/wp-content/themes/qei/fonts/slick.eot?:
2026-08-31 09:53:20 ERROR 404: Not Found.
https://qei.org.au/wp-content/themes/qei/fonts/slick.woff:
2026-08-31 09:53:21 ERROR 404: Not Found.
https://qei.org.au/wp-content/themes/qei/fonts/slick.ttf:
2026-08-31 09:53:22 ERROR 404: Not Found.
https://qei.org.au/wp-content/themes/qei/fonts/slick.svg:
2026-08-31 09:53:24 ERROR 404: Not Found.
2026-08-31 09:53:24 URL:https://qei.org.au/eye-conditions/dry-eye/ [111578] -> "raw-site/qei.org.au/eye-conditions/dry-eye/index.html" [1]
2026-08-31 09:53:25 URL:https://qei.org.au/wp-content/themes/qei/css/custom-styles.css?ver=1788162756 [140055/140055] -> "raw-site/qei.org.au/wp-content/themes/qei/css/custom-styles.css@ver=1788162756.css" [1]
https://qei.org.au/wp-content/themes/qei/css/owl.video.play.png:
2026-08-31 09:53:26 ERROR 404: Not Found.
https://qei.org.au/wp-content/themes/qei/fonts/slick.eot:
2026-08-31 09:53:28 ERROR 404: Not Found.
https://qei.org.au/wp-content/themes/qei/fonts/slick.eot?:
2026-08-31 09:53:29 ERROR 404: Not Found.
https://qei.org.au/wp-content/themes/qei/fonts/slick.woff:
2026-08-31 09:53:30 ERROR 404: Not Found.
https://qei.org.au/wp-content/themes/qei/fonts/slick.ttf:
2026-08-31 09:53:32 ERROR 404: Not Found.
https://qei.org.au/wp-content/themes/qei/fonts/slick.svg:
2026-08-31 09:53:33 ERROR 404: Not Found.
2026-08-31 09:53:33 URL:https://qei.org.au/eye-conditions/fuchs-endothelial-dystrophy/ [113829] -> "raw-site/qei.org.au/eye-conditions/fuchs-endothelial-dystrophy/index.html" [1]
2026-08-31 09:53:34 URL:https://qei.org.au/wp-content/themes/qei/css/custom-styles.css?ver=1788162762 [140055/140055] -> "raw-site/qei.org.au/wp-content/themes/qei/css/custom-styles.css@ver=1788162762.css" [1]
https://qei.org.au/wp-content/themes/qei/css/owl.video.play.png:
2026-08-31 09:53:35 ERROR 404: Not Found.
https://qei.org.au/wp-content/themes/qei/fonts/slick.eot:
2026-08-31 09:53:37 ERROR 404: Not Found.
https://qei.org.au/wp-content/themes/qei/fonts/slick.eot?:
2026-08-31 09:53:38 ERROR 404: Not Found.
https://qei.org.au/wp-content/themes/qei/fonts/slick.woff:
2026-08-31 09:53:39 ERROR 404: Not Found.
https://qei.org.au/wp-content/themes/qei/fonts/slick.ttf:
2026-08-31 09:53:41 ERROR 404: Not Found.
https://qei.org.au/wp-content/themes/qei/fonts/slick.svg:
2026-08-31 09:53:42 ERROR 404: Not Found.
2026-08-31 09:53:43 URL:https://qei.org.au/eye-conditions/glaucoma/ [121406] -> "raw-site/qei.org.au/eye-conditions/glaucoma/index.html" [1]
2026-08-31 09:53:43 URL:https://qei.org.au/wp-content/themes/qei/css/custom-styles.css?ver=1788162835 [140055/140055] -> "raw-site/qei.org.au/wp-content/themes/qei/css/custom-styles.css@ver=1788162835.css" [1]
2026-08-31 09:53:44 URL:https://qei.org.au/wp-content/uploads/2022/04/Glaucoma.jpeg [2111571/2111571] -> "raw-site/qei.org.au/wp-content/uploads/2022/04/Glaucoma.jpeg" [1]
2026-08-31 09:53:44 URL:https://qei.org.au/wp-content/uploads/2022/04/Glaucoma-300x200.jpeg [13714/13714] -> "raw-site/qei.org.au/wp-content/uploads/2022/04/Glaucoma-300x200.jpeg" [1]
2026-08-31 09:53:45 URL:https://qei.org.au/wp-content/uploads/2022/04/Glaucoma-768x512.jpeg [57305/57305] -> "raw-site/qei.org.au/wp-content/uploads/2022/04/Glaucoma-768x512.jpeg" [1]
2026-08-31 09:53:45 URL:https://qei.org.au/wp-content/uploads/2022/04/Glaucoma-1024x683.jpeg [89896/89896] -> "raw-site/qei.org.au/wp-content/uploads/2022/04/Glaucoma-1024x683.jpeg" [1]
2026-08-31 09:53:46 URL:https://qei.org.au/wp-content/uploads/2022/04/Glaucoma-1430x953.jpeg [147313/147313] -> "raw-site/qei.org.au/wp-content/uploads/2022/04/Glaucoma-1430x953.jpeg" [1]
2026-08-31 09:53:46 URL:https://qei.org.au/wp-content/uploads/2022/04/Glaucoma-800x533.jpeg [62017/62017] -> "raw-site/qei.org.au/wp-content/uploads/2022/04/Glaucoma-800x533.jpeg" [1]
2026-08-31 09:53:47 URL:https://qei.org.au/wp-content/uploads/2022/04/Glaucoma-400x267.jpeg [21135/21135] -> "raw-site/qei.org.au/wp-content/uploads/2022/04/Glaucoma-400x267.jpeg" [1]
https://qei.org.au/wp-content/themes/qei/css/owl.video.play.png:
2026-08-31 09:53:48 ERROR 404: Not Found.
https://qei.org.au/wp-content/themes/qei/fonts/slick.eot:
2026-08-31 09:53:50 ERROR 404: Not Found.
https://qei.org.au/wp-content/themes/qei/fonts/slick.eot?:
2026-08-31 09:53:51 ERROR 404: Not Found.
https://qei.org.au/wp-content/themes/qei/fonts/slick.woff:
2026-08-31 09:53:52 ERROR 404: Not Found.
https://qei.org.au/wp-content/themes/qei/fonts/slick.ttf:
2026-08-31 09:53:54 ERROR 404: Not Found.
https://qei.org.au/wp-content/themes/qei/fonts/slick.svg:
2026-08-31 09:53:55 ERROR 404: Not Found.
2026-08-31 09:53:56 URL:https://qei.org.au/eye-conditions/keratoconus/ [111921] -> "raw-site/qei.org.au/eye-conditions/keratoconus/index.html" [1]
2026-08-31 09:53:56 URL:https://qei.org.au/wp-content/themes/qei/css/custom-styles.css?ver=1788162759 [140055/140055] -> "raw-site/qei.org.au/wp-content/themes/qei/css/custom-styles.css@ver=1788162759.css" [1]
https://qei.org.au/wp-content/themes/qei/css/owl.video.play.png:
2026-08-31 09:53:58 ERROR 404: Not Found.
https://qei.org.au/wp-content/themes/qei/fonts/slick.eot:
2026-08-31 09:53:59 ERROR 404: Not Found.
https://qei.org.au/wp-content/themes/qei/fonts/slick.eot?:
2026-08-31 09:54:00 ERROR 404: Not Found.
https://qei.org.au/wp-content/themes/qei/fonts/slick.woff:
2026-08-31 09:54:01 ERROR 404: Not Found.
https://qei.org.au/wp-content/themes/qei/fonts/slick.ttf:
2026-08-31 09:54:03 ERROR 404: Not Found.
https://qei.org.au/wp-content/themes/qei/fonts/slick.svg:
2026-08-31 09:54:04 ERROR 404: Not Found.
2026-08-31 09:54:05 URL:https://qei.org.au/eye-conditions/pterygium/ [113128] -> "raw-site/qei.org.au/eye-conditions/pterygium/index.html" [1]
2026-08-31 09:54:05 URL:https://qei.org.au/wp-content/themes/qei/css/custom-styles.css?ver=1788137319 [140055/140055] -> "raw-site/qei.org.au/wp-content/themes/qei/css/custom-styles.css@ver=1788137319.css" [1]
https://qei.org.au/wp-content/themes/qei/css/owl.video.play.png:
2026-08-31 09:54:07 ERROR 404: Not Found.
https://qei.org.au/wp-content/themes/qei/fonts/slick.eot:
2026-08-31 09:54:08 ERROR 404: Not Found.
https://qei.org.au/wp-content/themes/qei/fonts/slick.eot?:
2026-08-31 09:54:09 ERROR 404: Not Found.
https://qei.org.au/wp-content/themes/qei/fonts/slick.woff:
2026-08-31 09:54:11 ERROR 404: Not Found.
https://qei.org.au/wp-content/themes/qei/fonts/slick.ttf:
2026-08-31 09:54:12 ERROR 404: Not Found.
https://qei.org.au/wp-content/themes/qei/fonts/slick.svg:
2026-08-31 09:54:14 ERROR 404: Not Found.
2026-08-31 09:54:14 URL:https://qei.org.au/eye-conditions/retinal-tear-and-detachment/ [116698] -> "raw-site/qei.org.au/eye-conditions/retinal-tear-and-detachment/index.html" [1]
2026-08-31 09:54:15 URL:https://qei.org.au/wp-content/themes/qei/css/custom-styles.css?ver=1788144604 [140055/140055] -> "raw-site/qei.org.au/wp-content/themes/qei/css/custom-styles.css@ver=1788144604.css" [1]
https://qei.org.au/wp-content/themes/qei/css/owl.video.play.png:
2026-08-31 09:54:16 ERROR 404: Not Found.
https://qei.org.au/wp-content/themes/qei/fonts/slick.eot:
2026-08-31 09:54:18 ERROR 404: Not Found.
https://qei.org.au/wp-content/themes/qei/fonts/slick.eot?:
2026-08-31 09:54:19 ERROR 404: Not Found.
https://qei.org.au/wp-content/themes/qei/fonts/slick.woff:
2026-08-31 09:54:20 ERROR 404: Not Found.
https://qei.org.au/wp-content/themes/qei/fonts/slick.ttf:
2026-08-31 09:54:22 ERROR 404: Not Found.
https://qei.org.au/wp-content/themes/qei/fonts/slick.svg:
2026-08-31 09:54:23 ERROR 404: Not Found.
2026-08-31 09:54:23 URL:https://qei.org.au/eye-conditions/stargardt-disease/ [111523] -> "raw-site/qei.org.au/eye-conditions/stargardt-disease/index.html" [1]
2026-08-31 09:54:24 URL:https://qei.org.au/wp-content/themes/qei/css/custom-styles.css?ver=1788162885 [140055/140055] -> "raw-site/qei.org.au/wp-content/themes/qei/css/custom-styles.css@ver=1788162885.css" [1]
https://qei.org.au/wp-content/themes/qei/css/owl.video.play.png:
2026-08-31 09:54:25 ERROR 404: Not Found.
https://qei.org.au/wp-content/themes/qei/fonts/slick.eot:
2026-08-31 09:54:27 ERROR 404: Not Found.
https://qei.org.au/wp-content/themes/qei/fonts/slick.eot?:
2026-08-31 09:54:28 ERROR 404: Not Found.
https://qei.org.au/wp-content/themes/qei/fonts/slick.woff:
2026-08-31 09:54:29 ERROR 404: Not Found.
https://qei.org.au/wp-content/themes/qei/fonts/slick.ttf:
2026-08-31 09:54:31 ERROR 404: Not Found.
https://qei.org.au/wp-content/themes/qei/fonts/slick.svg:
2026-08-31 09:54:32 ERROR 404: Not Found.
2026-08-31 09:54:32 URL:https://qei.org.au/eye-conditions/thyroid-eye-disease/ [113065] -> "raw-site/qei.org.au/eye-conditions/thyroid-eye-disease/index.html" [1]
2026-08-31 09:54:33 URL:https://qei.org.au/wp-content/themes/qei/css/custom-styles.css?ver=1788162891 [140055/140055] -> "raw-site/qei.org.au/wp-content/themes/qei/css/custom-styles.css@ver=1788162891.css" [1]
https://qei.org.au/wp-content/themes/qei/css/owl.video.play.png:
2026-08-31 09:54:34 ERROR 404: Not Found.
https://qei.org.au/wp-content/themes/qei/fonts/slick.eot:
2026-08-31 09:54:36 ERROR 404: Not Found.
https://qei.org.au/wp-content/themes/qei/fonts/slick.eot?:
2026-08-31 09:54:37 ERROR 404: Not Found.
https://qei.org.au/wp-content/themes/qei/fonts/slick.woff:
2026-08-31 09:54:38 ERROR 404: Not Found.
https://qei.org.au/wp-content/themes/qei/fonts/slick.ttf:
2026-08-31 09:54:40 ERROR 404: Not Found.
https://qei.org.au/wp-content/themes/qei/fonts/slick.svg:
2026-08-31 09:54:41 ERROR 404: Not Found.
2026-08-31 09:54:41 URL:https://qei.org.au/fundraising-registration-form/ [107516] -> "raw-site/qei.org.au/fundraising-registration-form/index.html" [1]
2026-08-31 09:54:42 URL:https://qei.org.au/wp-content/themes/qei/css/custom-styles.css?ver=1788169717 [140055/140055] -> "raw-site/qei.org.au/wp-content/themes/qei/css/custom-styles.css@ver=1788169717.css" [1]
https://qei.org.au/wp-content/themes/qei/css/owl.video.play.png:
2026-08-31 09:54:43 ERROR 404: Not Found.
https://qei.org.au/wp-content/themes/qei/fonts/slick.eot:
2026-08-31 09:54:45 ERROR 404: Not Found.
https://qei.org.au/wp-content/themes/qei/fonts/slick.eot?:
2026-08-31 09:54:46 ERROR 404: Not Found.
https://qei.org.au/wp-content/themes/qei/fonts/slick.woff:
2026-08-31 09:54:47 ERROR 404: Not Found.
https://qei.org.au/wp-content/themes/qei/fonts/slick.ttf:
2026-08-31 09:54:49 ERROR 404: Not Found.
https://qei.org.au/wp-content/themes/qei/fonts/slick.svg:
2026-08-31 09:54:50 ERROR 404: Not Found.
2026-08-31 09:54:51 URL:https://qei.org.au/information-consent-form/ [140766] -> "raw-site/qei.org.au/information-consent-form/index.html" [1]
2026-08-31 09:54:51 URL:https://qei.org.au/wp-content/themes/qei/css/custom-styles.css?ver=1788162898 [140055/140055] -> "raw-site/qei.org.au/wp-content/themes/qei/css/custom-styles.css@ver=1788162898.css" [1]
2026-08-31 09:54:52 URL:https://qei.org.au/wp-content/plugins/gravityformssignature/assets/css/dist/theme.min.css?ver=4.9.0 [1463/1463] -> "raw-site/qei.org.au/wp-content/plugins/gravityformssignature/assets/css/dist/theme.min.css@ver=4.9.0.css" [1]
2026-08-31 09:54:52 URL:https://qei.org.au/wp-content/uploads/2023/08/consent-form_web.jpg [46415/46415] -> "raw-site/qei.org.au/wp-content/uploads/2023/08/consent-form_web.jpg" [1]
2026-08-31 09:54:53 URL:https://qei.org.au/wp-content/plugins/gravityformssignature/assets/img/pen.cur [4286/4286] -> "raw-site/qei.org.au/wp-content/plugins/gravityformssignature/assets/img/pen.cur.html" [1]
2026-08-31 09:54:53 URL:https://qei.org.au/wp-content/plugins/gravityformssignature/assets/js/dist/vendor-theme.min.js?ver=4.9.0 [32127/32127] -> "raw-site/qei.org.au/wp-content/plugins/gravityformssignature/assets/js/dist/vendor-theme.min.js@ver=4.9.0" [1]
2026-08-31 09:54:54 URL:https://qei.org.au/wp-content/plugins/gravityformssignature/assets/js/dist/scripts-theme.min.js?ver=4.9.0 [10588/10588] -> "raw-site/qei.org.au/wp-content/plugins/gravityformssignature/assets/js/dist/scripts-theme.min.js@ver=4.9.0" [1]
https://qei.org.au/wp-content/themes/qei/css/owl.video.play.png:
2026-08-31 09:54:55 ERROR 404: Not Found.
https://qei.org.au/wp-content/themes/qei/fonts/slick.eot:
2026-08-31 09:54:57 ERROR 404: Not Found.
https://qei.org.au/wp-content/themes/qei/fonts/slick.eot?:
2026-08-31 09:54:58 ERROR 404: Not Found.
https://qei.org.au/wp-content/themes/qei/fonts/slick.woff:
2026-08-31 09:54:59 ERROR 404: Not Found.
https://qei.org.au/wp-content/themes/qei/fonts/slick.ttf:
2026-08-31 09:55:01 ERROR 404: Not Found.
https://qei.org.au/wp-content/themes/qei/fonts/slick.svg:
2026-08-31 09:55:02 ERROR 404: Not Found.
2026-08-31 09:55:03 URL:https://qei.org.au/make-donation/ [144112] -> "raw-site/qei.org.au/make-donation/index.html" [1]
2026-08-31 09:55:03 URL:https://qei.org.au/wp-content/themes/qei/css/custom-styles.css?ver=1788151775 [140055/140055] -> "raw-site/qei.org.au/wp-content/themes/qei/css/custom-styles.css@ver=1788151775.css" [1]
https://qei.org.au/wp-content/themes/qei/css/owl.video.play.png:
2026-08-31 09:55:05 ERROR 404: Not Found.
https://qei.org.au/wp-content/themes/qei/fonts/slick.eot:
2026-08-31 09:55:06 ERROR 404: Not Found.
https://qei.org.au/wp-content/themes/qei/fonts/slick.eot?:
2026-08-31 09:55:07 ERROR 404: Not Found.
https://qei.org.au/wp-content/themes/qei/fonts/slick.woff:
2026-08-31 09:55:09 ERROR 404: Not Found.
https://qei.org.au/wp-content/themes/qei/fonts/slick.ttf:
2026-08-31 09:55:10 ERROR 404: Not Found.
https://qei.org.au/wp-content/themes/qei/fonts/slick.svg:
2026-08-31 09:55:11 ERROR 404: Not Found.
2026-08-31 09:55:12 URL:https://qei.org.au/news/5-minutes-with-dr-brendan-cronin/ [114201] -> "raw-site/qei.org.au/news/5-minutes-with-dr-brendan-cronin/index.html" [1]
2026-08-31 09:55:12 URL:https://qei.org.au/wp-content/themes/qei/css/custom-styles.css?ver=1788163402 [140055/140055] -> "raw-site/qei.org.au/wp-content/themes/qei/css/custom-styles.css@ver=1788163402.css" [1]
2026-08-31 09:55:13 URL:https://qei.org.au/wp-content/uploads/2020/05/Dr-Brendan-Cronin-3-1430x1430.jpg [205733/205733] -> "raw-site/qei.org.au/wp-content/uploads/2020/05/Dr-Brendan-Cronin-3-1430x1430.jpg" [1]
https://qei.org.au/wp-content/themes/qei/css/owl.video.play.png:
2026-08-31 09:55:14 ERROR 404: Not Found.
https://qei.org.au/wp-content/themes/qei/fonts/slick.eot:
2026-08-31 09:55:15 ERROR 404: Not Found.
https://qei.org.au/wp-content/themes/qei/fonts/slick.eot?:
2026-08-31 09:55:17 ERROR 404: Not Found.
https://qei.org.au/wp-content/themes/qei/fonts/slick.woff:
2026-08-31 09:55:18 ERROR 404: Not Found.
https://qei.org.au/wp-content/themes/qei/fonts/slick.ttf:
2026-08-31 09:55:20 ERROR 404: Not Found.
https://qei.org.au/wp-content/themes/qei/fonts/slick.svg:
2026-08-31 09:55:21 ERROR 404: Not Found.
2026-08-31 09:55:21 URL:https://qei.org.au/news/5-minutes-with-dr-sharma/ [114861] -> "raw-site/qei.org.au/news/5-minutes-with-dr-sharma/index.html" [1]
2026-08-31 09:55:22 URL:https://qei.org.au/wp-content/themes/qei/css/custom-styles.css?ver=1788163394 [140055/140055] -> "raw-site/qei.org.au/wp-content/themes/qei/css/custom-styles.css@ver=1788163394.css" [1]
2026-08-31 09:55:22 URL:https://qei.org.au/wp-content/uploads/2019/02/abbhishek-sharma.png [24900/24900] -> "raw-site/qei.org.au/wp-content/uploads/2019/02/abbhishek-sharma.png" [1]
https://qei.org.au/wp-content/themes/qei/css/owl.video.play.png:
2026-08-31 09:55:24 ERROR 404: Not Found.
https://qei.org.au/wp-content/themes/qei/fonts/slick.eot:
2026-08-31 09:55:25 ERROR 404: Not Found.
https://qei.org.au/wp-content/themes/qei/fonts/slick.eot?:
2026-08-31 09:55:26 ERROR 404: Not Found.
https://qei.org.au/wp-content/themes/qei/fonts/slick.woff:
2026-08-31 09:55:28 ERROR 404: Not Found.
https://qei.org.au/wp-content/themes/qei/fonts/slick.ttf:
2026-08-31 09:55:29 ERROR 404: Not Found.
https://qei.org.au/wp-content/themes/qei/fonts/slick.svg:
2026-08-31 09:55:30 ERROR 404: Not Found.
2026-08-31 09:55:31 URL:https://qei.org.au/news/5-minutes-with-professor-ravi-thomas/ [115098] -> "raw-site/qei.org.au/news/5-minutes-with-professor-ravi-thomas/index.html" [1]
2026-08-31 09:55:31 URL:https://qei.org.au/wp-content/themes/qei/css/custom-styles.css?ver=1788163405 [140055/140055] -> "raw-site/qei.org.au/wp-content/themes/qei/css/custom-styles.css@ver=1788163405.css" [1]
2026-08-31 09:55:32 URL:https://qei.org.au/wp-content/uploads/2020/04/Ravi-Thomas.jpg [256199/256199] -> "raw-site/qei.org.au/wp-content/uploads/2020/04/Ravi-Thomas.jpg" [1]
https://qei.org.au/wp-content/themes/qei/css/owl.video.play.png:
2026-08-31 09:55:33 ERROR 404: Not Found.
https://qei.org.au/wp-content/themes/qei/fonts/slick.eot:
2026-08-31 09:55:34 ERROR 404: Not Found.
https://qei.org.au/wp-content/themes/qei/fonts/slick.eot?:
2026-08-31 09:55:35 ERROR 404: Not Found.
https://qei.org.au/wp-content/themes/qei/fonts/slick.woff:
2026-08-31 09:55:37 ERROR 404: Not Found.
https://qei.org.au/wp-content/themes/qei/fonts/slick.ttf:
2026-08-31 09:55:38 ERROR 404: Not Found.
https://qei.org.au/wp-content/themes/qei/fonts/slick.svg:
2026-08-31 09:55:39 ERROR 404: Not Found.
2026-08-31 09:55:40 URL:https://qei.org.au/news/53-years-of-research/ [119072] -> "raw-site/qei.org.au/news/53-years-of-research/index.html" [1]
2026-08-31 09:55:40 URL:https://qei.org.au/wp-content/themes/qei/css/custom-styles.css?ver=1788163408 [140055/140055] -> "raw-site/qei.org.au/wp-content/themes/qei/css/custom-styles.css@ver=1788163408.css" [1]
2026-08-31 09:55:41 URL:https://qei.org.au/wp-content/uploads/2019/02/history-banner1-e1553741755336.png [110258/110258] -> "raw-site/qei.org.au/wp-content/uploads/2019/02/history-banner1-e1553741755336.png" [1]
https://qei.org.au/wp-content/themes/qei/css/owl.video.play.png:
2026-08-31 09:55:42 ERROR 404: Not Found.
https://qei.org.au/wp-content/themes/qei/fonts/slick.eot:
2026-08-31 09:55:44 ERROR 404: Not Found.
https://qei.org.au/wp-content/themes/qei/fonts/slick.eot?:
2026-08-31 09:55:45 ERROR 404: Not Found.
https://qei.org.au/wp-content/themes/qei/fonts/slick.woff:
2026-08-31 09:55:46 ERROR 404: Not Found.
https://qei.org.au/wp-content/themes/qei/fonts/slick.ttf:
2026-08-31 09:55:47 ERROR 404: Not Found.
https://qei.org.au/wp-content/themes/qei/fonts/slick.svg:
2026-08-31 09:55:49 ERROR 404: Not Found.
2026-08-31 09:55:49 URL:https://qei.org.au/news/a-new-device-may-improve-lazy-eye/ [115273] -> "raw-site/qei.org.au/news/a-new-device-may-improve-lazy-eye/index.html" [1]
2026-08-31 09:55:50 URL:https://qei.org.au/wp-content/themes/qei/css/custom-styles.css?ver=1788163425 [140055/140055] -> "raw-site/qei.org.au/wp-content/themes/qei/css/custom-styles.css@ver=1788163425.css" [1]
https://qei.org.au/wp-content/themes/qei/css/owl.video.play.png:
2026-08-31 09:55:51 ERROR 404: Not Found.
https://qei.org.au/wp-content/themes/qei/fonts/slick.eot:
2026-08-31 09:55:52 ERROR 404: Not Found.
https://qei.org.au/wp-content/themes/qei/fonts/slick.eot?:
2026-08-31 09:55:54 ERROR 404: Not Found.
https://qei.org.au/wp-content/themes/qei/fonts/slick.woff:
2026-08-31 09:55:55 ERROR 404: Not Found.
https://qei.org.au/wp-content/themes/qei/fonts/slick.ttf:
2026-08-31 09:55:56 ERROR 404: Not Found.
https://qei.org.au/wp-content/themes/qei/fonts/slick.svg:
2026-08-31 09:55:58 ERROR 404: Not Found.
2026-08-31 09:55:58 URL:https://qei.org.au/news/a-new-grant-hopes-to-bring-improved-rare-eye-cancer-treatment/ [115906] -> "raw-site/qei.org.au/news/a-new-grant-hopes-to-bring-improved-rare-eye-cancer-treatment/index.html" [1]
2026-08-31 09:55:59 URL:https://qei.org.au/wp-content/themes/qei/css/custom-styles.css?ver=1788137449 [140055/140055] -> "raw-site/qei.org.au/wp-content/themes/qei/css/custom-styles.css@ver=1788137449.css" [1]
2026-08-31 09:55:59 URL:https://qei.org.au/wp-content/uploads/2022/08/Lightened-up-Professor-Justine-Smith-and-Professor-Mark-Radford.png [1093389/1093389] -> "raw-site/qei.org.au/wp-content/uploads/2022/08/Lightened-up-Professor-Justine-Smith-and-Professor-Mark-Radford.png" [1]
2026-08-31 09:56:00 URL:https://qei.org.au/wp-content/uploads/2022/08/Lightened-up-Professor-Justine-Smith-and-Professor-Mark-Radford-300x284.png [159132/159132] -> "raw-site/qei.org.au/wp-content/uploads/2022/08/Lightened-up-Professor-Justine-Smith-and-Professor-Mark-Radford-300x284.png" [1]
2026-08-31 09:56:00 URL:https://qei.org.au/wp-content/uploads/2022/08/Lightened-up-Professor-Justine-Smith-and-Professor-Mark-Radford-317x300.png [177660/177660] -> "raw-site/qei.org.au/wp-content/uploads/2022/08/Lightened-up-Professor-Justine-Smith-and-Professor-Mark-Radford-317x300.png" [1]
https://qei.org.au/wp-content/themes/qei/css/owl.video.play.png:
2026-08-31 09:56:01 ERROR 404: Not Found.
https://qei.org.au/wp-content/themes/qei/fonts/slick.eot:
2026-08-31 09:56:03 ERROR 404: Not Found.
https://qei.org.au/wp-content/themes/qei/fonts/slick.eot?:
2026-08-31 09:56:04 ERROR 404: Not Found.
https://qei.org.au/wp-content/themes/qei/fonts/slick.woff:
2026-08-31 09:56:05 ERROR 404: Not Found.
https://qei.org.au/wp-content/themes/qei/fonts/slick.ttf:
2026-08-31 09:56:07 ERROR 404: Not Found.
https://qei.org.au/wp-content/themes/qei/fonts/slick.svg:
2026-08-31 09:56:08 ERROR 404: Not Found.
2026-08-31 09:56:09 URL:https://qei.org.au/news/a-new-home-for-queensland-eye-institute/ [115281] -> "raw-site/qei.org.au/news/a-new-home-for-queensland-eye-institute/index.html" [1]
2026-08-31 09:56:09 URL:https://qei.org.au/wp-content/themes/qei/css/custom-styles.css?ver=1788133903 [140055/140055] -> "raw-site/qei.org.au/wp-content/themes/qei/css/custom-styles.css@ver=1788133903.css" [1]
2026-08-31 09:56:10 URL:https://qei.org.au/wp-content/uploads/2023/11/QEI-clinic-administration-team-1430x953.jpg [165262/165262] -> "raw-site/qei.org.au/wp-content/uploads/2023/11/QEI-clinic-administration-team-1430x953.jpg" [1]
2026-08-31 09:56:10 URL:https://qei.org.au/wp-content/uploads/2023/11/87_Ipswich_aerial.jpg [143493/143493] -> "raw-site/qei.org.au/wp-content/uploads/2023/11/87_Ipswich_aerial.jpg" [1]
2026-08-31 09:56:11 URL:https://qei.org.au/wp-content/uploads/2023/11/87_Ipswich_aerial-300x200.jpg [18561/18561] -> "raw-site/qei.org.au/wp-content/uploads/2023/11/87_Ipswich_aerial-300x200.jpg" [1]
2026-08-31 09:56:11 URL:https://qei.org.au/wp-content/uploads/2023/11/87_Ipswich_aerial-768x511.jpg [87985/87985] -> "raw-site/qei.org.au/wp-content/uploads/2023/11/87_Ipswich_aerial-768x511.jpg" [1]
2026-08-31 09:56:12 URL:https://qei.org.au/wp-content/uploads/2023/11/87_Ipswich_aerial-800x533.jpg [94493/94493] -> "raw-site/qei.org.au/wp-content/uploads/2023/11/87_Ipswich_aerial-800x533.jpg" [1]
2026-08-31 09:56:12 URL:https://qei.org.au/wp-content/uploads/2023/11/87_Ipswich_aerial-400x266.jpg [30287/30287] -> "raw-site/qei.org.au/wp-content/uploads/2023/11/87_Ipswich_aerial-400x266.jpg" [1]
https://qei.org.au/wp-content/themes/qei/css/owl.video.play.png:
2026-08-31 09:56:13 ERROR 404: Not Found.
https://qei.org.au/wp-content/themes/qei/fonts/slick.eot:
2026-08-31 09:56:15 ERROR 404: Not Found.
https://qei.org.au/wp-content/themes/qei/fonts/slick.eot?:
2026-08-31 09:56:16 ERROR 404: Not Found.
https://qei.org.au/wp-content/themes/qei/fonts/slick.woff:
2026-08-31 09:56:17 ERROR 404: Not Found.
https://qei.org.au/wp-content/themes/qei/fonts/slick.ttf:
2026-08-31 09:56:19 ERROR 404: Not Found.
https://qei.org.au/wp-content/themes/qei/fonts/slick.svg:
2026-08-31 09:56:20 ERROR 404: Not Found.
2026-08-31 09:56:21 URL:https://qei.org.au/news/advances-in-vitreoretinal-surgery/ [117453] -> "raw-site/qei.org.au/news/advances-in-vitreoretinal-surgery/index.html" [1]
2026-08-31 09:56:21 URL:https://qei.org.au/wp-content/themes/qei/css/custom-styles.css?ver=1788137499 [140055/140055] -> "raw-site/qei.org.au/wp-content/themes/qei/css/custom-styles.css@ver=1788137499.css" [1]
2026-08-31 09:56:22 URL:https://qei.org.au/wp-content/uploads/2025/08/sbdhlisting-1-1430x1430.jpg [248542/248542] -> "raw-site/qei.org.au/wp-content/uploads/2025/08/sbdhlisting-1-1430x1430.jpg" [1]
2026-08-31 09:56:22 URL:https://qei.org.au/wp-content/uploads/2025/08/Surgical-instruments.png [487517/487517] -> "raw-site/qei.org.au/wp-content/uploads/2025/08/Surgical-instruments.png" [1]
2026-08-31 09:56:23 URL:https://qei.org.au/wp-content/uploads/2025/08/Surgical-instruments-300x206.png [54732/54732] -> "raw-site/qei.org.au/wp-content/uploads/2025/08/Surgical-instruments-300x206.png" [1]
2026-08-31 09:56:23 URL:https://qei.org.au/wp-content/uploads/2025/08/Surgical-instruments-768x528.png [226059/226059] -> "raw-site/qei.org.au/wp-content/uploads/2025/08/Surgical-instruments-768x528.png" [1]
2026-08-31 09:56:24 URL:https://qei.org.au/wp-content/uploads/2025/08/Surgical-instruments-800x550.png [239253/239253] -> "raw-site/qei.org.au/wp-content/uploads/2025/08/Surgical-instruments-800x550.png" [1]
2026-08-31 09:56:24 URL:https://qei.org.au/wp-content/uploads/2025/08/Surgical-instruments-400x275.png [85838/85838] -> "raw-site/qei.org.au/wp-content/uploads/2025/08/Surgical-instruments-400x275.png" [1]
https://qei.org.au/wp-content/themes/qei/css/owl.video.play.png:
2026-08-31 09:56:25 ERROR 404: Not Found.
https://qei.org.au/wp-content/themes/qei/fonts/slick.eot:
2026-08-31 09:56:27 ERROR 404: Not Found.
https://qei.org.au/wp-content/themes/qei/fonts/slick.eot?:
2026-08-31 09:56:28 ERROR 404: Not Found.
https://qei.org.au/wp-content/themes/qei/fonts/slick.woff:
2026-08-31 09:56:30 ERROR 404: Not Found.
https://qei.org.au/wp-content/themes/qei/fonts/slick.ttf:
2026-08-31 09:56:31 ERROR 404: Not Found.
https://qei.org.au/wp-content/themes/qei/fonts/slick.svg:
2026-08-31 09:56:32 ERROR 404: Not Found.
2026-08-31 09:56:33 URL:https://qei.org.au/news/arvo-heads-to-brisbane-a-first-for-australia/ [119600] -> "raw-site/qei.org.au/news/arvo-heads-to-brisbane-a-first-for-australia/index.html" [1]
2026-08-31 09:56:33 URL:https://qei.org.au/wp-content/themes/qei/css/custom-styles.css?ver=1788163428 [140055/140055] -> "raw-site/qei.org.au/wp-content/themes/qei/css/custom-styles.css@ver=1788163428.css" [1]
2026-08-31 09:56:34 URL:https://qei.org.au/wp-content/uploads/2017/02/ARVO-Asia-2017050-623x450.jpg [18422/18422] -> "raw-site/qei.org.au/wp-content/uploads/2017/02/ARVO-Asia-2017050-623x450.jpg" [1]
2026-08-31 09:56:34 URL:https://qei.org.au/wp-content/uploads/2017/02/ARVO-Asia-2017013.jpg [248339/248339] -> "raw-site/qei.org.au/wp-content/uploads/2017/02/ARVO-Asia-2017013.jpg" [1]
2026-08-31 09:56:35 URL:https://qei.org.au/wp-content/uploads/2017/02/ARVO-Asia-2017026.jpg [249203/249203] -> "raw-site/qei.org.au/wp-content/uploads/2017/02/ARVO-Asia-2017026.jpg" [1]
2026-08-31 09:56:35 URL:https://qei.org.au/wp-content/uploads/2017/02/ARVO-Asia-2017039.jpg [337330/337330] -> "raw-site/qei.org.au/wp-content/uploads/2017/02/ARVO-Asia-2017039.jpg" [1]
2026-08-31 09:56:36 URL:https://qei.org.au/wp-content/uploads/2017/02/ARVO-Asia-2017040.jpg [334777/334777] -> "raw-site/qei.org.au/wp-content/uploads/2017/02/ARVO-Asia-2017040.jpg" [1]
2026-08-31 09:56:36 URL:https://qei.org.au/wp-content/uploads/2017/02/ARVO-Asia-2017041.jpg [266757/266757] -> "raw-site/qei.org.au/wp-content/uploads/2017/02/ARVO-Asia-2017041.jpg" [1]
2026-08-31 09:56:37 URL:https://qei.org.au/wp-content/uploads/2017/02/ARVO-Asia-2017046.jpg [303013/303013] -> "raw-site/qei.org.au/wp-content/uploads/2017/02/ARVO-Asia-2017046.jpg" [1]
2026-08-31 09:56:37 URL:https://qei.org.au/wp-content/uploads/2017/02/ARVO-Asia-2017103.jpg [374292/374292] -> "raw-site/qei.org.au/wp-content/uploads/2017/02/ARVO-Asia-2017103.jpg" [1]
2026-08-31 09:56:38 URL:https://qei.org.au/wp-content/uploads/2017/02/ARVO-Asia-2017204.jpg [306295/306295] -> "raw-site/qei.org.au/wp-content/uploads/2017/02/ARVO-Asia-2017204.jpg" [1]
https://qei.org.au/wp-content/themes/qei/css/owl.video.play.png:
2026-08-31 09:56:39 ERROR 404: Not Found.
https://qei.org.au/wp-content/themes/qei/fonts/slick.eot:
2026-08-31 09:56:40 ERROR 404: Not Found.
https://qei.org.au/wp-content/themes/qei/fonts/slick.eot?:
2026-08-31 09:56:42 ERROR 404: Not Found.
https://qei.org.au/wp-content/themes/qei/fonts/slick.woff:
2026-08-31 09:56:43 ERROR 404: Not Found.
https://qei.org.au/wp-content/themes/qei/fonts/slick.ttf:
2026-08-31 09:56:44 ERROR 404: Not Found.
https://qei.org.au/wp-content/themes/qei/fonts/slick.svg:
2026-08-31 09:56:46 ERROR 404: Not Found.
2026-08-31 09:56:46 URL:https://qei.org.au/news/australian-charities-already-feeling-the-impacts-of-coronavirus-crisis/ [114879] -> "raw-site/qei.org.au/news/australian-charities-already-feeling-the-impacts-of-coronavirus-crisis/index.html" [1]
2026-08-31 09:56:47 URL:https://qei.org.au/wp-content/themes/qei/css/custom-styles.css?ver=1788169901 [140055/140055] -> "raw-site/qei.org.au/wp-content/themes/qei/css/custom-styles.css@ver=1788169901.css" [1]
2026-08-31 09:56:47 URL:https://qei.org.au/wp-content/uploads/2020/04/pexels-photo-3861957-1430x954.jpeg [100813/100813] -> "raw-site/qei.org.au/wp-content/uploads/2020/04/pexels-photo-3861957-1430x954.jpeg" [1]
https://qei.org.au/wp-content/themes/qei/css/owl.video.play.png:
2026-08-31 09:56:48 ERROR 404: Not Found.
https://qei.org.au/wp-content/themes/qei/fonts/slick.eot:
2026-08-31 09:56:50 ERROR 404: Not Found.
https://qei.org.au/wp-content/themes/qei/fonts/slick.eot?:
2026-08-31 09:56:51 ERROR 404: Not Found.
https://qei.org.au/wp-content/themes/qei/fonts/slick.woff:
2026-08-31 09:56:52 ERROR 404: Not Found.
https://qei.org.au/wp-content/themes/qei/fonts/slick.ttf:
2026-08-31 09:56:54 ERROR 404: Not Found.
https://qei.org.au/wp-content/themes/qei/fonts/slick.svg:
2026-08-31 09:56:55 ERROR 404: Not Found.
2026-08-31 09:56:55 URL:https://qei.org.au/news/australian-first-glaucoma-treatment-at-qei/ [115662] -> "raw-site/qei.org.au/news/australian-first-glaucoma-treatment-at-qei/index.html" [1]
2026-08-31 09:56:56 URL:https://qei.org.au/wp-content/themes/qei/css/custom-styles.css?ver=1788144761 [140055/140055] -> "raw-site/qei.org.au/wp-content/themes/qei/css/custom-styles.css@ver=1788144761.css" [1]
2026-08-31 09:56:57 URL:https://qei.org.au/wp-content/uploads/2026/08/Dr-Geoff-Ryan-1430x953.jpg [84992/84992] -> "raw-site/qei.org.au/wp-content/uploads/2026/08/Dr-Geoff-Ryan-1430x953.jpg" [1]
2026-08-31 09:56:57 URL:https://qei.org.au/wp-content/uploads/2026/08/20260629-Geoff-Ryan-1024x682.jpg [82270/82270] -> "raw-site/qei.org.au/wp-content/uploads/2026/08/20260629-Geoff-Ryan-1024x682.jpg" [1]
2026-08-31 09:56:58 URL:https://qei.org.au/wp-content/uploads/2026/08/20260629-Geoff-Ryan-300x200.jpg [13866/13866] -> "raw-site/qei.org.au/wp-content/uploads/2026/08/20260629-Geoff-Ryan-300x200.jpg" [1]
2026-08-31 09:56:58 URL:https://qei.org.au/wp-content/uploads/2026/08/20260629-Geoff-Ryan-768x512.jpg [52850/52850] -> "raw-site/qei.org.au/wp-content/uploads/2026/08/20260629-Geoff-Ryan-768x512.jpg" [1]
2026-08-31 09:56:59 URL:https://qei.org.au/wp-content/uploads/2026/08/20260629-Geoff-Ryan-1536x1024.jpg [156546/156546] -> "raw-site/qei.org.au/wp-content/uploads/2026/08/20260629-Geoff-Ryan-1536x1024.jpg" [1]
2026-08-31 09:56:59 URL:https://qei.org.au/wp-content/uploads/2026/08/20260629-Geoff-Ryan-1430x953.jpg [140110/140110] -> "raw-site/qei.org.au/wp-content/uploads/2026/08/20260629-Geoff-Ryan-1430x953.jpg" [1]
2026-08-31 09:57:00 URL:https://qei.org.au/wp-content/uploads/2026/08/20260629-Geoff-Ryan-800x533.jpg [56739/56739] -> "raw-site/qei.org.au/wp-content/uploads/2026/08/20260629-Geoff-Ryan-800x533.jpg" [1]
2026-08-31 09:57:00 URL:https://qei.org.au/wp-content/uploads/2026/08/20260629-Geoff-Ryan-400x267.jpg [20892/20892] -> "raw-site/qei.org.au/wp-content/uploads/2026/08/20260629-Geoff-Ryan-400x267.jpg" [1]
2026-08-31 09:57:01 URL:https://qei.org.au/wp-content/uploads/2026/08/20260629-Geoff-Ryan.jpg [250587/250587] -> "raw-site/qei.org.au/wp-content/uploads/2026/08/20260629-Geoff-Ryan.jpg" [1]
2026-08-31 09:57:01 URL:https://qei.org.au/wp-content/uploads/2026/08/eyePlate200s-03-2-1.png [100594/100594] -> "raw-site/qei.org.au/wp-content/uploads/2026/08/eyePlate200s-03-2-1.png" [1]
2026-08-31 09:57:02 URL:https://qei.org.au/wp-content/uploads/2026/08/eyePlate200s-03-2-1-150x150.png [27155/27155] -> "raw-site/qei.org.au/wp-content/uploads/2026/08/eyePlate200s-03-2-1-150x150.png" [1]
https://qei.org.au/wp-content/themes/qei/css/owl.video.play.png:
2026-08-31 09:57:03 ERROR 404: Not Found.
https://qei.org.au/wp-content/themes/qei/fonts/slick.eot:
2026-08-31 09:57:04 ERROR 404: Not Found.
https://qei.org.au/wp-content/themes/qei/fonts/slick.eot?:
2026-08-31 09:57:06 ERROR 404: Not Found.
https://qei.org.au/wp-content/themes/qei/fonts/slick.woff:
2026-08-31 09:57:07 ERROR 404: Not Found.
https://qei.org.au/wp-content/themes/qei/fonts/slick.ttf:
2026-08-31 09:57:08 ERROR 404: Not Found.
https://qei.org.au/wp-content/themes/qei/fonts/slick.svg:
2026-08-31 09:57:10 ERROR 404: Not Found.
2026-08-31 09:57:10 URL:https://qei.org.au/news/australian-macular-disease-research-review-launched-by-assoc-prof-anthony-kwan/ [115473] -> "raw-site/qei.org.au/news/australian-macular-disease-research-review-launched-by-assoc-prof-anthony-kwan/index.html" [1]
2026-08-31 09:57:11 URL:https://qei.org.au/wp-content/themes/qei/css/custom-styles.css?ver=1788169903 [140055/140055] -> "raw-site/qei.org.au/wp-content/themes/qei/css/custom-styles.css@ver=1788169903.css" [1]
2026-08-31 09:57:11 URL:https://qei.org.au/wp-content/uploads/2020/07/IMG_5993-1430x953.jpg [179950/179950] -> "raw-site/qei.org.au/wp-content/uploads/2020/07/IMG_5993-1430x953.jpg" [1]
https://qei.org.au/wp-content/themes/qei/css/owl.video.play.png:
2026-08-31 09:57:12 ERROR 404: Not Found.
https://qei.org.au/wp-content/themes/qei/fonts/slick.eot:
2026-08-31 09:57:14 ERROR 404: Not Found.
https://qei.org.au/wp-content/themes/qei/fonts/slick.eot?:
2026-08-31 09:57:15 ERROR 404: Not Found.
https://qei.org.au/wp-content/themes/qei/fonts/slick.woff:
2026-08-31 09:57:16 ERROR 404: Not Found.
https://qei.org.au/wp-content/themes/qei/fonts/slick.ttf:
2026-08-31 09:57:18 ERROR 404: Not Found.
https://qei.org.au/wp-content/themes/qei/fonts/slick.svg:
2026-08-31 09:57:19 ERROR 404: Not Found.
2026-08-31 09:57:19 URL:https://qei.org.au/news/bette-forgan-smith-postdoctoral-fellowship-awarded-to-dr-audra-shadforth/ [116002] -> "raw-site/qei.org.au/news/bette-forgan-smith-postdoctoral-fellowship-awarded-to-dr-audra-shadforth/index.html" [1]
2026-08-31 09:57:20 URL:https://qei.org.au/wp-content/themes/qei/css/custom-styles.css?ver=1788163431 [140055/140055] -> "raw-site/qei.org.au/wp-content/themes/qei/css/custom-styles.css@ver=1788163431.css" [1]
2026-08-31 09:57:20 URL:https://qei.org.au/wp-content/uploads/2019/02/news1.jpg [40734/40734] -> "raw-site/qei.org.au/wp-content/uploads/2019/02/news1.jpg" [1]
https://qei.org.au/wp-content/themes/qei/css/owl.video.play.png:
2026-08-31 09:57:22 ERROR 404: Not Found.
https://qei.org.au/wp-content/themes/qei/fonts/slick.eot:
2026-08-31 09:57:23 ERROR 404: Not Found.
https://qei.org.au/wp-content/themes/qei/fonts/slick.eot?:
2026-08-31 09:57:24 ERROR 404: Not Found.
https://qei.org.au/wp-content/themes/qei/fonts/slick.woff:
2026-08-31 09:57:25 ERROR 404: Not Found.
https://qei.org.au/wp-content/themes/qei/fonts/slick.ttf:
2026-08-31 09:57:27 ERROR 404: Not Found.
https://qei.org.au/wp-content/themes/qei/fonts/slick.svg:
2026-08-31 09:57:28 ERROR 404: Not Found.
2026-08-31 09:57:29 URL:https://qei.org.au/news/blindness-loss-of-vision-it-will-never-happen-to-me/ [114652] -> "raw-site/qei.org.au/news/blindness-loss-of-vision-it-will-never-happen-to-me/index.html" [1]
2026-08-31 09:57:29 URL:https://qei.org.au/wp-content/themes/qei/css/custom-styles.css?ver=1788169909 [140055/140055] -> "raw-site/qei.org.au/wp-content/themes/qei/css/custom-styles.css@ver=1788169909.css" [1]
2026-08-31 09:57:30 URL:https://qei.org.au/wp-content/uploads/2019/02/DME.png [335353/335353] -> "raw-site/qei.org.au/wp-content/uploads/2019/02/DME.png" [1]
https://qei.org.au/wp-content/themes/qei/css/owl.video.play.png:
2026-08-31 09:57:31 ERROR 404: Not Found.
https://qei.org.au/wp-content/themes/qei/fonts/slick.eot:
2026-08-31 09:57:32 ERROR 404: Not Found.
https://qei.org.au/wp-content/themes/qei/fonts/slick.eot?:
2026-08-31 09:57:33 ERROR 404: Not Found.
https://qei.org.au/wp-content/themes/qei/fonts/slick.woff:
2026-08-31 09:57:35 ERROR 404: Not Found.
https://qei.org.au/wp-content/themes/qei/fonts/slick.ttf:
2026-08-31 09:57:36 ERROR 404: Not Found.
https://qei.org.au/wp-content/themes/qei/fonts/slick.svg:
2026-08-31 09:57:37 ERROR 404: Not Found.
2026-08-31 09:57:38 URL:https://qei.org.au/news/breakthrough-in-vision-research-may-help-to-prevent-vision-loss/ [114508] -> "raw-site/qei.org.au/news/breakthrough-in-vision-research-may-help-to-prevent-vision-loss/index.html" [1]
2026-08-31 09:57:38 URL:https://qei.org.au/wp-content/themes/qei/css/custom-styles.css?ver=1788163434 [140055/140055] -> "raw-site/qei.org.au/wp-content/themes/qei/css/custom-styles.css@ver=1788163434.css" [1]
2026-08-31 09:57:39 URL:https://qei.org.au/wp-content/uploads/2019/02/breakthrough.jpg [28158/28158] -> "raw-site/qei.org.au/wp-content/uploads/2019/02/breakthrough.jpg" [1]
https://qei.org.au/wp-content/themes/qei/css/owl.video.play.png:
2026-08-31 09:57:40 ERROR 404: Not Found.
https://qei.org.au/wp-content/themes/qei/fonts/slick.eot:
2026-08-31 09:57:41 ERROR 404: Not Found.
https://qei.org.au/wp-content/themes/qei/fonts/slick.eot?:
2026-08-31 09:57:43 ERROR 404: Not Found.
https://qei.org.au/wp-content/themes/qei/fonts/slick.woff:
2026-08-31 09:57:44 ERROR 404: Not Found.
https://qei.org.au/wp-content/themes/qei/fonts/slick.ttf:
2026-08-31 09:57:45 ERROR 404: Not Found.
https://qei.org.au/wp-content/themes/qei/fonts/slick.svg:
2026-08-31 09:57:47 ERROR 404: Not Found.
2026-08-31 09:57:47 URL:https://qei.org.au/news/building-eye-health-expertise-in-the-pacific/ [116780] -> "raw-site/qei.org.au/news/building-eye-health-expertise-in-the-pacific/index.html" [1]
2026-08-31 09:57:48 URL:https://qei.org.au/wp-content/themes/qei/css/custom-styles.css?ver=1788133912 [140055/140055] -> "raw-site/qei.org.au/wp-content/themes/qei/css/custom-styles.css@ver=1788133912.css" [1]
2026-08-31 09:57:48 URL:https://qei.org.au/wp-content/uploads/2024/02/Global-eye-health-network-participants.jpg [31899/31899] -> "raw-site/qei.org.au/wp-content/uploads/2024/02/Global-eye-health-network-participants.jpg" [1]
2026-08-31 09:57:49 URL:https://qei.org.au/wp-content/uploads/2024/02/RANZCO-Perth-Global-Eye-Health-Workshop-61_Group_High-Res.jpg [538634/538634] -> "raw-site/qei.org.au/wp-content/uploads/2024/02/RANZCO-Perth-Global-Eye-Health-Workshop-61_Group_High-Res.jpg" [1]
2026-08-31 09:57:49 URL:https://qei.org.au/wp-content/uploads/2024/02/RANZCO-Perth-Global-Eye-Health-Workshop-61_Group_High-Res-300x200.jpg [16898/16898] -> "raw-site/qei.org.au/wp-content/uploads/2024/02/RANZCO-Perth-Global-Eye-Health-Workshop-61_Group_High-Res-300x200.jpg" [1]
2026-08-31 09:57:50 URL:https://qei.org.au/wp-content/uploads/2024/02/RANZCO-Perth-Global-Eye-Health-Workshop-61_Group_High-Res-768x512.jpg [75045/75045] -> "raw-site/qei.org.au/wp-content/uploads/2024/02/RANZCO-Perth-Global-Eye-Health-Workshop-61_Group_High-Res-768x512.jpg" [1]
2026-08-31 09:57:50 URL:https://qei.org.au/wp-content/uploads/2024/02/RANZCO-Perth-Global-Eye-Health-Workshop-61_Group_High-Res-800x534.jpg [80662/80662] -> "raw-site/qei.org.au/wp-content/uploads/2024/02/RANZCO-Perth-Global-Eye-Health-Workshop-61_Group_High-Res-800x534.jpg" [1]
2026-08-31 09:57:51 URL:https://qei.org.au/wp-content/uploads/2024/02/RANZCO-Perth-Global-Eye-Health-Workshop-61_Group_High-Res-400x267.jpg [26721/26721] -> "raw-site/qei.org.au/wp-content/uploads/2024/02/RANZCO-Perth-Global-Eye-Health-Workshop-61_Group_High-Res-400x267.jpg" [1]
https://qei.org.au/wp-content/themes/qei/css/owl.video.play.png:
2026-08-31 09:57:52 ERROR 404: Not Found.
https://qei.org.au/wp-content/themes/qei/fonts/slick.eot:
2026-08-31 09:57:53 ERROR 404: Not Found.
https://qei.org.au/wp-content/themes/qei/fonts/slick.eot?:
2026-08-31 09:57:55 ERROR 404: Not Found.
https://qei.org.au/wp-content/themes/qei/fonts/slick.woff:
2026-08-31 09:57:56 ERROR 404: Not Found.
https://qei.org.au/wp-content/themes/qei/fonts/slick.ttf:
2026-08-31 09:57:57 ERROR 404: Not Found.
https://qei.org.au/wp-content/themes/qei/fonts/slick.svg:
2026-08-31 09:57:58 ERROR 404: Not Found.
2026-08-31 09:57:59 URL:https://qei.org.au/news/cataract-awareness-month/ [122119] -> "raw-site/qei.org.au/news/cataract-awareness-month/index.html" [1]
2026-08-31 09:57:59 URL:https://qei.org.au/wp-content/themes/qei/css/custom-styles.css?ver=1788163442 [140055/140055] -> "raw-site/qei.org.au/wp-content/themes/qei/css/custom-styles.css@ver=1788163442.css" [1]
2026-08-31 09:58:00 URL:https://qei.org.au/wp-content/uploads/2023/06/One-side-view-image-of-cataracts-in-an-eye.jpg [214336/214336] -> "raw-site/qei.org.au/wp-content/uploads/2023/06/One-side-view-image-of-cataracts-in-an-eye.jpg" [1]
2026-08-31 09:58:00 URL:https://qei.org.au/wp-content/uploads/2021/10/Human-Eye-Anatomy-1024x839.jpg [96154/96154] -> "raw-site/qei.org.au/wp-content/uploads/2021/10/Human-Eye-Anatomy-1024x839.jpg" [1]
2026-08-31 09:58:01 URL:https://qei.org.au/wp-content/uploads/2021/10/Human-Eye-Anatomy-300x246.jpg [16927/16927] -> "raw-site/qei.org.au/wp-content/uploads/2021/10/Human-Eye-Anatomy-300x246.jpg" [1]
2026-08-31 09:58:01 URL:https://qei.org.au/wp-content/uploads/2021/10/Human-Eye-Anatomy-768x629.jpg [64501/64501] -> "raw-site/qei.org.au/wp-content/uploads/2021/10/Human-Eye-Anatomy-768x629.jpg" [1]
2026-08-31 09:58:02 URL:https://qei.org.au/wp-content/uploads/2021/10/Human-Eye-Anatomy-1430x1172.jpg [152527/152527] -> "raw-site/qei.org.au/wp-content/uploads/2021/10/Human-Eye-Anatomy-1430x1172.jpg" [1]
2026-08-31 09:58:02 URL:https://qei.org.au/wp-content/uploads/2021/10/Human-Eye-Anatomy-800x656.jpg [68466/68466] -> "raw-site/qei.org.au/wp-content/uploads/2021/10/Human-Eye-Anatomy-800x656.jpg" [1]
2026-08-31 09:58:03 URL:https://qei.org.au/wp-content/uploads/2021/10/Human-Eye-Anatomy-366x300.jpg [22582/22582] -> "raw-site/qei.org.au/wp-content/uploads/2021/10/Human-Eye-Anatomy-366x300.jpg" [1]
2026-08-31 09:58:04 URL:https://qei.org.au/wp-content/uploads/2023/06/Side-view-image-of-cataracts-in-an-eye.jpg [1082398/1082398] -> "raw-site/qei.org.au/wp-content/uploads/2023/06/Side-view-image-of-cataracts-in-an-eye.jpg" [1]
2026-08-31 09:58:04 URL:https://qei.org.au/wp-content/uploads/2023/06/Side-view-image-of-cataracts-in-an-eye-300x177.jpg [8187/8187] -> "raw-site/qei.org.au/wp-content/uploads/2023/06/Side-view-image-of-cataracts-in-an-eye-300x177.jpg" [1]
2026-08-31 09:58:05 URL:https://qei.org.au/wp-content/uploads/2023/06/Side-view-image-of-cataracts-in-an-eye-768x454.jpg [34383/34383] -> "raw-site/qei.org.au/wp-content/uploads/2023/06/Side-view-image-of-cataracts-in-an-eye-768x454.jpg" [1]
2026-08-31 09:58:05 URL:https://qei.org.au/wp-content/uploads/2023/06/Side-view-image-of-cataracts-in-an-eye-1024x605.jpg [53233/53233] -> "raw-site/qei.org.au/wp-content/uploads/2023/06/Side-view-image-of-cataracts-in-an-eye-1024x605.jpg" [1]
2026-08-31 09:58:06 URL:https://qei.org.au/wp-content/uploads/2023/06/Side-view-image-of-cataracts-in-an-eye-1430x845.jpg [87472/87472] -> "raw-site/qei.org.au/wp-content/uploads/2023/06/Side-view-image-of-cataracts-in-an-eye-1430x845.jpg" [1]
2026-08-31 09:58:06 URL:https://qei.org.au/wp-content/uploads/2023/06/Side-view-image-of-cataracts-in-an-eye-800x473.jpg [36414/36414] -> "raw-site/qei.org.au/wp-content/uploads/2023/06/Side-view-image-of-cataracts-in-an-eye-800x473.jpg" [1]
2026-08-31 09:58:07 URL:https://qei.org.au/wp-content/uploads/2023/06/Side-view-image-of-cataracts-in-an-eye-400x237.jpg [12526/12526] -> "raw-site/qei.org.au/wp-content/uploads/2023/06/Side-view-image-of-cataracts-in-an-eye-400x237.jpg" [1]
2026-08-31 09:58:07 URL:https://qei.org.au/wp-content/uploads/2022/11/Dr-Geoffrey-Ryan-1024x1024.jpg [78049/78049] -> "raw-site/qei.org.au/wp-content/uploads/2022/11/Dr-Geoffrey-Ryan-1024x1024.jpg" [1]
2026-08-31 09:58:08 URL:https://qei.org.au/wp-content/uploads/2022/11/Dr-Geoffrey-Ryan-150x150.jpg [4488/4488] -> "raw-site/qei.org.au/wp-content/uploads/2022/11/Dr-Geoffrey-Ryan-150x150.jpg" [1]
2026-08-31 09:58:08 URL:https://qei.org.au/wp-content/uploads/2022/11/Dr-Geoffrey-Ryan-300x300.jpg [10883/10883] -> "raw-site/qei.org.au/wp-content/uploads/2022/11/Dr-Geoffrey-Ryan-300x300.jpg" [1]
2026-08-31 09:58:09 URL:https://qei.org.au/wp-content/uploads/2022/11/Dr-Geoffrey-Ryan-768x768.jpg [44847/44847] -> "raw-site/qei.org.au/wp-content/uploads/2022/11/Dr-Geoffrey-Ryan-768x768.jpg" [1]
2026-08-31 09:58:09 URL:https://qei.org.au/wp-content/uploads/2022/11/Dr-Geoffrey-Ryan-1430x1430.jpg [159819/159819] -> "raw-site/qei.org.au/wp-content/uploads/2022/11/Dr-Geoffrey-Ryan-1430x1430.jpg" [1]
2026-08-31 09:58:10 URL:https://qei.org.au/wp-content/uploads/2022/11/Dr-Geoffrey-Ryan-800x800.jpg [48178/48178] -> "raw-site/qei.org.au/wp-content/uploads/2022/11/Dr-Geoffrey-Ryan-800x800.jpg" [1]
2026-08-31 09:58:10 URL:https://qei.org.au/wp-content/uploads/2022/11/Dr-Brendan-Cronin.jpg [103204/103204] -> "raw-site/qei.org.au/wp-content/uploads/2022/11/Dr-Brendan-Cronin.jpg" [1]
2026-08-31 09:58:11 URL:https://qei.org.au/wp-content/uploads/2022/11/Dr-Brendan-Cronin-150x150.jpg [4466/4466] -> "raw-site/qei.org.au/wp-content/uploads/2022/11/Dr-Brendan-Cronin-150x150.jpg" [1]
2026-08-31 09:58:11 URL:https://qei.org.au/wp-content/uploads/2022/11/Dr-Brendan-Cronin-300x300.jpg [11636/11636] -> "raw-site/qei.org.au/wp-content/uploads/2022/11/Dr-Brendan-Cronin-300x300.jpg" [1]
2026-08-31 09:58:12 URL:https://qei.org.au/wp-content/uploads/2022/11/Dr-Brendan-Cronin-768x768.jpg [55975/55975] -> "raw-site/qei.org.au/wp-content/uploads/2022/11/Dr-Brendan-Cronin-768x768.jpg" [1]
2026-08-31 09:58:12 URL:https://qei.org.au/wp-content/uploads/2022/11/Dr-Brendan-Cronin-800x800.jpg [59592/59592] -> "raw-site/qei.org.au/wp-content/uploads/2022/11/Dr-Brendan-Cronin-800x800.jpg" [1]
https://qei.org.au/wp-content/themes/qei/css/owl.video.play.png:
2026-08-31 09:58:14 ERROR 404: Not Found.
https://qei.org.au/wp-content/themes/qei/fonts/slick.eot:
2026-08-31 09:58:15 ERROR 404: Not Found.
https://qei.org.au/wp-content/themes/qei/fonts/slick.eot?:
2026-08-31 09:58:16 ERROR 404: Not Found.
https://qei.org.au/wp-content/themes/qei/fonts/slick.woff:
2026-08-31 09:58:18 ERROR 404: Not Found.
https://qei.org.au/wp-content/themes/qei/fonts/slick.ttf:
2026-08-31 09:58:19 ERROR 404: Not Found.
https://qei.org.au/wp-content/themes/qei/fonts/slick.svg:
2026-08-31 09:58:20 ERROR 404: Not Found.
2026-08-31 09:58:21 URL:https://qei.org.au/news/choosing-hope-this-christmas/ [138065] -> "raw-site/qei.org.au/news/choosing-hope-this-christmas/index.html" [1]
2026-08-31 09:58:21 URL:https://qei.org.au/wp-content/themes/qei/css/custom-styles.css?ver=1788163445 [140055/140055] -> "raw-site/qei.org.au/wp-content/themes/qei/css/custom-styles.css@ver=1788163445.css" [1]
2026-08-31 09:58:22 URL:https://qei.org.au/wp-content/uploads/2023/12/2.png [980383/980383] -> "raw-site/qei.org.au/wp-content/uploads/2023/12/2.png" [1]
2026-08-31 09:58:22 URL:https://qei.org.au/wp-content/uploads/2023/12/QEDIC_ProfHolder-1.jpg [643130/643130] -> "raw-site/qei.org.au/wp-content/uploads/2023/12/QEDIC_ProfHolder-1.jpg" [1]
2026-08-31 09:58:23 URL:https://qei.org.au/wp-content/uploads/2023/12/QEDIC_ProfHolder-1-300x225.jpg [17871/17871] -> "raw-site/qei.org.au/wp-content/uploads/2023/12/QEDIC_ProfHolder-1-300x225.jpg" [1]
2026-08-31 09:58:23 URL:https://qei.org.au/wp-content/uploads/2023/12/QEDIC_ProfHolder-1-1024x768.jpg [128064/128064] -> "raw-site/qei.org.au/wp-content/uploads/2023/12/QEDIC_ProfHolder-1-1024x768.jpg" [1]
2026-08-31 09:58:24 URL:https://qei.org.au/wp-content/uploads/2023/12/QEDIC_ProfHolder-1-768x576.jpg [78098/78098] -> "raw-site/qei.org.au/wp-content/uploads/2023/12/QEDIC_ProfHolder-1-768x576.jpg" [1]
2026-08-31 09:58:24 URL:https://qei.org.au/wp-content/uploads/2023/12/QEDIC_ProfHolder-1-1536x1152.jpg [269711/269711] -> "raw-site/qei.org.au/wp-content/uploads/2023/12/QEDIC_ProfHolder-1-1536x1152.jpg" [1]
2026-08-31 09:58:25 URL:https://qei.org.au/wp-content/uploads/2023/12/QEDIC_ProfHolder-1-1430x1073.jpg [237372/237372] -> "raw-site/qei.org.au/wp-content/uploads/2023/12/QEDIC_ProfHolder-1-1430x1073.jpg" [1]
2026-08-31 09:58:25 URL:https://qei.org.au/wp-content/uploads/2023/12/QEDIC_ProfHolder-1-800x600.jpg [83806/83806] -> "raw-site/qei.org.au/wp-content/uploads/2023/12/QEDIC_ProfHolder-1-800x600.jpg" [1]
2026-08-31 09:58:26 URL:https://qei.org.au/wp-content/uploads/2023/12/QEDIC_ProfHolder-1-400x300.jpg [27714/27714] -> "raw-site/qei.org.au/wp-content/uploads/2023/12/QEDIC_ProfHolder-1-400x300.jpg" [1]
2026-08-31 09:58:26 URL:https://qei.org.au/wp-content/uploads/2023/12/Prof-Radford-with-Asia-Pacific-colleagues.jpg [1300330/1300330] -> "raw-site/qei.org.au/wp-content/uploads/2023/12/Prof-Radford-with-Asia-Pacific-colleagues.jpg" [1]
2026-08-31 09:58:27 URL:https://qei.org.au/wp-content/uploads/2023/12/Prof-Radford-with-Asia-Pacific-colleagues-300x225.jpg [20545/20545] -> "raw-site/qei.org.au/wp-content/uploads/2023/12/Prof-Radford-with-Asia-Pacific-colleagues-300x225.jpg" [1]
2026-08-31 09:58:27 URL:https://qei.org.au/wp-content/uploads/2023/12/Prof-Radford-with-Asia-Pacific-colleagues-1024x768.jpg [170071/170071] -> "raw-site/qei.org.au/wp-content/uploads/2023/12/Prof-Radford-with-Asia-Pacific-colleagues-1024x768.jpg" [1]
2026-08-31 09:58:28 URL:https://qei.org.au/wp-content/uploads/2023/12/Prof-Radford-with-Asia-Pacific-colleagues-768x576.jpg [103239/103239] -> "raw-site/qei.org.au/wp-content/uploads/2023/12/Prof-Radford-with-Asia-Pacific-colleagues-768x576.jpg" [1]
2026-08-31 09:58:28 URL:https://qei.org.au/wp-content/uploads/2023/12/Prof-Radford-with-Asia-Pacific-colleagues-1536x1152.jpg [337227/337227] -> "raw-site/qei.org.au/wp-content/uploads/2023/12/Prof-Radford-with-Asia-Pacific-colleagues-1536x1152.jpg" [1]
2026-08-31 09:58:29 URL:https://qei.org.au/wp-content/uploads/2023/12/Prof-Radford-with-Asia-Pacific-colleagues-2048x1536.jpg [545983/545983] -> "raw-site/qei.org.au/wp-content/uploads/2023/12/Prof-Radford-with-Asia-Pacific-colleagues-2048x1536.jpg" [1]
2026-08-31 09:58:29 URL:https://qei.org.au/wp-content/uploads/2023/12/Prof-Radford-with-Asia-Pacific-colleagues-1430x1072.jpg [299076/299076] -> "raw-site/qei.org.au/wp-content/uploads/2023/12/Prof-Radford-with-Asia-Pacific-colleagues-1430x1072.jpg" [1]
2026-08-31 09:58:30 URL:https://qei.org.au/wp-content/uploads/2023/12/Prof-Radford-with-Asia-Pacific-colleagues-800x600.jpg [110897/110897] -> "raw-site/qei.org.au/wp-content/uploads/2023/12/Prof-Radford-with-Asia-Pacific-colleagues-800x600.jpg" [1]
2026-08-31 09:58:31 URL:https://qei.org.au/wp-content/uploads/2023/12/Prof-Radford-with-Asia-Pacific-colleagues-400x300.jpg [33178/33178] -> "raw-site/qei.org.au/wp-content/uploads/2023/12/Prof-Radford-with-Asia-Pacific-colleagues-400x300.jpg" [1]
2026-08-31 09:58:31 URL:https://qei.org.au/wp-content/uploads/2023/12/Dr-Florina-Vultur-and-Dr-Alexandra-Manta.jpg [95095/95095] -> "raw-site/qei.org.au/wp-content/uploads/2023/12/Dr-Florina-Vultur-and-Dr-Alexandra-Manta.jpg" [1]
2026-08-31 09:58:32 URL:https://qei.org.au/wp-content/uploads/2023/12/Dr-Florina-Vultur-and-Dr-Alexandra-Manta-300x225.jpg [15839/15839] -> "raw-site/qei.org.au/wp-content/uploads/2023/12/Dr-Florina-Vultur-and-Dr-Alexandra-Manta-300x225.jpg" [1]
2026-08-31 09:58:32 URL:https://qei.org.au/wp-content/uploads/2023/12/Dr-Florina-Vultur-and-Dr-Alexandra-Manta-400x300.jpg [24509/24509] -> "raw-site/qei.org.au/wp-content/uploads/2023/12/Dr-Florina-Vultur-and-Dr-Alexandra-Manta-400x300.jpg" [1]
2026-08-31 09:58:33 URL:https://qei.org.au/wp-content/uploads/2023/12/Dr-Rob-Henderson-visit-2023.jpg [79818/79818] -> "raw-site/qei.org.au/wp-content/uploads/2023/12/Dr-Rob-Henderson-visit-2023.jpg" [1]
2026-08-31 09:58:33 URL:https://qei.org.au/wp-content/uploads/2023/12/Dr-Rob-Henderson-visit-2023-300x225.jpg [16902/16902] -> "raw-site/qei.org.au/wp-content/uploads/2023/12/Dr-Rob-Henderson-visit-2023-300x225.jpg" [1]
2026-08-31 09:58:34 URL:https://qei.org.au/wp-content/uploads/2023/12/Dr-Rob-Henderson-visit-2023-400x300.jpg [25910/25910] -> "raw-site/qei.org.au/wp-content/uploads/2023/12/Dr-Rob-Henderson-visit-2023-400x300.jpg" [1]
2026-08-31 09:58:34 URL:https://qei.org.au/wp-content/uploads/2023/12/Dr-David-Gunn.jpeg.jpg [134207/134207] -> "raw-site/qei.org.au/wp-content/uploads/2023/12/Dr-David-Gunn.jpeg.jpg" [1]
2026-08-31 09:58:35 URL:https://qei.org.au/wp-content/uploads/2023/12/Dr-David-Gunn.jpeg-300x213.jpg [13616/13616] -> "raw-site/qei.org.au/wp-content/uploads/2023/12/Dr-David-Gunn.jpeg-300x213.jpg" [1]
2026-08-31 09:58:35 URL:https://qei.org.au/wp-content/uploads/2023/12/Dr-David-Gunn.jpeg-768x546.jpg [64411/64411] -> "raw-site/qei.org.au/wp-content/uploads/2023/12/Dr-David-Gunn.jpeg-768x546.jpg" [1]
2026-08-31 09:58:36 URL:https://qei.org.au/wp-content/uploads/2023/12/Dr-David-Gunn.jpeg-800x569.jpg [68734/68734] -> "raw-site/qei.org.au/wp-content/uploads/2023/12/Dr-David-Gunn.jpeg-800x569.jpg" [1]
2026-08-31 09:58:36 URL:https://qei.org.au/wp-content/uploads/2023/12/Dr-David-Gunn.jpeg-400x284.jpg [21491/21491] -> "raw-site/qei.org.au/wp-content/uploads/2023/12/Dr-David-Gunn.jpeg-400x284.jpg" [1]
2026-08-31 09:58:37 URL:https://qei.org.au/wp-content/uploads/2023/12/Romania-visit-Trian-Mark-and-Alexandra-at-medical-school.jpg [380144/380144] -> "raw-site/qei.org.au/wp-content/uploads/2023/12/Romania-visit-Trian-Mark-and-Alexandra-at-medical-school.jpg" [1]
2026-08-31 09:58:37 URL:https://qei.org.au/wp-content/uploads/2023/12/Romania-visit-Trian-Mark-and-Alexandra-at-medical-school-300x225.jpg [18763/18763] -> "raw-site/qei.org.au/wp-content/uploads/2023/12/Romania-visit-Trian-Mark-and-Alexandra-at-medical-school-300x225.jpg" [1]
2026-08-31 09:58:38 URL:https://qei.org.au/wp-content/uploads/2023/12/Romania-visit-Trian-Mark-and-Alexandra-at-medical-school-1024x768.jpg [139951/139951] -> "raw-site/qei.org.au/wp-content/uploads/2023/12/Romania-visit-Trian-Mark-and-Alexandra-at-medical-school-1024x768.jpg" [1]
2026-08-31 09:58:38 URL:https://qei.org.au/wp-content/uploads/2023/12/Romania-visit-Trian-Mark-and-Alexandra-at-medical-school-768x576.jpg [87410/87410] -> "raw-site/qei.org.au/wp-content/uploads/2023/12/Romania-visit-Trian-Mark-and-Alexandra-at-medical-school-768x576.jpg" [1]
2026-08-31 09:58:39 URL:https://qei.org.au/wp-content/uploads/2023/12/Romania-visit-Trian-Mark-and-Alexandra-at-medical-school-1430x1073.jpg [240047/240047] -> "raw-site/qei.org.au/wp-content/uploads/2023/12/Romania-visit-Trian-Mark-and-Alexandra-at-medical-school-1430x1073.jpg" [1]
2026-08-31 09:58:39 URL:https://qei.org.au/wp-content/uploads/2023/12/Romania-visit-Trian-Mark-and-Alexandra-at-medical-school-800x600.jpg [93803/93803] -> "raw-site/qei.org.au/wp-content/uploads/2023/12/Romania-visit-Trian-Mark-and-Alexandra-at-medical-school-800x600.jpg" [1]
2026-08-31 09:58:40 URL:https://qei.org.au/wp-content/uploads/2023/12/Romania-visit-Trian-Mark-and-Alexandra-at-medical-school-400x300.jpg [29913/29913] -> "raw-site/qei.org.au/wp-content/uploads/2023/12/Romania-visit-Trian-Mark-and-Alexandra-at-medical-school-400x300.jpg" [1]
2026-08-31 09:58:40 URL:https://qei.org.au/wp-includes/js/wp-ajax-response.min.js?ver=7.1 [2571/2571] -> "raw-site/qei.org.au/wp-includes/js/wp-ajax-response.min.js@ver=7.1" [1]
2026-08-31 09:58:41 URL:https://qei.org.au/wp-content/plugins/gravity-forms-google-analytics-event-tracking/js/utm-tag-manager.min.js?ver=2.4.14 [962/962] -> "raw-site/qei.org.au/wp-content/plugins/gravity-forms-google-analytics-event-tracking/js/utm-tag-manager.min.js@ver=2.4.14" [1]
https://qei.org.au/wp-content/themes/qei/css/owl.video.play.png:
2026-08-31 09:58:43 ERROR 404: Not Found.
https://qei.org.au/wp-content/themes/qei/fonts/slick.eot:
2026-08-31 09:58:44 ERROR 404: Not Found.
https://qei.org.au/wp-content/themes/qei/fonts/slick.eot?:
2026-08-31 09:58:45 ERROR 404: Not Found.
https://qei.org.au/wp-content/themes/qei/fonts/slick.woff:
2026-08-31 09:58:47 ERROR 404: Not Found.
https://qei.org.au/wp-content/themes/qei/fonts/slick.ttf:
2026-08-31 09:58:48 ERROR 404: Not Found.
https://qei.org.au/wp-content/themes/qei/fonts/slick.svg:
2026-08-31 09:58:49 ERROR 404: Not Found.
2026-08-31 09:58:50 URL:https://qei.org.au/news/christmas-appeal/ [130062] -> "raw-site/qei.org.au/news/christmas-appeal/index.html" [1]
2026-08-31 09:58:50 URL:https://qei.org.au/wp-content/themes/qei/css/custom-styles.css?ver=1788133796 [140055/140055] -> "raw-site/qei.org.au/wp-content/themes/qei/css/custom-styles.css@ver=1788133796.css" [1]
2026-08-31 09:58:51 URL:https://qei.org.au/wp-content/uploads/2024/11/QEI084-Xmas-Campaign-24-Social-Media-1x1-3.jpg [608355/608355] -> "raw-site/qei.org.au/wp-content/uploads/2024/11/QEI084-Xmas-Campaign-24-Social-Media-1x1-3.jpg" [1]
2026-08-31 09:58:52 URL:https://qei.org.au/wp-content/uploads/2024/11/Keith-and-Jim-Overton_web.jpg [284951/284951] -> "raw-site/qei.org.au/wp-content/uploads/2024/11/Keith-and-Jim-Overton_web.jpg" [1]
2026-08-31 09:58:52 URL:https://qei.org.au/wp-content/uploads/2024/11/Keith-and-Jim-Overton_web-300x200.jpg [15051/15051] -> "raw-site/qei.org.au/wp-content/uploads/2024/11/Keith-and-Jim-Overton_web-300x200.jpg" [1]
2026-08-31 09:58:53 URL:https://qei.org.au/wp-content/uploads/2024/11/Keith-and-Jim-Overton_web-768x512.jpg [70887/70887] -> "raw-site/qei.org.au/wp-content/uploads/2024/11/Keith-and-Jim-Overton_web-768x512.jpg" [1]
2026-08-31 09:58:53 URL:https://qei.org.au/wp-content/uploads/2024/11/Keith-and-Jim-Overton_web-800x534.jpg [76572/76572] -> "raw-site/qei.org.au/wp-content/uploads/2024/11/Keith-and-Jim-Overton_web-800x534.jpg" [1]
2026-08-31 09:58:54 URL:https://qei.org.au/wp-content/uploads/2024/11/Keith-and-Jim-Overton_web-400x267.jpg [24702/24702] -> "raw-site/qei.org.au/wp-content/uploads/2024/11/Keith-and-Jim-Overton_web-400x267.jpg" [1]
https://qei.org.au/wp-content/themes/qei/css/owl.video.play.png:
2026-08-31 09:58:55 ERROR 404: Not Found.
https://qei.org.au/wp-content/themes/qei/fonts/slick.eot:
2026-08-31 09:58:56 ERROR 404: Not Found.
https://qei.org.au/wp-content/themes/qei/fonts/slick.eot?:
2026-08-31 09:58:57 ERROR 404: Not Found.
https://qei.org.au/wp-content/themes/qei/fonts/slick.woff:
2026-08-31 09:58:59 ERROR 404: Not Found.
https://qei.org.au/wp-content/themes/qei/fonts/slick.ttf:
2026-08-31 09:59:00 ERROR 404: Not Found.
https://qei.org.au/wp-content/themes/qei/fonts/slick.svg:
2026-08-31 09:59:01 ERROR 404: Not Found.
2026-08-31 09:59:02 URL:https://qei.org.au/news/clinical-trial-for-new-macular-degeneration-treatment/ [113761] -> "raw-site/qei.org.au/news/clinical-trial-for-new-macular-degeneration-treatment/index.html" [1]
2026-08-31 09:59:02 URL:https://qei.org.au/wp-content/themes/qei/css/custom-styles.css?ver=1788137516 [140055/140055] -> "raw-site/qei.org.au/wp-content/themes/qei/css/custom-styles.css@ver=1788137516.css" [1]
2026-08-31 09:59:03 URL:https://qei.org.au/wp-content/uploads/2026/03/shutterstock_122789023-web.jpg [157362/157362] -> "raw-site/qei.org.au/wp-content/uploads/2026/03/shutterstock_122789023-web.jpg" [1]
https://qei.org.au/wp-content/themes/qei/css/owl.video.play.png:
2026-08-31 09:59:04 ERROR 404: Not Found.
https://qei.org.au/wp-content/themes/qei/fonts/slick.eot:
2026-08-31 09:59:06 ERROR 404: Not Found.
https://qei.org.au/wp-content/themes/qei/fonts/slick.eot?:
2026-08-31 09:59:07 ERROR 404: Not Found.
https://qei.org.au/wp-content/themes/qei/fonts/slick.woff:
2026-08-31 09:59:08 ERROR 404: Not Found.
https://qei.org.au/wp-content/themes/qei/fonts/slick.ttf:
2026-08-31 09:59:10 ERROR 404: Not Found.
https://qei.org.au/wp-content/themes/qei/fonts/slick.svg:
2026-08-31 09:59:11 ERROR 404: Not Found.
2026-08-31 09:59:12 URL:https://qei.org.au/news/clinical-trials-for-eye-disease-everything-you-need-to-know/ [116210] -> "raw-site/qei.org.au/news/clinical-trials-for-eye-disease-everything-you-need-to-know/index.html" [1]
2026-08-31 09:59:12 URL:https://qei.org.au/wp-content/themes/qei/css/custom-styles.css?ver=1788169935 [140055/140055] -> "raw-site/qei.org.au/wp-content/themes/qei/css/custom-styles.css@ver=1788169935.css" [1]
https://qei.org.au/wp-content/themes/qei/css/owl.video.play.png:
2026-08-31 09:59:13 ERROR 404: Not Found.
https://qei.org.au/wp-content/themes/qei/fonts/slick.eot:
2026-08-31 09:59:15 ERROR 404: Not Found.
https://qei.org.au/wp-content/themes/qei/fonts/slick.eot?:
2026-08-31 09:59:16 ERROR 404: Not Found.
https://qei.org.au/wp-content/themes/qei/fonts/slick.woff:
2026-08-31 09:59:17 ERROR 404: Not Found.
https://qei.org.au/wp-content/themes/qei/fonts/slick.ttf:
2026-08-31 09:59:19 ERROR 404: Not Found.
https://qei.org.au/wp-content/themes/qei/fonts/slick.svg:
2026-08-31 09:59:20 ERROR 404: Not Found.
2026-08-31 09:59:21 URL:https://qei.org.au/news/commercialising-our-research/ [113865] -> "raw-site/qei.org.au/news/commercialising-our-research/index.html" [1]
2026-08-31 09:59:21 URL:https://qei.org.au/wp-content/themes/qei/css/custom-styles.css?ver=1788166115 [140055/140055] -> "raw-site/qei.org.au/wp-content/themes/qei/css/custom-styles.css@ver=1788166115.css" [1]
2026-08-31 09:59:22 URL:https://qei.org.au/wp-content/uploads/2019/02/commercial-research.jpg [28139/28139] -> "raw-site/qei.org.au/wp-content/uploads/2019/02/commercial-research.jpg" [1]
https://qei.org.au/wp-content/themes/qei/css/owl.video.play.png:
2026-08-31 09:59:23 ERROR 404: Not Found.
https://qei.org.au/wp-content/themes/qei/fonts/slick.eot:
2026-08-31 09:59:24 ERROR 404: Not Found.
https://qei.org.au/wp-content/themes/qei/fonts/slick.eot?:
2026-08-31 09:59:25 ERROR 404: Not Found.
https://qei.org.au/wp-content/themes/qei/fonts/slick.woff:
2026-08-31 09:59:27 ERROR 404: Not Found.
https://qei.org.au/wp-content/themes/qei/fonts/slick.ttf:
2026-08-31 09:59:28 ERROR 404: Not Found.
https://qei.org.au/wp-content/themes/qei/fonts/slick.svg:
2026-08-31 09:59:30 ERROR 404: Not Found.
2026-08-31 09:59:30 URL:https://qei.org.au/news/could-silk-cocoons-help-to-restore-lost-sight/ [116534] -> "raw-site/qei.org.au/news/could-silk-cocoons-help-to-restore-lost-sight/index.html" [1]
2026-08-31 09:59:31 URL:https://qei.org.au/wp-content/themes/qei/css/custom-styles.css?ver=1788166374 [140055/140055] -> "raw-site/qei.org.au/wp-content/themes/qei/css/custom-styles.css@ver=1788166374.css" [1]
2026-08-31 09:59:31 URL:https://qei.org.au/wp-content/uploads/2021/02/QEI_0275_A3-e1613354744457-1103x1430.jpg [112756/112756] -> "raw-site/qei.org.au/wp-content/uploads/2021/02/QEI_0275_A3-e1613354744457-1103x1430.jpg" [1]
2026-08-31 09:59:32 URL:https://qei.org.au/wp-content/uploads/2021/02/Untitled-design-43.png [1045339/1045339] -> "raw-site/qei.org.au/wp-content/uploads/2021/02/Untitled-design-43.png" [1]
2026-08-31 09:59:32 URL:https://qei.org.au/wp-content/uploads/2021/02/Untitled-design-43-300x251.png [120073/120073] -> "raw-site/qei.org.au/wp-content/uploads/2021/02/Untitled-design-43-300x251.png" [1]
2026-08-31 09:59:33 URL:https://qei.org.au/wp-content/uploads/2021/02/Untitled-design-43-768x644.png [668526/668526] -> "raw-site/qei.org.au/wp-content/uploads/2021/02/Untitled-design-43-768x644.png" [1]
2026-08-31 09:59:33 URL:https://qei.org.au/wp-content/uploads/2021/02/Untitled-design-43-800x671.png [719840/719840] -> "raw-site/qei.org.au/wp-content/uploads/2021/02/Untitled-design-43-800x671.png" [1]
2026-08-31 09:59:34 URL:https://qei.org.au/wp-content/uploads/2021/02/Untitled-design-43-358x300.png [166368/166368] -> "raw-site/qei.org.au/wp-content/uploads/2021/02/Untitled-design-43-358x300.png" [1]
https://qei.org.au/wp-content/themes/qei/css/owl.video.play.png:
2026-08-31 09:59:35 ERROR 404: Not Found.
https://qei.org.au/wp-content/themes/qei/fonts/slick.eot:
2026-08-31 09:59:36 ERROR 404: Not Found.
https://qei.org.au/wp-content/themes/qei/fonts/slick.eot?:
2026-08-31 09:59:38 ERROR 404: Not Found.
https://qei.org.au/wp-content/themes/qei/fonts/slick.woff:
2026-08-31 09:59:39 ERROR 404: Not Found.
https://qei.org.au/wp-content/themes/qei/fonts/slick.ttf:
2026-08-31 09:59:40 ERROR 404: Not Found.
https://qei.org.au/wp-content/themes/qei/fonts/slick.svg:
2026-08-31 09:59:42 ERROR 404: Not Found.
2026-08-31 09:59:42 URL:https://qei.org.au/news/covid-19-update/ [114561] -> "raw-site/qei.org.au/news/covid-19-update/index.html" [1]
2026-08-31 09:59:43 URL:https://qei.org.au/wp-content/themes/qei/css/custom-styles.css?ver=1788169845 [140055/140055] -> "raw-site/qei.org.au/wp-content/themes/qei/css/custom-styles.css@ver=1788169845.css" [1]
2026-08-31 09:59:43 URL:https://qei.org.au/wp-content/uploads/2020/03/Untitled-design-27.png [850478/850478] -> "raw-site/qei.org.au/wp-content/uploads/2020/03/Untitled-design-27.png" [1]
https://qei.org.au/wp-content/themes/qei/css/owl.video.play.png:
2026-08-31 09:59:45 ERROR 404: Not Found.
https://qei.org.au/wp-content/themes/qei/fonts/slick.eot:
2026-08-31 09:59:46 ERROR 404: Not Found.
https://qei.org.au/wp-content/themes/qei/fonts/slick.eot?:
2026-08-31 09:59:47 ERROR 404: Not Found.
https://qei.org.au/wp-content/themes/qei/fonts/slick.woff:
2026-08-31 09:59:49 ERROR 404: Not Found.
https://qei.org.au/wp-content/themes/qei/fonts/slick.ttf:
2026-08-31 09:59:50 ERROR 404: Not Found.
https://qei.org.au/wp-content/themes/qei/fonts/slick.svg:
2026-08-31 09:59:51 ERROR 404: Not Found.
2026-08-31 09:59:52 URL:https://qei.org.au/news/creating-queenslands-first-inherited-eye-disease-registry/ [120320] -> "raw-site/qei.org.au/news/creating-queenslands-first-inherited-eye-disease-registry/index.html" [1]
2026-08-31 09:59:52 URL:https://qei.org.au/wp-content/themes/qei/css/custom-styles.css?ver=1788169906 [140055/140055] -> "raw-site/qei.org.au/wp-content/themes/qei/css/custom-styles.css@ver=1788169906.css" [1]
2026-08-31 09:59:53 URL:https://qei.org.au/wp-content/uploads/2020/08/Abhishek-1430x953.jpg [135637/135637] -> "raw-site/qei.org.au/wp-content/uploads/2020/08/Abhishek-1430x953.jpg" [1]
2026-08-31 09:59:53 URL:https://qei.org.au/wp-content/uploads/2020/08/Associate-Professor-Shuan-Dai.jpg [87767/87767] -> "raw-site/qei.org.au/wp-content/uploads/2020/08/Associate-Professor-Shuan-Dai.jpg" [1]
2026-08-31 09:59:54 URL:https://qei.org.au/wp-content/uploads/2020/08/Associate-Professor-Shuan-Dai-294x300.jpg [18757/18757] -> "raw-site/qei.org.au/wp-content/uploads/2020/08/Associate-Professor-Shuan-Dai-294x300.jpg" [1]
2026-08-31 09:59:54 URL:https://qei.org.au/wp-content/uploads/2020/08/Dr-White.jpg [90407/90407] -> "raw-site/qei.org.au/wp-content/uploads/2020/08/Dr-White.jpg" [1]
2026-08-31 09:59:55 URL:https://qei.org.au/wp-content/uploads/2020/08/Dr-White-150x150.jpg [6318/6318] -> "raw-site/qei.org.au/wp-content/uploads/2020/08/Dr-White-150x150.jpg" [1]
2026-08-31 09:59:55 URL:https://qei.org.au/wp-content/uploads/2020/08/Dr-White-298x300.jpg [15899/15899] -> "raw-site/qei.org.au/wp-content/uploads/2020/08/Dr-White-298x300.jpg" [1]
2026-08-31 09:59:56 URL:https://qei.org.au/wp-content/uploads/2020/08/Abhishek.jpg [7023093/7023093] -> "raw-site/qei.org.au/wp-content/uploads/2020/08/Abhishek.jpg" [1]
2026-08-31 09:59:56 URL:https://qei.org.au/wp-content/uploads/2020/08/Abhishek-300x200.jpg [14129/14129] -> "raw-site/qei.org.au/wp-content/uploads/2020/08/Abhishek-300x200.jpg" [1]
2026-08-31 09:59:57 URL:https://qei.org.au/wp-content/uploads/2020/08/Abhishek-768x512.jpg [53824/53824] -> "raw-site/qei.org.au/wp-content/uploads/2020/08/Abhishek-768x512.jpg" [1]
2026-08-31 09:59:57 URL:https://qei.org.au/wp-content/uploads/2020/08/Abhishek-1024x683.jpg [82285/82285] -> "raw-site/qei.org.au/wp-content/uploads/2020/08/Abhishek-1024x683.jpg" [1]
2026-08-31 09:59:58 URL:https://qei.org.au/wp-content/uploads/2020/08/Abhishek-800x533.jpg [57657/57657] -> "raw-site/qei.org.au/wp-content/uploads/2020/08/Abhishek-800x533.jpg" [1]
2026-08-31 09:59:58 URL:https://qei.org.au/wp-content/uploads/2020/08/Abhishek-400x267.jpg [21379/21379] -> "raw-site/qei.org.au/wp-content/uploads/2020/08/Abhishek-400x267.jpg" [1]
https://qei.org.au/wp-content/themes/qei/css/owl.video.play.png:
2026-08-31 10:00:00 ERROR 404: Not Found.
https://qei.org.au/wp-content/themes/qei/fonts/slick.eot:
2026-08-31 10:00:01 ERROR 404: Not Found.
https://qei.org.au/wp-content/themes/qei/fonts/slick.eot?:
2026-08-31 10:00:02 ERROR 404: Not Found.
https://qei.org.au/wp-content/themes/qei/fonts/slick.woff:
2026-08-31 10:00:04 ERROR 404: Not Found.
https://qei.org.au/wp-content/themes/qei/fonts/slick.ttf:
2026-08-31 10:00:05 ERROR 404: Not Found.
https://qei.org.au/wp-content/themes/qei/fonts/slick.svg:
2026-08-31 10:00:06 ERROR 404: Not Found.
2026-08-31 10:00:07 URL:https://qei.org.au/news/discussing-macular-degeneration-with-associate-professor-abhishek-sharma/ [120048] -> "raw-site/qei.org.au/news/discussing-macular-degeneration-with-associate-professor-abhishek-sharma/index.html" [1]
2026-08-31 10:00:07 URL:https://qei.org.au/wp-content/themes/qei/css/custom-styles.css?ver=1788169895 [140055/140055] -> "raw-site/qei.org.au/wp-content/themes/qei/css/custom-styles.css@ver=1788169895.css" [1]
2026-08-31 10:00:08 URL:https://qei.org.au/wp-content/uploads/2021/10/Page-1-and-Page-4-image-Dr-Abhishek-Sharma-examing-patient-at-Queensland-Eye-Institute-1430x953.jpg [136971/136971] -> "raw-site/qei.org.au/wp-content/uploads/2021/10/Page-1-and-Page-4-image-Dr-Abhishek-Sharma-examing-patient-at-Queensland-Eye-Institute-1430x953.jpg" [1]
2026-08-31 10:00:08 URL:https://qei.org.au/wp-content/uploads/2021/10/Page-1-and-Page-4-image-Dr-Abhishek-Sharma-examing-patient-at-Queensland-Eye-Institute-300x200.jpg [13688/13688] -> "raw-site/qei.org.au/wp-content/uploads/2021/10/Page-1-and-Page-4-image-Dr-Abhishek-Sharma-examing-patient-at-Queensland-Eye-Institute-300x200.jpg" [1]
2026-08-31 10:00:09 URL:https://qei.org.au/wp-content/uploads/2021/10/Page-1-and-Page-4-image-Dr-Abhishek-Sharma-examing-patient-at-Queensland-Eye-Institute-768x512.jpg [52752/52752] -> "raw-site/qei.org.au/wp-content/uploads/2021/10/Page-1-and-Page-4-image-Dr-Abhishek-Sharma-examing-patient-at-Queensland-Eye-Institute-768x512.jpg" [1]
2026-08-31 10:00:09 URL:https://qei.org.au/wp-content/uploads/2021/10/Page-1-and-Page-4-image-Dr-Abhishek-Sharma-examing-patient-at-Queensland-Eye-Institute-1024x683.jpg [81394/81394] -> "raw-site/qei.org.au/wp-content/uploads/2021/10/Page-1-and-Page-4-image-Dr-Abhishek-Sharma-examing-patient-at-Queensland-Eye-Institute-1024x683.jpg" [1]
2026-08-31 10:00:10 URL:https://qei.org.au/wp-content/uploads/2021/10/Page-1-and-Page-4-image-Dr-Abhishek-Sharma-examing-patient-at-Queensland-Eye-Institute-800x533.jpg [56263/56263] -> "raw-site/qei.org.au/wp-content/uploads/2021/10/Page-1-and-Page-4-image-Dr-Abhishek-Sharma-examing-patient-at-Queensland-Eye-Institute-800x533.jpg" [1]
2026-08-31 10:00:10 URL:https://qei.org.au/wp-content/uploads/2021/10/Page-1-and-Page-4-image-Dr-Abhishek-Sharma-examing-patient-at-Queensland-Eye-Institute-400x267.jpg [20699/20699] -> "raw-site/qei.org.au/wp-content/uploads/2021/10/Page-1-and-Page-4-image-Dr-Abhishek-Sharma-examing-patient-at-Queensland-Eye-Institute-400x267.jpg" [1]
https://qei.org.au/wp-content/themes/qei/css/owl.video.play.png:
2026-08-31 10:00:12 ERROR 404: Not Found.
https://qei.org.au/wp-content/themes/qei/fonts/slick.eot:
2026-08-31 10:00:14 ERROR 404: Not Found.
https://qei.org.au/wp-content/themes/qei/fonts/slick.eot?:
2026-08-31 10:00:15 ERROR 404: Not Found.
https://qei.org.au/wp-content/themes/qei/fonts/slick.woff:
2026-08-31 10:00:17 ERROR 404: Not Found.
https://qei.org.au/wp-content/themes/qei/fonts/slick.ttf:
2026-08-31 10:00:18 ERROR 404: Not Found.
https://qei.org.au/wp-content/themes/qei/fonts/slick.svg:
2026-08-31 10:00:20 ERROR 404: Not Found.
2026-08-31 10:00:20 URL:https://qei.org.au/news/dr-anthony-pane-publishes-new-edition-of-seminal-textbook/ [116476] -> "raw-site/qei.org.au/news/dr-anthony-pane-publishes-new-edition-of-seminal-textbook/index.html" [1]
2026-08-31 10:00:21 URL:https://qei.org.au/wp-content/themes/qei/css/custom-styles.css?ver=1788134317 [140055/140055] -> "raw-site/qei.org.au/wp-content/themes/qei/css/custom-styles.css@ver=1788134317.css" [1]
2026-08-31 10:00:21 URL:https://qei.org.au/wp-content/uploads/2024/09/Book_Dust_Jacket_Mockup_2-QEI-BOOK-1430x1192.jpg [108487/108487] -> "raw-site/qei.org.au/wp-content/uploads/2024/09/Book_Dust_Jacket_Mockup_2-QEI-BOOK-1430x1192.jpg" [1]
2026-08-31 10:00:22 URL:https://qei.org.au/wp-content/uploads/2024/08/Dr-Anthony-Pane-2006.jpg [1345935/1345935] -> "raw-site/qei.org.au/wp-content/uploads/2024/08/Dr-Anthony-Pane-2006.jpg" [1]
2026-08-31 10:00:23 URL:https://qei.org.au/wp-content/uploads/2024/08/Dr-Anthony-Pane-2006-300x200.jpg [11586/11586] -> "raw-site/qei.org.au/wp-content/uploads/2024/08/Dr-Anthony-Pane-2006-300x200.jpg" [1]
2026-08-31 10:00:24 URL:https://qei.org.au/wp-content/uploads/2024/08/Dr-Anthony-Pane-2006-1024x682.jpg [77174/77174] -> "raw-site/qei.org.au/wp-content/uploads/2024/08/Dr-Anthony-Pane-2006-1024x682.jpg" [1]
2026-08-31 10:00:24 URL:https://qei.org.au/wp-content/uploads/2024/08/Dr-Anthony-Pane-2006-768x512.jpg [48359/48359] -> "raw-site/qei.org.au/wp-content/uploads/2024/08/Dr-Anthony-Pane-2006-768x512.jpg" [1]
2026-08-31 10:00:25 URL:https://qei.org.au/wp-content/uploads/2024/08/Dr-Anthony-Pane-2006-1536x1024.jpg [154038/154038] -> "raw-site/qei.org.au/wp-content/uploads/2024/08/Dr-Anthony-Pane-2006-1536x1024.jpg" [1]
2026-08-31 10:00:25 URL:https://qei.org.au/wp-content/uploads/2024/08/Dr-Anthony-Pane-2006-1430x953.jpg [136758/136758] -> "raw-site/qei.org.au/wp-content/uploads/2024/08/Dr-Anthony-Pane-2006-1430x953.jpg" [1]
2026-08-31 10:00:26 URL:https://qei.org.au/wp-content/uploads/2024/08/Dr-Anthony-Pane-2006-800x533.jpg [51756/51756] -> "raw-site/qei.org.au/wp-content/uploads/2024/08/Dr-Anthony-Pane-2006-800x533.jpg" [1]
2026-08-31 10:00:26 URL:https://qei.org.au/wp-content/uploads/2024/08/Dr-Anthony-Pane-2006-400x267.jpg [17841/17841] -> "raw-site/qei.org.au/wp-content/uploads/2024/08/Dr-Anthony-Pane-2006-400x267.jpg" [1]
https://qei.org.au/wp-content/themes/qei/css/owl.video.play.png:
2026-08-31 10:00:27 ERROR 404: Not Found.
https://qei.org.au/wp-content/themes/qei/fonts/slick.eot:
2026-08-31 10:00:29 ERROR 404: Not Found.
https://qei.org.au/wp-content/themes/qei/fonts/slick.eot?:
2026-08-31 10:00:30 ERROR 404: Not Found.
https://qei.org.au/wp-content/themes/qei/fonts/slick.woff:
2026-08-31 10:00:31 ERROR 404: Not Found.
https://qei.org.au/wp-content/themes/qei/fonts/slick.ttf:
2026-08-31 10:00:33 ERROR 404: Not Found.
https://qei.org.au/wp-content/themes/qei/fonts/slick.svg:
2026-08-31 10:00:34 ERROR 404: Not Found.
2026-08-31 10:00:35 URL:https://qei.org.au/news/dr-audra-shadforth-receives-mdfa-research-grant/ [115412] -> "raw-site/qei.org.au/news/dr-audra-shadforth-receives-mdfa-research-grant/index.html" [1]
2026-08-31 10:00:35 URL:https://qei.org.au/wp-content/themes/qei/css/custom-styles.css?ver=1788163437 [140055/140055] -> "raw-site/qei.org.au/wp-content/themes/qei/css/custom-styles.css@ver=1788163437.css" [1]
2026-08-31 10:00:36 URL:https://qei.org.au/wp-content/uploads/2019/12/audra.jpg [67509/67509] -> "raw-site/qei.org.au/wp-content/uploads/2019/12/audra.jpg" [1]
https://qei.org.au/wp-content/themes/qei/css/owl.video.play.png:
2026-08-31 10:00:37 ERROR 404: Not Found.
https://qei.org.au/wp-content/themes/qei/fonts/slick.eot:
2026-08-31 10:00:38 ERROR 404: Not Found.
https://qei.org.au/wp-content/themes/qei/fonts/slick.eot?:
2026-08-31 10:00:40 ERROR 404: Not Found.
https://qei.org.au/wp-content/themes/qei/fonts/slick.woff:
2026-08-31 10:00:41 ERROR 404: Not Found.
https://qei.org.au/wp-content/themes/qei/fonts/slick.ttf:
2026-08-31 10:00:42 ERROR 404: Not Found.
https://qei.org.au/wp-content/themes/qei/fonts/slick.svg:
2026-08-31 10:00:44 ERROR 404: Not Found.
2026-08-31 10:00:44 URL:https://qei.org.au/news/dr-david-gunn-on-channel-10s-scope/ [113297] -> "raw-site/qei.org.au/news/dr-david-gunn-on-channel-10s-scope/index.html" [1]
2026-08-31 10:00:45 URL:https://qei.org.au/wp-content/themes/qei/css/custom-styles.css?ver=1788166118 [140055/140055] -> "raw-site/qei.org.au/wp-content/themes/qei/css/custom-styles.css@ver=1788166118.css" [1]
2026-08-31 10:00:45 URL:https://qei.org.au/wp-content/uploads/2020/03/Dr-Gunn-SCOPE-1430x1073.jpg [253793/253793] -> "raw-site/qei.org.au/wp-content/uploads/2020/03/Dr-Gunn-SCOPE-1430x1073.jpg" [1]
https://qei.org.au/wp-content/themes/qei/css/owl.video.play.png:
2026-08-31 10:00:47 ERROR 404: Not Found.
https://qei.org.au/wp-content/themes/qei/fonts/slick.eot:
2026-08-31 10:00:48 ERROR 404: Not Found.
https://qei.org.au/wp-content/themes/qei/fonts/slick.eot?:
2026-08-31 10:00:49 ERROR 404: Not Found.
https://qei.org.au/wp-content/themes/qei/fonts/slick.woff:
2026-08-31 10:00:51 ERROR 404: Not Found.
https://qei.org.au/wp-content/themes/qei/fonts/slick.ttf:
2026-08-31 10:00:52 ERROR 404: Not Found.
https://qei.org.au/wp-content/themes/qei/fonts/slick.svg:
2026-08-31 10:00:53 ERROR 404: Not Found.
2026-08-31 10:00:54 URL:https://qei.org.au/news/dr-geoffrey-ryan-joins-the-qei-clinic/ [114374] -> "raw-site/qei.org.au/news/dr-geoffrey-ryan-joins-the-qei-clinic/index.html" [1]
2026-08-31 10:00:54 URL:https://qei.org.au/wp-content/themes/qei/css/custom-styles.css?ver=1788166121 [140055/140055] -> "raw-site/qei.org.au/wp-content/themes/qei/css/custom-styles.css@ver=1788166121.css" [1]
2026-08-31 10:00:55 URL:https://qei.org.au/wp-content/uploads/2019/10/Geoffrey-Ryan-1430x1430.jpg [162408/162408] -> "raw-site/qei.org.au/wp-content/uploads/2019/10/Geoffrey-Ryan-1430x1430.jpg" [1]
https://qei.org.au/wp-content/themes/qei/css/owl.video.play.png:
2026-08-31 10:00:56 ERROR 404: Not Found.
https://qei.org.au/wp-content/themes/qei/fonts/slick.eot:
2026-08-31 10:00:58 ERROR 404: Not Found.
https://qei.org.au/wp-content/themes/qei/fonts/slick.eot?:
2026-08-31 10:00:59 ERROR 404: Not Found.
https://qei.org.au/wp-content/themes/qei/fonts/slick.woff:
2026-08-31 10:01:01 ERROR 404: Not Found.
https://qei.org.au/wp-content/themes/qei/fonts/slick.ttf:
2026-08-31 10:01:02 ERROR 404: Not Found.
https://qei.org.au/wp-content/themes/qei/fonts/slick.svg:
2026-08-31 10:01:03 ERROR 404: Not Found.
2026-08-31 10:01:04 URL:https://qei.org.au/news/dr-gunn-joins-the-qei-clinic/ [113219] -> "raw-site/qei.org.au/news/dr-gunn-joins-the-qei-clinic/index.html" [1]
2026-08-31 10:01:05 URL:https://qei.org.au/wp-content/themes/qei/css/custom-styles.css?ver=1788166123 [140055/140055] -> "raw-site/qei.org.au/wp-content/themes/qei/css/custom-styles.css@ver=1788166123.css" [1]
2026-08-31 10:01:05 URL:https://qei.org.au/wp-content/uploads/2019/02/dr-gunn.png [66989/66989] -> "raw-site/qei.org.au/wp-content/uploads/2019/02/dr-gunn.png" [1]
https://qei.org.au/wp-content/themes/qei/css/owl.video.play.png:
2026-08-31 10:01:06 ERROR 404: Not Found.
https://qei.org.au/wp-content/themes/qei/fonts/slick.eot:
2026-08-31 10:01:08 ERROR 404: Not Found.
https://qei.org.au/wp-content/themes/qei/fonts/slick.eot?:
2026-08-31 10:01:09 ERROR 404: Not Found.
https://qei.org.au/wp-content/themes/qei/fonts/slick.woff:
2026-08-31 10:01:10 ERROR 404: Not Found.
https://qei.org.au/wp-content/themes/qei/fonts/slick.ttf:
2026-08-31 10:01:12 ERROR 404: Not Found.
https://qei.org.au/wp-content/themes/qei/fonts/slick.svg:
2026-08-31 10:01:13 ERROR 404: Not Found.
2026-08-31 10:01:14 URL:https://qei.org.au/news/dr-kehdi-joins-the-qei-clinic/ [113554] -> "raw-site/qei.org.au/news/dr-kehdi-joins-the-qei-clinic/index.html" [1]
2026-08-31 10:01:14 URL:https://qei.org.au/wp-content/themes/qei/css/custom-styles.css?ver=1788166126 [140055/140055] -> "raw-site/qei.org.au/wp-content/themes/qei/css/custom-styles.css@ver=1788166126.css" [1]
2026-08-31 10:01:15 URL:https://qei.org.au/wp-content/uploads/2019/02/dr-kehdi.jpeg [56396/56396] -> "raw-site/qei.org.au/wp-content/uploads/2019/02/dr-kehdi.jpeg" [1]
https://qei.org.au/wp-content/themes/qei/css/owl.video.play.png:
2026-08-31 10:01:16 ERROR 404: Not Found.
https://qei.org.au/wp-content/themes/qei/fonts/slick.eot:
2026-08-31 10:01:18 ERROR 404: Not Found.
https://qei.org.au/wp-content/themes/qei/fonts/slick.eot?:
2026-08-31 10:01:19 ERROR 404: Not Found.
https://qei.org.au/wp-content/themes/qei/fonts/slick.woff:
2026-08-31 10:01:20 ERROR 404: Not Found.
https://qei.org.au/wp-content/themes/qei/fonts/slick.ttf:
2026-08-31 10:01:22 ERROR 404: Not Found.
https://qei.org.au/wp-content/themes/qei/fonts/slick.svg:
2026-08-31 10:01:23 ERROR 404: Not Found.
2026-08-31 10:01:23 URL:https://qei.org.au/news/dr-onur-sakiragaoglu-joins-the-qei-laboratories/ [112833] -> "raw-site/qei.org.au/news/dr-onur-sakiragaoglu-joins-the-qei-laboratories/index.html" [1]
2026-08-31 10:01:24 URL:https://qei.org.au/wp-content/themes/qei/css/custom-styles.css?ver=1788166297 [140055/140055] -> "raw-site/qei.org.au/wp-content/themes/qei/css/custom-styles.css@ver=1788166297.css" [1]
2026-08-31 10:01:25 URL:https://qei.org.au/wp-content/uploads/2020/02/Dr-Onur-New-Researcher-1073x1430.jpg [162851/162851] -> "raw-site/qei.org.au/wp-content/uploads/2020/02/Dr-Onur-New-Researcher-1073x1430.jpg" [1]
https://qei.org.au/wp-content/themes/qei/css/owl.video.play.png:
2026-08-31 10:01:26 ERROR 404: Not Found.
https://qei.org.au/wp-content/themes/qei/fonts/slick.eot:
2026-08-31 10:01:27 ERROR 404: Not Found.
https://qei.org.au/wp-content/themes/qei/fonts/slick.eot?:
2026-08-31 10:01:29 ERROR 404: Not Found.
https://qei.org.au/wp-content/themes/qei/fonts/slick.woff:
2026-08-31 10:01:30 ERROR 404: Not Found.
https://qei.org.au/wp-content/themes/qei/fonts/slick.ttf:
2026-08-31 10:01:31 ERROR 404: Not Found.
https://qei.org.au/wp-content/themes/qei/fonts/slick.svg:
2026-08-31 10:01:32 ERROR 404: Not Found.
2026-08-31 10:01:33 URL:https://qei.org.au/news/exploring-collaboration-with-one-of-the-worlds-largest-rural-eye-hospitals/ [117463] -> "raw-site/qei.org.au/news/exploring-collaboration-with-one-of-the-worlds-largest-rural-eye-hospitals/index.html" [1]
2026-08-31 10:01:34 URL:https://qei.org.au/wp-content/themes/qei/css/custom-styles.css?ver=1788134553 [140055/140055] -> "raw-site/qei.org.au/wp-content/themes/qei/css/custom-styles.css@ver=1788134553.css" [1]
2026-08-31 10:01:34 URL:https://qei.org.au/wp-content/uploads/2025/07/Chitrakoot-eye-hospital-interior-e1753836409612.jpg [162993/162993] -> "raw-site/qei.org.au/wp-content/uploads/2025/07/Chitrakoot-eye-hospital-interior-e1753836409612.jpg" [1]
2026-08-31 10:01:35 URL:https://qei.org.au/wp-content/uploads/2025/07/Chitrakook-eye-hospital-group-interior-1024x768.jpg [129939/129939] -> "raw-site/qei.org.au/wp-content/uploads/2025/07/Chitrakook-eye-hospital-group-interior-1024x768.jpg" [1]
2026-08-31 10:01:35 URL:https://qei.org.au/wp-content/uploads/2025/07/Chitrakook-eye-hospital-group-interior-300x225.jpg [18159/18159] -> "raw-site/qei.org.au/wp-content/uploads/2025/07/Chitrakook-eye-hospital-group-interior-300x225.jpg" [1]
2026-08-31 10:01:36 URL:https://qei.org.au/wp-content/uploads/2025/07/Chitrakook-eye-hospital-group-interior-768x576.jpg [82677/82677] -> "raw-site/qei.org.au/wp-content/uploads/2025/07/Chitrakook-eye-hospital-group-interior-768x576.jpg" [1]
2026-08-31 10:01:36 URL:https://qei.org.au/wp-content/uploads/2025/07/Chitrakook-eye-hospital-group-interior-1536x1152.jpg [244627/244627] -> "raw-site/qei.org.au/wp-content/uploads/2025/07/Chitrakook-eye-hospital-group-interior-1536x1152.jpg" [1]
2026-08-31 10:01:37 URL:https://qei.org.au/wp-content/uploads/2025/07/Chitrakook-eye-hospital-group-interior-1430x1073.jpg [221493/221493] -> "raw-site/qei.org.au/wp-content/uploads/2025/07/Chitrakook-eye-hospital-group-interior-1430x1073.jpg" [1]
2026-08-31 10:01:37 URL:https://qei.org.au/wp-content/uploads/2025/07/Chitrakook-eye-hospital-group-interior-800x600.jpg [87981/87981] -> "raw-site/qei.org.au/wp-content/uploads/2025/07/Chitrakook-eye-hospital-group-interior-800x600.jpg" [1]
2026-08-31 10:01:38 URL:https://qei.org.au/wp-content/uploads/2025/07/Chitrakook-eye-hospital-group-interior-400x300.jpg [28459/28459] -> "raw-site/qei.org.au/wp-content/uploads/2025/07/Chitrakook-eye-hospital-group-interior-400x300.jpg" [1]
2026-08-31 10:01:38 URL:https://qei.org.au/wp-content/uploads/2025/07/Chitrakook-eye-hospital-group-interior.jpg [524587/524587] -> "raw-site/qei.org.au/wp-content/uploads/2025/07/Chitrakook-eye-hospital-group-interior.jpg" [1]
2026-08-31 10:01:39 URL:https://qei.org.au/wp-content/uploads/2025/07/Chitrakoot-eye-hospital.jpg [91102/91102] -> "raw-site/qei.org.au/wp-content/uploads/2025/07/Chitrakoot-eye-hospital.jpg" [1]
2026-08-31 10:01:39 URL:https://qei.org.au/wp-content/uploads/2025/07/Chitrakoot-eye-hospital-300x225.jpg [17561/17561] -> "raw-site/qei.org.au/wp-content/uploads/2025/07/Chitrakoot-eye-hospital-300x225.jpg" [1]
2026-08-31 10:01:40 URL:https://qei.org.au/wp-content/uploads/2025/07/Chitrakoot-eye-hospital-400x300.jpg [28852/28852] -> "raw-site/qei.org.au/wp-content/uploads/2025/07/Chitrakoot-eye-hospital-400x300.jpg" [1]
https://qei.org.au/wp-content/themes/qei/css/owl.video.play.png:
2026-08-31 10:01:41 ERROR 404: Not Found.
https://qei.org.au/wp-content/themes/qei/fonts/slick.eot:
2026-08-31 10:01:42 ERROR 404: Not Found.
https://qei.org.au/wp-content/themes/qei/fonts/slick.eot?:
2026-08-31 10:01:44 ERROR 404: Not Found.
https://qei.org.au/wp-content/themes/qei/fonts/slick.woff:
2026-08-31 10:01:45 ERROR 404: Not Found.
https://qei.org.au/wp-content/themes/qei/fonts/slick.ttf:
2026-08-31 10:01:46 ERROR 404: Not Found.
https://qei.org.au/wp-content/themes/qei/fonts/slick.svg:
2026-08-31 10:01:48 ERROR 404: Not Found.
2026-08-31 10:01:48 URL:https://qei.org.au/news/five-minutes-with-associate-professor-anthony-kwan-during-lockdown/ [118865] -> "raw-site/qei.org.au/news/five-minutes-with-associate-professor-anthony-kwan-during-lockdown/index.html" [1]
2026-08-31 10:01:49 URL:https://qei.org.au/wp-content/themes/qei/css/custom-styles.css?ver=1788169856 [140055/140055] -> "raw-site/qei.org.au/wp-content/themes/qei/css/custom-styles.css@ver=1788169856.css" [1]
2026-08-31 10:01:49 URL:https://qei.org.au/wp-content/uploads/2021/10/Associate-Professor-Anthony-Kwan-at-Queensland-Eye-Institute-for-website.png [544947/544947] -> "raw-site/qei.org.au/wp-content/uploads/2021/10/Associate-Professor-Anthony-Kwan-at-Queensland-Eye-Institute-for-website.png" [1]
2026-08-31 10:01:50 URL:https://qei.org.au/wp-content/uploads/2021/10/Page-7-image-Dr-Kwan-in-his-fencing-outfit-in-his-heyday-174x300.jpg [11507/11507] -> "raw-site/qei.org.au/wp-content/uploads/2021/10/Page-7-image-Dr-Kwan-in-his-fencing-outfit-in-his-heyday-174x300.jpg" [1]
2026-08-31 10:01:50 URL:https://qei.org.au/wp-content/uploads/2021/10/Page-7-image-Dr-Kwan-in-his-fencing-outfit-in-his-heyday-768x1327.jpg [112121/112121] -> "raw-site/qei.org.au/wp-content/uploads/2021/10/Page-7-image-Dr-Kwan-in-his-fencing-outfit-in-his-heyday-768x1327.jpg" [1]
2026-08-31 10:01:51 URL:https://qei.org.au/wp-content/uploads/2021/10/Page-7-image-Dr-Kwan-in-his-fencing-outfit-in-his-heyday-593x1024.jpg [73931/73931] -> "raw-site/qei.org.au/wp-content/uploads/2021/10/Page-7-image-Dr-Kwan-in-his-fencing-outfit-in-his-heyday-593x1024.jpg" [1]
2026-08-31 10:01:51 URL:https://qei.org.au/wp-content/uploads/2021/10/Page-7-image-Dr-Kwan-in-his-fencing-outfit-in-his-heyday-828x1430.jpg [127535/127535] -> "raw-site/qei.org.au/wp-content/uploads/2021/10/Page-7-image-Dr-Kwan-in-his-fencing-outfit-in-his-heyday-828x1430.jpg" [1]
2026-08-31 10:01:52 URL:https://qei.org.au/wp-content/uploads/2021/10/Page-7-image-Dr-Kwan-in-his-fencing-outfit-in-his-heyday-800x1382.jpg [119945/119945] -> "raw-site/qei.org.au/wp-content/uploads/2021/10/Page-7-image-Dr-Kwan-in-his-fencing-outfit-in-his-heyday-800x1382.jpg" [1]
2026-08-31 10:01:52 URL:https://qei.org.au/wp-content/uploads/2021/10/Page-7-image-Dr-Kwan-in-his-fencing-outfit-in-his-heyday.jpg [729765/729765] -> "raw-site/qei.org.au/wp-content/uploads/2021/10/Page-7-image-Dr-Kwan-in-his-fencing-outfit-in-his-heyday.jpg" [1]
2026-08-31 10:01:53 URL:https://qei.org.au/wp-content/uploads/2021/10/Page-7-image-Dr-Kwan-and-Dr-Lim-300x270.jpg [12825/12825] -> "raw-site/qei.org.au/wp-content/uploads/2021/10/Page-7-image-Dr-Kwan-and-Dr-Lim-300x270.jpg" [1]
2026-08-31 10:01:54 URL:https://qei.org.au/wp-content/uploads/2021/10/Page-7-image-Dr-Kwan-and-Dr-Lim-768x690.jpg [64771/64771] -> "raw-site/qei.org.au/wp-content/uploads/2021/10/Page-7-image-Dr-Kwan-and-Dr-Lim-768x690.jpg" [1]
2026-08-31 10:01:54 URL:https://qei.org.au/wp-content/uploads/2021/10/Page-7-image-Dr-Kwan-and-Dr-Lim-1024x920.jpg [105013/105013] -> "raw-site/qei.org.au/wp-content/uploads/2021/10/Page-7-image-Dr-Kwan-and-Dr-Lim-1024x920.jpg" [1]
2026-08-31 10:01:55 URL:https://qei.org.au/wp-content/uploads/2021/10/Page-7-image-Dr-Kwan-and-Dr-Lim-1430x1285.jpg [187415/187415] -> "raw-site/qei.org.au/wp-content/uploads/2021/10/Page-7-image-Dr-Kwan-and-Dr-Lim-1430x1285.jpg" [1]
2026-08-31 10:01:55 URL:https://qei.org.au/wp-content/uploads/2021/10/Page-7-image-Dr-Kwan-and-Dr-Lim-800x719.jpg [69110/69110] -> "raw-site/qei.org.au/wp-content/uploads/2021/10/Page-7-image-Dr-Kwan-and-Dr-Lim-800x719.jpg" [1]
2026-08-31 10:01:56 URL:https://qei.org.au/wp-content/uploads/2021/10/Page-7-image-Dr-Kwan-and-Dr-Lim-334x300.jpg [15460/15460] -> "raw-site/qei.org.au/wp-content/uploads/2021/10/Page-7-image-Dr-Kwan-and-Dr-Lim-334x300.jpg" [1]
2026-08-31 10:01:56 URL:https://qei.org.au/wp-content/uploads/2021/10/Page-7-image-Dr-Kwan-and-Dr-Lim.jpg [347737/347737] -> "raw-site/qei.org.au/wp-content/uploads/2021/10/Page-7-image-Dr-Kwan-and-Dr-Lim.jpg" [1]
https://qei.org.au/wp-content/themes/qei/css/owl.video.play.png:
2026-08-31 10:01:57 ERROR 404: Not Found.
https://qei.org.au/wp-content/themes/qei/fonts/slick.eot:
2026-08-31 10:01:59 ERROR 404: Not Found.
https://qei.org.au/wp-content/themes/qei/fonts/slick.eot?:
2026-08-31 10:02:00 ERROR 404: Not Found.
https://qei.org.au/wp-content/themes/qei/fonts/slick.woff:
2026-08-31 10:02:02 ERROR 404: Not Found.
https://qei.org.au/wp-content/themes/qei/fonts/slick.ttf:
2026-08-31 10:02:03 ERROR 404: Not Found.
https://qei.org.au/wp-content/themes/qei/fonts/slick.svg:
2026-08-31 10:02:04 ERROR 404: Not Found.
2026-08-31 10:02:05 URL:https://qei.org.au/news/five-minutes-with-dr-david-gunn/ [114802] -> "raw-site/qei.org.au/news/five-minutes-with-dr-david-gunn/index.html" [1]
2026-08-31 10:02:05 URL:https://qei.org.au/wp-content/themes/qei/css/custom-styles.css?ver=1788134561 [140055/140055] -> "raw-site/qei.org.au/wp-content/themes/qei/css/custom-styles.css@ver=1788134561.css" [1]
2026-08-31 10:02:06 URL:https://qei.org.au/wp-content/uploads/2019/08/Dr-David-Gunn-1430x1430.jpg [171052/171052] -> "raw-site/qei.org.au/wp-content/uploads/2019/08/Dr-David-Gunn-1430x1430.jpg" [1]
https://qei.org.au/wp-content/themes/qei/css/owl.video.play.png:
2026-08-31 10:02:07 ERROR 404: Not Found.
https://qei.org.au/wp-content/themes/qei/fonts/slick.eot:
2026-08-31 10:02:08 ERROR 404: Not Found.
https://qei.org.au/wp-content/themes/qei/fonts/slick.eot?:
2026-08-31 10:02:10 ERROR 404: Not Found.
https://qei.org.au/wp-content/themes/qei/fonts/slick.woff:
2026-08-31 10:02:11 ERROR 404: Not Found.
https://qei.org.au/wp-content/themes/qei/fonts/slick.ttf:
2026-08-31 10:02:12 ERROR 404: Not Found.
https://qei.org.au/wp-content/themes/qei/fonts/slick.svg:
2026-08-31 10:02:14 ERROR 404: Not Found.
2026-08-31 10:02:14 URL:https://qei.org.au/news/formalising-qeis-french-connection/ [117934] -> "raw-site/qei.org.au/news/formalising-qeis-french-connection/index.html" [1]
2026-08-31 10:02:15 URL:https://qei.org.au/wp-content/themes/qei/css/custom-styles.css?ver=1788137451 [140055/140055] -> "raw-site/qei.org.au/wp-content/themes/qei/css/custom-styles.css@ver=1788137451.css" [1]
2026-08-31 10:02:15 URL:https://qei.org.au/wp-content/uploads/2025/07/20250626_QEI-Aix-Marseille-Universite-1_Web-1430x1073.jpg [431637/431637] -> "raw-site/qei.org.au/wp-content/uploads/2025/07/20250626_QEI-Aix-Marseille-Universite-1_Web-1430x1073.jpg" [1]
2026-08-31 10:02:16 URL:https://qei.org.au/wp-content/uploads/2025/07/20250626_QEI-Aix-Marseille-Universite-1_Web-1024x768.jpg [234708/234708] -> "raw-site/qei.org.au/wp-content/uploads/2025/07/20250626_QEI-Aix-Marseille-Universite-1_Web-1024x768.jpg" [1]
2026-08-31 10:02:16 URL:https://qei.org.au/wp-content/uploads/2025/07/20250626_QEI-Aix-Marseille-Universite-1_Web-300x225.jpg [24166/24166] -> "raw-site/qei.org.au/wp-content/uploads/2025/07/20250626_QEI-Aix-Marseille-Universite-1_Web-300x225.jpg" [1]
2026-08-31 10:02:17 URL:https://qei.org.au/wp-content/uploads/2025/07/20250626_QEI-Aix-Marseille-Universite-1_Web-768x576.jpg [136753/136753] -> "raw-site/qei.org.au/wp-content/uploads/2025/07/20250626_QEI-Aix-Marseille-Universite-1_Web-768x576.jpg" [1]
2026-08-31 10:02:17 URL:https://qei.org.au/wp-content/uploads/2025/07/20250626_QEI-Aix-Marseille-Universite-1_Web-1536x1152.jpg [485951/485951] -> "raw-site/qei.org.au/wp-content/uploads/2025/07/20250626_QEI-Aix-Marseille-Universite-1_Web-1536x1152.jpg" [1]
2026-08-31 10:02:18 URL:https://qei.org.au/wp-content/uploads/2025/07/20250626_QEI-Aix-Marseille-Universite-1_Web-2048x1536.jpg [784402/784402] -> "raw-site/qei.org.au/wp-content/uploads/2025/07/20250626_QEI-Aix-Marseille-Universite-1_Web-2048x1536.jpg" [1]
2026-08-31 10:02:19 URL:https://qei.org.au/wp-content/uploads/2025/07/20250626_QEI-Aix-Marseille-Universite-1_Web-800x600.jpg [147719/147719] -> "raw-site/qei.org.au/wp-content/uploads/2025/07/20250626_QEI-Aix-Marseille-Universite-1_Web-800x600.jpg" [1]
2026-08-31 10:02:19 URL:https://qei.org.au/wp-content/uploads/2025/07/20250626_QEI-Aix-Marseille-Universite-1_Web-400x300.jpg [40351/40351] -> "raw-site/qei.org.au/wp-content/uploads/2025/07/20250626_QEI-Aix-Marseille-Universite-1_Web-400x300.jpg" [1]
2026-08-31 10:02:20 URL:https://qei.org.au/wp-content/uploads/2025/07/20250515_QEI-student-research-1_Web-1024x683.jpg [136041/136041] -> "raw-site/qei.org.au/wp-content/uploads/2025/07/20250515_QEI-student-research-1_Web-1024x683.jpg" [1]
2026-08-31 10:02:20 URL:https://qei.org.au/wp-content/uploads/2025/07/20250515_QEI-student-research-1_Web-300x200.jpg [19304/19304] -> "raw-site/qei.org.au/wp-content/uploads/2025/07/20250515_QEI-student-research-1_Web-300x200.jpg" [1]
2026-08-31 10:02:21 URL:https://qei.org.au/wp-content/uploads/2025/07/20250515_QEI-student-research-1_Web-768x512.jpg [85516/85516] -> "raw-site/qei.org.au/wp-content/uploads/2025/07/20250515_QEI-student-research-1_Web-768x512.jpg" [1]
2026-08-31 10:02:21 URL:https://qei.org.au/wp-content/uploads/2025/07/20250515_QEI-student-research-1_Web-1536x1024.jpg [259534/259534] -> "raw-site/qei.org.au/wp-content/uploads/2025/07/20250515_QEI-student-research-1_Web-1536x1024.jpg" [1]
2026-08-31 10:02:22 URL:https://qei.org.au/wp-content/uploads/2025/07/20250515_QEI-student-research-1_Web-2048x1366.jpg [409823/409823] -> "raw-site/qei.org.au/wp-content/uploads/2025/07/20250515_QEI-student-research-1_Web-2048x1366.jpg" [1]
2026-08-31 10:02:22 URL:https://qei.org.au/wp-content/uploads/2025/07/20250515_QEI-student-research-1_Web-1430x954.jpg [233269/233269] -> "raw-site/qei.org.au/wp-content/uploads/2025/07/20250515_QEI-student-research-1_Web-1430x954.jpg" [1]
2026-08-31 10:02:23 URL:https://qei.org.au/wp-content/uploads/2025/07/20250515_QEI-student-research-1_Web-800x533.jpg [91496/91496] -> "raw-site/qei.org.au/wp-content/uploads/2025/07/20250515_QEI-student-research-1_Web-800x533.jpg" [1]
2026-08-31 10:02:23 URL:https://qei.org.au/wp-content/uploads/2025/07/20250515_QEI-student-research-1_Web-400x267.jpg [30473/30473] -> "raw-site/qei.org.au/wp-content/uploads/2025/07/20250515_QEI-student-research-1_Web-400x267.jpg" [1]
https://qei.org.au/wp-content/themes/qei/css/owl.video.play.png:
2026-08-31 10:02:25 ERROR 404: Not Found.
https://qei.org.au/wp-content/themes/qei/fonts/slick.eot:
2026-08-31 10:02:26 ERROR 404: Not Found.
https://qei.org.au/wp-content/themes/qei/fonts/slick.eot?:
2026-08-31 10:02:27 ERROR 404: Not Found.
https://qei.org.au/wp-content/themes/qei/fonts/slick.woff:
2026-08-31 10:02:29 ERROR 404: Not Found.
https://qei.org.au/wp-content/themes/qei/fonts/slick.ttf:
2026-08-31 10:02:30 ERROR 404: Not Found.
https://qei.org.au/wp-content/themes/qei/fonts/slick.svg:
2026-08-31 10:02:31 ERROR 404: Not Found.
2026-08-31 10:02:32 URL:https://qei.org.au/news/from-gamble-to-game-changer-how-modern-laser-eye-surgery-set-millions-free-from-glasses/ [119730] -> "raw-site/qei.org.au/news/from-gamble-to-game-changer-how-modern-laser-eye-surgery-set-millions-free-from-glasses/index.html" [1]
2026-08-31 10:02:32 URL:https://qei.org.au/wp-content/themes/qei/css/custom-styles.css?ver=1788137495 [140055/140055] -> "raw-site/qei.org.au/wp-content/themes/qei/css/custom-styles.css@ver=1788137495.css" [1]
2026-08-31 10:02:33 URL:https://qei.org.au/wp-content/uploads/2025/08/shutterstock_139543490-1430x954.jpg [95489/95489] -> "raw-site/qei.org.au/wp-content/uploads/2025/08/shutterstock_139543490-1430x954.jpg" [1]
https://qei.org.au/wp-content/themes/qei/css/owl.video.play.png:
2026-08-31 10:02:34 ERROR 404: Not Found.
https://qei.org.au/wp-content/themes/qei/fonts/slick.eot:
2026-08-31 10:02:35 ERROR 404: Not Found.
https://qei.org.au/wp-content/themes/qei/fonts/slick.eot?:
2026-08-31 10:02:37 ERROR 404: Not Found.
https://qei.org.au/wp-content/themes/qei/fonts/slick.woff:
2026-08-31 10:02:38 ERROR 404: Not Found.
https://qei.org.au/wp-content/themes/qei/fonts/slick.ttf:
2026-08-31 10:02:39 ERROR 404: Not Found.
https://qei.org.au/wp-content/themes/qei/fonts/slick.svg:
2026-08-31 10:02:41 ERROR 404: Not Found.
2026-08-31 10:02:42 URL:https://qei.org.au/news/fundraising-highlights/ [117692] -> "raw-site/qei.org.au/news/fundraising-highlights/index.html" [1]
2026-08-31 10:02:42 URL:https://qei.org.au/wp-content/themes/qei/css/custom-styles.css?ver=1788166300 [140055/140055] -> "raw-site/qei.org.au/wp-content/themes/qei/css/custom-styles.css@ver=1788166300.css" [1]
2026-08-31 10:02:43 URL:https://qei.org.au/wp-content/uploads/2019/02/fundrise-highlights.jpg [73002/73002] -> "raw-site/qei.org.au/wp-content/uploads/2019/02/fundrise-highlights.jpg" [1]
2026-08-31 10:02:43 URL:https://qei.org.au/wp-content/uploads/2019/02/gallery8.jpg [371826/371826] -> "raw-site/qei.org.au/wp-content/uploads/2019/02/gallery8.jpg" [1]
2026-08-31 10:02:44 URL:https://qei.org.au/wp-content/uploads/2019/02/gallery7.jpg [522528/522528] -> "raw-site/qei.org.au/wp-content/uploads/2019/02/gallery7.jpg" [1]
2026-08-31 10:02:44 URL:https://qei.org.au/wp-content/uploads/2019/02/gallery6.jpg [262071/262071] -> "raw-site/qei.org.au/wp-content/uploads/2019/02/gallery6.jpg" [1]
2026-08-31 10:02:45 URL:https://qei.org.au/wp-content/uploads/2019/02/gallery5.jpg [241880/241880] -> "raw-site/qei.org.au/wp-content/uploads/2019/02/gallery5.jpg" [1]
2026-08-31 10:02:45 URL:https://qei.org.au/wp-content/uploads/2019/02/gallery4.jpg [897408/897408] -> "raw-site/qei.org.au/wp-content/uploads/2019/02/gallery4.jpg" [1]
2026-08-31 10:02:46 URL:https://qei.org.au/wp-content/uploads/2019/02/gallery3.jpg [221530/221530] -> "raw-site/qei.org.au/wp-content/uploads/2019/02/gallery3.jpg" [1]
2026-08-31 10:02:47 URL:https://qei.org.au/wp-content/uploads/2019/02/gallery2.jpg [606318/606318] -> "raw-site/qei.org.au/wp-content/uploads/2019/02/gallery2.jpg" [1]
2026-08-31 10:02:47 URL:https://qei.org.au/wp-content/uploads/2019/02/gallery1.jpg [637894/637894] -> "raw-site/qei.org.au/wp-content/uploads/2019/02/gallery1.jpg" [1]
https://qei.org.au/wp-content/themes/qei/css/owl.video.play.png:
2026-08-31 10:02:48 ERROR 404: Not Found.
https://qei.org.au/wp-content/themes/qei/fonts/slick.eot:
2026-08-31 10:02:50 ERROR 404: Not Found.
https://qei.org.au/wp-content/themes/qei/fonts/slick.eot?:
2026-08-31 10:02:51 ERROR 404: Not Found.
https://qei.org.au/wp-content/themes/qei/fonts/slick.woff:
2026-08-31 10:02:52 ERROR 404: Not Found.
https://qei.org.au/wp-content/themes/qei/fonts/slick.ttf:
2026-08-31 10:02:54 ERROR 404: Not Found.
https://qei.org.au/wp-content/themes/qei/fonts/slick.svg:
2026-08-31 10:02:55 ERROR 404: Not Found.
2026-08-31 10:02:55 URL:https://qei.org.au/news/getting-to-know-dr-rebecca-cox/ [115996] -> "raw-site/qei.org.au/news/getting-to-know-dr-rebecca-cox/index.html" [1]
2026-08-31 10:02:56 URL:https://qei.org.au/wp-content/themes/qei/css/custom-styles.css?ver=1788169921 [140055/140055] -> "raw-site/qei.org.au/wp-content/themes/qei/css/custom-styles.css@ver=1788169921.css" [1]
2026-08-31 10:02:56 URL:https://qei.org.au/wp-content/uploads/2022/08/Dr-Rebecca-Cox-for-featured-image-3.jpg [215999/215999] -> "raw-site/qei.org.au/wp-content/uploads/2022/08/Dr-Rebecca-Cox-for-featured-image-3.jpg" [1]
2026-08-31 10:02:57 URL:https://qei.org.au/wp-content/uploads/2022/08/Dr-Rebecca-Cox-248x300.jpeg [8714/8714] -> "raw-site/qei.org.au/wp-content/uploads/2022/08/Dr-Rebecca-Cox-248x300.jpeg" [1]
2026-08-31 10:02:58 URL:https://qei.org.au/wp-content/uploads/2022/08/Dr-Rebecca-Cox-768x928.jpeg [57474/57474] -> "raw-site/qei.org.au/wp-content/uploads/2022/08/Dr-Rebecca-Cox-768x928.jpeg" [1]
2026-08-31 10:02:58 URL:https://qei.org.au/wp-content/uploads/2022/08/Dr-Rebecca-Cox-848x1024.jpeg [69827/69827] -> "raw-site/qei.org.au/wp-content/uploads/2022/08/Dr-Rebecca-Cox-848x1024.jpeg" [1]
2026-08-31 10:02:59 URL:https://qei.org.au/wp-content/uploads/2022/08/Dr-Rebecca-Cox-1184x1430.jpeg [139689/139689] -> "raw-site/qei.org.au/wp-content/uploads/2022/08/Dr-Rebecca-Cox-1184x1430.jpeg" [1]
2026-08-31 10:02:59 URL:https://qei.org.au/wp-content/uploads/2022/08/Dr-Rebecca-Cox-800x966.jpeg [62543/62543] -> "raw-site/qei.org.au/wp-content/uploads/2022/08/Dr-Rebecca-Cox-800x966.jpeg" [1]
2026-08-31 10:03:00 URL:https://qei.org.au/wp-content/uploads/2022/08/Dr-Rebecca-Cox.jpeg [557850/557850] -> "raw-site/qei.org.au/wp-content/uploads/2022/08/Dr-Rebecca-Cox.jpeg" [1]
https://qei.org.au/wp-content/themes/qei/css/owl.video.play.png:
2026-08-31 10:03:01 ERROR 404: Not Found.
https://qei.org.au/wp-content/themes/qei/fonts/slick.eot:
2026-08-31 10:03:03 ERROR 404: Not Found.
https://qei.org.au/wp-content/themes/qei/fonts/slick.eot?:
2026-08-31 10:03:04 ERROR 404: Not Found.
https://qei.org.au/wp-content/themes/qei/fonts/slick.woff:
2026-08-31 10:03:06 ERROR 404: Not Found.
https://qei.org.au/wp-content/themes/qei/fonts/slick.ttf:
2026-08-31 10:03:07 ERROR 404: Not Found.
https://qei.org.au/wp-content/themes/qei/fonts/slick.svg:
2026-08-31 10:03:08 ERROR 404: Not Found.
2026-08-31 10:03:09 URL:https://qei.org.au/news/glaucoma-a-silent-disease-that-can-still-cause-irreversible-blindness/ [121392] -> "raw-site/qei.org.au/news/glaucoma-a-silent-disease-that-can-still-cause-irreversible-blindness/index.html" [1]
2026-08-31 10:03:10 URL:https://qei.org.au/wp-content/themes/qei/css/custom-styles.css?ver=1788133848 [140055/140055] -> "raw-site/qei.org.au/wp-content/themes/qei/css/custom-styles.css@ver=1788133848.css" [1]
2026-08-31 10:03:10 URL:https://qei.org.au/wp-content/uploads/2022/04/Photo-of-Dr-Geoffrey-Ryan.jpg [299547/299547] -> "raw-site/qei.org.au/wp-content/uploads/2022/04/Photo-of-Dr-Geoffrey-Ryan.jpg" [1]
2026-08-31 10:03:11 URL:https://qei.org.au/wp-content/uploads/2022/04/Stages-of-Glaucoma-1024x571.jpeg [61378/61378] -> "raw-site/qei.org.au/wp-content/uploads/2022/04/Stages-of-Glaucoma-1024x571.jpeg" [1]
2026-08-31 10:03:11 URL:https://qei.org.au/wp-content/uploads/2022/04/Stages-of-Glaucoma-300x167.jpeg [11670/11670] -> "raw-site/qei.org.au/wp-content/uploads/2022/04/Stages-of-Glaucoma-300x167.jpeg" [1]
2026-08-31 10:03:12 URL:https://qei.org.au/wp-content/uploads/2022/04/Stages-of-Glaucoma-768x428.jpeg [40996/40996] -> "raw-site/qei.org.au/wp-content/uploads/2022/04/Stages-of-Glaucoma-768x428.jpeg" [1]
2026-08-31 10:03:12 URL:https://qei.org.au/wp-content/uploads/2022/04/Stages-of-Glaucoma-1430x797.jpeg [97264/97264] -> "raw-site/qei.org.au/wp-content/uploads/2022/04/Stages-of-Glaucoma-1430x797.jpeg" [1]
2026-08-31 10:03:13 URL:https://qei.org.au/wp-content/uploads/2022/04/Stages-of-Glaucoma-800x446.jpeg [44263/44263] -> "raw-site/qei.org.au/wp-content/uploads/2022/04/Stages-of-Glaucoma-800x446.jpeg" [1]
2026-08-31 10:03:13 URL:https://qei.org.au/wp-content/uploads/2022/04/Stages-of-Glaucoma-400x223.jpeg [16828/16828] -> "raw-site/qei.org.au/wp-content/uploads/2022/04/Stages-of-Glaucoma-400x223.jpeg" [1]
2026-08-31 10:03:14 URL:https://qei.org.au/wp-content/uploads/2022/04/Photo-of-Dr-Geoffrey-Ryan-1024x1024.jpg [78394/78394] -> "raw-site/qei.org.au/wp-content/uploads/2022/04/Photo-of-Dr-Geoffrey-Ryan-1024x1024.jpg" [1]
2026-08-31 10:03:14 URL:https://qei.org.au/wp-content/uploads/2022/04/Photo-of-Dr-Geoffrey-Ryan-150x150.jpg [4494/4494] -> "raw-site/qei.org.au/wp-content/uploads/2022/04/Photo-of-Dr-Geoffrey-Ryan-150x150.jpg" [1]
2026-08-31 10:03:15 URL:https://qei.org.au/wp-content/uploads/2022/04/Photo-of-Dr-Geoffrey-Ryan-300x300.jpg [10929/10929] -> "raw-site/qei.org.au/wp-content/uploads/2022/04/Photo-of-Dr-Geoffrey-Ryan-300x300.jpg" [1]
2026-08-31 10:03:15 URL:https://qei.org.au/wp-content/uploads/2022/04/Photo-of-Dr-Geoffrey-Ryan-768x768.jpg [45339/45339] -> "raw-site/qei.org.au/wp-content/uploads/2022/04/Photo-of-Dr-Geoffrey-Ryan-768x768.jpg" [1]
2026-08-31 10:03:16 URL:https://qei.org.au/wp-content/uploads/2022/04/Photo-of-Dr-Geoffrey-Ryan-800x800.jpg [48705/48705] -> "raw-site/qei.org.au/wp-content/uploads/2022/04/Photo-of-Dr-Geoffrey-Ryan-800x800.jpg" [1]
https://qei.org.au/wp-content/themes/qei/css/owl.video.play.png:
2026-08-31 10:03:17 ERROR 404: Not Found.
https://qei.org.au/wp-content/themes/qei/fonts/slick.eot:
2026-08-31 10:03:18 ERROR 404: Not Found.
https://qei.org.au/wp-content/themes/qei/fonts/slick.eot?:
2026-08-31 10:03:20 ERROR 404: Not Found.
https://qei.org.au/wp-content/themes/qei/fonts/slick.woff:
2026-08-31 10:03:21 ERROR 404: Not Found.
https://qei.org.au/wp-content/themes/qei/fonts/slick.ttf:
2026-08-31 10:03:22 ERROR 404: Not Found.
https://qei.org.au/wp-content/themes/qei/fonts/slick.svg:
2026-08-31 10:03:24 ERROR 404: Not Found.
2026-08-31 10:03:24 URL:https://qei.org.au/news/glaucoma-day-success/ [115696] -> "raw-site/qei.org.au/news/glaucoma-day-success/index.html" [1]
2026-08-31 10:03:25 URL:https://qei.org.au/wp-content/themes/qei/css/custom-styles.css?ver=1788166303 [140055/140055] -> "raw-site/qei.org.au/wp-content/themes/qei/css/custom-styles.css@ver=1788166303.css" [1]
2026-08-31 10:03:25 URL:https://qei.org.au/wp-content/uploads/2020/03/IMG_2750-1430x889.jpeg [256514/256514] -> "raw-site/qei.org.au/wp-content/uploads/2020/03/IMG_2750-1430x889.jpeg" [1]
2026-08-31 10:03:26 URL:https://qei.org.au/wp-content/uploads/2020/03/IMG_9457.jpg [1916663/1916663] -> "raw-site/qei.org.au/wp-content/uploads/2020/03/IMG_9457.jpg" [1]
2026-08-31 10:03:27 URL:https://qei.org.au/wp-content/uploads/2020/03/IMG_9457-300x225.jpg [15817/15817] -> "raw-site/qei.org.au/wp-content/uploads/2020/03/IMG_9457-300x225.jpg" [1]
2026-08-31 10:03:27 URL:https://qei.org.au/wp-content/uploads/2020/03/IMG_9457-768x576.jpg [68536/68536] -> "raw-site/qei.org.au/wp-content/uploads/2020/03/IMG_9457-768x576.jpg" [1]
2026-08-31 10:03:28 URL:https://qei.org.au/wp-content/uploads/2020/03/IMG_9457-1024x768.jpg [108357/108357] -> "raw-site/qei.org.au/wp-content/uploads/2020/03/IMG_9457-1024x768.jpg" [1]
2026-08-31 10:03:28 URL:https://qei.org.au/wp-content/uploads/2020/03/IMG_9457-1430x1073.jpg [187607/187607] -> "raw-site/qei.org.au/wp-content/uploads/2020/03/IMG_9457-1430x1073.jpg" [1]
2026-08-31 10:03:29 URL:https://qei.org.au/wp-content/uploads/2020/03/IMG_9457-800x600.jpg [73030/73030] -> "raw-site/qei.org.au/wp-content/uploads/2020/03/IMG_9457-800x600.jpg" [1]
2026-08-31 10:03:29 URL:https://qei.org.au/wp-content/uploads/2020/03/IMG_9457-400x300.jpg [24589/24589] -> "raw-site/qei.org.au/wp-content/uploads/2020/03/IMG_9457-400x300.jpg" [1]
2026-08-31 10:03:30 URL:https://qei.org.au/wp-content/uploads/2020/03/8764586.jpg [1971717/1971717] -> "raw-site/qei.org.au/wp-content/uploads/2020/03/8764586.jpg" [1]
2026-08-31 10:03:30 URL:https://qei.org.au/wp-content/uploads/2020/03/8764586-300x225.jpg [17467/17467] -> "raw-site/qei.org.au/wp-content/uploads/2020/03/8764586-300x225.jpg" [1]
2026-08-31 10:03:31 URL:https://qei.org.au/wp-content/uploads/2020/03/8764586-768x576.jpg [74991/74991] -> "raw-site/qei.org.au/wp-content/uploads/2020/03/8764586-768x576.jpg" [1]
2026-08-31 10:03:31 URL:https://qei.org.au/wp-content/uploads/2020/03/8764586-1024x768.jpg [117437/117437] -> "raw-site/qei.org.au/wp-content/uploads/2020/03/8764586-1024x768.jpg" [1]
2026-08-31 10:03:32 URL:https://qei.org.au/wp-content/uploads/2020/03/8764586-1430x1073.jpg [203790/203790] -> "raw-site/qei.org.au/wp-content/uploads/2020/03/8764586-1430x1073.jpg" [1]
2026-08-31 10:03:32 URL:https://qei.org.au/wp-content/uploads/2020/03/8764586-800x600.jpg [79657/79657] -> "raw-site/qei.org.au/wp-content/uploads/2020/03/8764586-800x600.jpg" [1]
2026-08-31 10:03:33 URL:https://qei.org.au/wp-content/uploads/2020/03/8764586-400x300.jpg [26884/26884] -> "raw-site/qei.org.au/wp-content/uploads/2020/03/8764586-400x300.jpg" [1]
2026-08-31 10:03:33 URL:https://qei.org.au/wp-content/uploads/2020/03/2.jpg [1993457/1993457] -> "raw-site/qei.org.au/wp-content/uploads/2020/03/2.jpg" [1]
2026-08-31 10:03:34 URL:https://qei.org.au/wp-content/uploads/2020/03/2-300x225.jpg [16662/16662] -> "raw-site/qei.org.au/wp-content/uploads/2020/03/2-300x225.jpg" [1]
2026-08-31 10:03:34 URL:https://qei.org.au/wp-content/uploads/2020/03/2-768x576.jpg [71316/71316] -> "raw-site/qei.org.au/wp-content/uploads/2020/03/2-768x576.jpg" [1]
2026-08-31 10:03:35 URL:https://qei.org.au/wp-content/uploads/2020/03/2-1024x768.jpg [113240/113240] -> "raw-site/qei.org.au/wp-content/uploads/2020/03/2-1024x768.jpg" [1]
2026-08-31 10:03:35 URL:https://qei.org.au/wp-content/uploads/2020/03/2-1430x1073.jpg [200397/200397] -> "raw-site/qei.org.au/wp-content/uploads/2020/03/2-1430x1073.jpg" [1]
2026-08-31 10:03:36 URL:https://qei.org.au/wp-content/uploads/2020/03/2-800x600.jpg [76137/76137] -> "raw-site/qei.org.au/wp-content/uploads/2020/03/2-800x600.jpg" [1]
2026-08-31 10:03:36 URL:https://qei.org.au/wp-content/uploads/2020/03/2-400x300.jpg [25790/25790] -> "raw-site/qei.org.au/wp-content/uploads/2020/03/2-400x300.jpg" [1]
2026-08-31 10:03:37 URL:https://qei.org.au/wp-content/uploads/2020/03/IMG_2750-1.jpeg [3392224/3392224] -> "raw-site/qei.org.au/wp-content/uploads/2020/03/IMG_2750-1.jpeg" [1]
2026-08-31 10:03:38 URL:https://qei.org.au/wp-content/uploads/2020/03/IMG_2750-1-300x186.jpeg [16934/16934] -> "raw-site/qei.org.au/wp-content/uploads/2020/03/IMG_2750-1-300x186.jpeg" [1]
2026-08-31 10:03:38 URL:https://qei.org.au/wp-content/uploads/2020/03/IMG_2750-1-768x477.jpeg [83806/83806] -> "raw-site/qei.org.au/wp-content/uploads/2020/03/IMG_2750-1-768x477.jpeg" [1]
2026-08-31 10:03:39 URL:https://qei.org.au/wp-content/uploads/2020/03/IMG_2750-1-1024x636.jpeg [139951/139951] -> "raw-site/qei.org.au/wp-content/uploads/2020/03/IMG_2750-1-1024x636.jpeg" [1]
2026-08-31 10:03:39 URL:https://qei.org.au/wp-content/uploads/2020/03/IMG_2750-1-1430x889.jpeg [256514/256514] -> "raw-site/qei.org.au/wp-content/uploads/2020/03/IMG_2750-1-1430x889.jpeg" [1]
2026-08-31 10:03:40 URL:https://qei.org.au/wp-content/uploads/2020/03/IMG_2750-1-800x497.jpeg [90325/90325] -> "raw-site/qei.org.au/wp-content/uploads/2020/03/IMG_2750-1-800x497.jpeg" [1]
2026-08-31 10:03:40 URL:https://qei.org.au/wp-content/uploads/2020/03/IMG_2750-1-400x249.jpeg [27202/27202] -> "raw-site/qei.org.au/wp-content/uploads/2020/03/IMG_2750-1-400x249.jpeg" [1]
https://qei.org.au/wp-content/themes/qei/css/owl.video.play.png:
2026-08-31 10:03:42 ERROR 404: Not Found.
https://qei.org.au/wp-content/themes/qei/fonts/slick.eot:
2026-08-31 10:03:43 ERROR 404: Not Found.
https://qei.org.au/wp-content/themes/qei/fonts/slick.eot?:
2026-08-31 10:03:44 ERROR 404: Not Found.
https://qei.org.au/wp-content/themes/qei/fonts/slick.woff:
2026-08-31 10:03:46 ERROR 404: Not Found.
https://qei.org.au/wp-content/themes/qei/fonts/slick.ttf:
2026-08-31 10:03:47 ERROR 404: Not Found.
https://qei.org.au/wp-content/themes/qei/fonts/slick.svg:
2026-08-31 10:03:48 ERROR 404: Not Found.
2026-08-31 10:03:49 URL:https://qei.org.au/news/glaucoma-qa-with-dr-mark-chiang/ [116607] -> "raw-site/qei.org.au/news/glaucoma-qa-with-dr-mark-chiang/index.html" [1]
2026-08-31 10:03:49 URL:https://qei.org.au/wp-content/themes/qei/css/custom-styles.css?ver=1788169853 [140055/140055] -> "raw-site/qei.org.au/wp-content/themes/qei/css/custom-styles.css@ver=1788169853.css" [1]
2026-08-31 10:03:50 URL:https://qei.org.au/wp-content/uploads/2021/02/Dr-Mark-Chiang-1140x1430.jpg [113737/113737] -> "raw-site/qei.org.au/wp-content/uploads/2021/02/Dr-Mark-Chiang-1140x1430.jpg" [1]
2026-08-31 10:03:50 URL:https://qei.org.au/wp-content/uploads/2021/02/Promo-WGW-2021.jpg [358980/358980] -> "raw-site/qei.org.au/wp-content/uploads/2021/02/Promo-WGW-2021.jpg" [1]
2026-08-31 10:03:51 URL:https://qei.org.au/wp-content/uploads/2021/02/Promo-WGW-2021-300x169.jpg [12301/12301] -> "raw-site/qei.org.au/wp-content/uploads/2021/02/Promo-WGW-2021-300x169.jpg" [1]
2026-08-31 10:03:51 URL:https://qei.org.au/wp-content/uploads/2021/02/Promo-WGW-2021-768x432.jpg [49773/49773] -> "raw-site/qei.org.au/wp-content/uploads/2021/02/Promo-WGW-2021-768x432.jpg" [1]
2026-08-31 10:03:52 URL:https://qei.org.au/wp-content/uploads/2021/02/Promo-WGW-2021-1024x577.jpg [77129/77129] -> "raw-site/qei.org.au/wp-content/uploads/2021/02/Promo-WGW-2021-1024x577.jpg" [1]
2026-08-31 10:03:52 URL:https://qei.org.au/wp-content/uploads/2021/02/Promo-WGW-2021-1430x805.jpg [122512/122512] -> "raw-site/qei.org.au/wp-content/uploads/2021/02/Promo-WGW-2021-1430x805.jpg" [1]
2026-08-31 10:03:53 URL:https://qei.org.au/wp-content/uploads/2021/02/Promo-WGW-2021-800x450.jpg [54520/54520] -> "raw-site/qei.org.au/wp-content/uploads/2021/02/Promo-WGW-2021-800x450.jpg" [1]
2026-08-31 10:03:53 URL:https://qei.org.au/wp-content/uploads/2021/02/Promo-WGW-2021-400x225.jpg [19853/19853] -> "raw-site/qei.org.au/wp-content/uploads/2021/02/Promo-WGW-2021-400x225.jpg" [1]
https://qei.org.au/wp-content/themes/qei/css/owl.video.play.png:
2026-08-31 10:03:55 ERROR 404: Not Found.
https://qei.org.au/wp-content/themes/qei/fonts/slick.eot:
2026-08-31 10:03:56 ERROR 404: Not Found.
https://qei.org.au/wp-content/themes/qei/fonts/slick.eot?:
2026-08-31 10:03:57 ERROR 404: Not Found.
https://qei.org.au/wp-content/themes/qei/fonts/slick.woff:
2026-08-31 10:03:59 ERROR 404: Not Found.
https://qei.org.au/wp-content/themes/qei/fonts/slick.ttf:
2026-08-31 10:04:00 ERROR 404: Not Found.
https://qei.org.au/wp-content/themes/qei/fonts/slick.svg:
2026-08-31 10:04:01 ERROR 404: Not Found.
2026-08-31 10:04:02 URL:https://qei.org.au/news/heads-up-surgery-first-in-australia-pacific/ [114452] -> "raw-site/qei.org.au/news/heads-up-surgery-first-in-australia-pacific/index.html" [1]
2026-08-31 10:04:02 URL:https://qei.org.au/wp-content/themes/qei/css/custom-styles.css?ver=1788144777 [140055/140055] -> "raw-site/qei.org.au/wp-content/themes/qei/css/custom-styles.css@ver=1788144777.css" [1]
2026-08-31 10:04:03 URL:https://qei.org.au/wp-content/uploads/2026/08/20260710_David-Gunn-heads-up-surgery.jpg [159983/159983] -> "raw-site/qei.org.au/wp-content/uploads/2026/08/20260710_David-Gunn-heads-up-surgery.jpg" [1]
2026-08-31 10:04:03 URL:https://qei.org.au/wp-content/uploads/2026/08/20260710_David-Gunn-heads-up-surgery-1024x768.jpg [94745/94745] -> "raw-site/qei.org.au/wp-content/uploads/2026/08/20260710_David-Gunn-heads-up-surgery-1024x768.jpg" [1]
2026-08-31 10:04:04 URL:https://qei.org.au/wp-content/uploads/2026/08/20260710_David-Gunn-heads-up-surgery-300x225.jpg [16086/16086] -> "raw-site/qei.org.au/wp-content/uploads/2026/08/20260710_David-Gunn-heads-up-surgery-300x225.jpg" [1]
2026-08-31 10:04:04 URL:https://qei.org.au/wp-content/uploads/2026/08/20260710_David-Gunn-heads-up-surgery-768x576.jpg [62781/62781] -> "raw-site/qei.org.au/wp-content/uploads/2026/08/20260710_David-Gunn-heads-up-surgery-768x576.jpg" [1]
2026-08-31 10:04:05 URL:https://qei.org.au/wp-content/uploads/2026/08/20260710_David-Gunn-heads-up-surgery-800x600.jpg [66777/66777] -> "raw-site/qei.org.au/wp-content/uploads/2026/08/20260710_David-Gunn-heads-up-surgery-800x600.jpg" [1]
2026-08-31 10:04:05 URL:https://qei.org.au/wp-content/uploads/2026/08/20260710_David-Gunn-heads-up-surgery-400x300.jpg [24091/24091] -> "raw-site/qei.org.au/wp-content/uploads/2026/08/20260710_David-Gunn-heads-up-surgery-400x300.jpg" [1]
https://qei.org.au/wp-content/themes/qei/css/owl.video.play.png:
2026-08-31 10:04:07 ERROR 404: Not Found.
https://qei.org.au/wp-content/themes/qei/fonts/slick.eot:
2026-08-31 10:04:08 ERROR 404: Not Found.
https://qei.org.au/wp-content/themes/qei/fonts/slick.eot?:
2026-08-31 10:04:09 ERROR 404: Not Found.
https://qei.org.au/wp-content/themes/qei/fonts/slick.woff:
2026-08-31 10:04:10 ERROR 404: Not Found.
https://qei.org.au/wp-content/themes/qei/fonts/slick.ttf:
2026-08-31 10:04:12 ERROR 404: Not Found.
https://qei.org.au/wp-content/themes/qei/fonts/slick.svg:
2026-08-31 10:04:13 ERROR 404: Not Found.
2026-08-31 10:04:14 URL:https://qei.org.au/news/healthy-eating-for-healthy-eyes-with-some-recipes-made-by-our-staff/ [125038] -> "raw-site/qei.org.au/news/healthy-eating-for-healthy-eyes-with-some-recipes-made-by-our-staff/index.html" [1]
2026-08-31 10:04:14 URL:https://qei.org.au/wp-content/themes/qei/css/custom-styles.css?ver=1788169898 [140055/140055] -> "raw-site/qei.org.au/wp-content/themes/qei/css/custom-styles.css@ver=1788169898.css" [1]
2026-08-31 10:04:15 URL:https://qei.org.au/wp-content/uploads/2021/10/Salad-with-green-leaves-brie-pumpkin-and-onion-on-a-plate-with-vinaigrette-and-nuts-on-the-left-low-res.jpeg [664347/664347] -> "raw-site/qei.org.au/wp-content/uploads/2021/10/Salad-with-green-leaves-brie-pumpkin-and-onion-on-a-plate-with-vinaigrette-and-nuts-on-the-left-low-res.jpeg" [1]
2026-08-31 10:04:15 URL:https://qei.org.au/wp-content/uploads/2021/10/Photo-of-Tortellini-salad-with-serving-spoons-in-a-bown-on-a-table.-The-meal-is-promoting-Healthy-Eating-for-Healthy-Eyes.-300x225.jpg [19111/19111] -> "raw-site/qei.org.au/wp-content/uploads/2021/10/Photo-of-Tortellini-salad-with-serving-spoons-in-a-bown-on-a-table.-The-meal-is-promoting-Healthy-Eating-for-Healthy-Eyes.-300x225.jpg" [1]
2026-08-31 10:04:16 URL:https://qei.org.au/wp-content/uploads/2021/10/Photo-of-Tortellini-salad-with-serving-spoons-in-a-bown-on-a-table.-The-meal-is-promoting-Healthy-Eating-for-Healthy-Eyes.-400x300.jpg [28983/28983] -> "raw-site/qei.org.au/wp-content/uploads/2021/10/Photo-of-Tortellini-salad-with-serving-spoons-in-a-bown-on-a-table.-The-meal-is-promoting-Healthy-Eating-for-Healthy-Eyes.-400x300.jpg" [1]
2026-08-31 10:04:16 URL:https://qei.org.au/wp-content/uploads/2021/10/Photo-of-Tortellini-salad-with-serving-spoons-in-a-bown-on-a-table.-The-meal-is-promoting-Healthy-Eating-for-Healthy-Eyes..jpg [65331/65331] -> "raw-site/qei.org.au/wp-content/uploads/2021/10/Photo-of-Tortellini-salad-with-serving-spoons-in-a-bown-on-a-table.-The-meal-is-promoting-Healthy-Eating-for-Healthy-Eyes..jpg" [1]
2026-08-31 10:04:17 URL:https://qei.org.au/wp-content/uploads/2021/10/Picture-of-the-chef-adding-butter-to-a-frying-pan-of-scallops.-The-final-meal-is-blood-orange-Fennel-and-seared-sea-scallops-on-a-Sicilian-style-salad-which-is-promoting-Healthy-Eating-for-Healthy-Eyes.-250x300.jpg [12777/12777] -> "raw-site/qei.org.au/wp-content/uploads/2021/10/Picture-of-the-chef-adding-butter-to-a-frying-pan-of-scallops.-The-final-meal-is-blood-orange-Fennel-and-seared-sea-scallops-on-a-Sicilian-style-salad-which-is-promoting-Healthy-Eating-for-Healthy-Eyes.-250x300.jpg" [1]
2026-08-31 10:04:17 URL:https://qei.org.au/wp-content/uploads/2021/10/Picture-of-the-chef-adding-butter-to-a-frying-pan-of-scallops.-The-final-meal-is-blood-orange-Fennel-and-seared-sea-scallops-on-a-Sicilian-style-salad-which-is-promoting-Healthy-Eating-for-Healthy-Eyes..jpg [113975/113975] -> "raw-site/qei.org.au/wp-content/uploads/2021/10/Picture-of-the-chef-adding-butter-to-a-frying-pan-of-scallops.-The-final-meal-is-blood-orange-Fennel-and-seared-sea-scallops-on-a-Sicilian-style-salad-which-is-promoting-Healthy-Eating-for-Healthy-Eyes..jpg" [1]
2026-08-31 10:04:18 URL:https://qei.org.au/wp-content/uploads/2021/10/Grilled-lime-salmon-with-mango-avocado-salsa-and-coconut-rice-on-a-table.-The-meal-is-promoting-Healthy-Eating-for-Healthy-Eyes.-300x225.jpg [18093/18093] -> "raw-site/qei.org.au/wp-content/uploads/2021/10/Grilled-lime-salmon-with-mango-avocado-salsa-and-coconut-rice-on-a-table.-The-meal-is-promoting-Healthy-Eating-for-Healthy-Eyes.-300x225.jpg" [1]
2026-08-31 10:04:18 URL:https://qei.org.au/wp-content/uploads/2021/10/Grilled-lime-salmon-with-mango-avocado-salsa-and-coconut-rice-on-a-table.-The-meal-is-promoting-Healthy-Eating-for-Healthy-Eyes.-768x576.jpg [109859/109859] -> "raw-site/qei.org.au/wp-content/uploads/2021/10/Grilled-lime-salmon-with-mango-avocado-salsa-and-coconut-rice-on-a-table.-The-meal-is-promoting-Healthy-Eating-for-Healthy-Eyes.-768x576.jpg" [1]
2026-08-31 10:04:19 URL:https://qei.org.au/wp-content/uploads/2021/10/Grilled-lime-salmon-with-mango-avocado-salsa-and-coconut-rice-on-a-table.-The-meal-is-promoting-Healthy-Eating-for-Healthy-Eyes.-1024x768.jpg [188005/188005] -> "raw-site/qei.org.au/wp-content/uploads/2021/10/Grilled-lime-salmon-with-mango-avocado-salsa-and-coconut-rice-on-a-table.-The-meal-is-promoting-Healthy-Eating-for-Healthy-Eyes.-1024x768.jpg" [1]
2026-08-31 10:04:19 URL:https://qei.org.au/wp-content/uploads/2021/10/Grilled-lime-salmon-with-mango-avocado-salsa-and-coconut-rice-on-a-table.-The-meal-is-promoting-Healthy-Eating-for-Healthy-Eyes.-1430x1073.jpg [344312/344312] -> "raw-site/qei.org.au/wp-content/uploads/2021/10/Grilled-lime-salmon-with-mango-avocado-salsa-and-coconut-rice-on-a-table.-The-meal-is-promoting-Healthy-Eating-for-Healthy-Eyes.-1430x1073.jpg" [1]
2026-08-31 10:04:20 URL:https://qei.org.au/wp-content/uploads/2021/10/Grilled-lime-salmon-with-mango-avocado-salsa-and-coconut-rice-on-a-table.-The-meal-is-promoting-Healthy-Eating-for-Healthy-Eyes.-800x600.jpg [118756/118756] -> "raw-site/qei.org.au/wp-content/uploads/2021/10/Grilled-lime-salmon-with-mango-avocado-salsa-and-coconut-rice-on-a-table.-The-meal-is-promoting-Healthy-Eating-for-Healthy-Eyes.-800x600.jpg" [1]
2026-08-31 10:04:20 URL:https://qei.org.au/wp-content/uploads/2021/10/Grilled-lime-salmon-with-mango-avocado-salsa-and-coconut-rice-on-a-table.-The-meal-is-promoting-Healthy-Eating-for-Healthy-Eyes.-400x300.jpg [31141/31141] -> "raw-site/qei.org.au/wp-content/uploads/2021/10/Grilled-lime-salmon-with-mango-avocado-salsa-and-coconut-rice-on-a-table.-The-meal-is-promoting-Healthy-Eating-for-Healthy-Eyes.-400x300.jpg" [1]
https://qei.org.au/wp-content/themes/qei/css/owl.video.play.png:
2026-08-31 10:04:21 ERROR 404: Not Found.
https://qei.org.au/wp-content/themes/qei/fonts/slick.eot:
2026-08-31 10:04:23 ERROR 404: Not Found.
https://qei.org.au/wp-content/themes/qei/fonts/slick.eot?:
2026-08-31 10:04:24 ERROR 404: Not Found.
https://qei.org.au/wp-content/themes/qei/fonts/slick.woff:
2026-08-31 10:04:25 ERROR 404: Not Found.
https://qei.org.au/wp-content/themes/qei/fonts/slick.ttf:
2026-08-31 10:04:27 ERROR 404: Not Found.
https://qei.org.au/wp-content/themes/qei/fonts/slick.svg:
2026-08-31 10:04:28 ERROR 404: Not Found.
2026-08-31 10:04:28 URL:https://qei.org.au/news/help-us-help-max/ [122103] -> "raw-site/qei.org.au/news/help-us-help-max/index.html" [1]
2026-08-31 10:04:29 URL:https://qei.org.au/wp-content/themes/qei/css/custom-styles.css?ver=1788166379 [140055/140055] -> "raw-site/qei.org.au/wp-content/themes/qei/css/custom-styles.css@ver=1788166379.css" [1]
2026-08-31 10:04:29 URL:https://qei.org.au/wp-content/uploads/2021/05/For-featured-image-Max-smiling-wearing-glasses-in-teddy-dungarees-1-1430x1396.jpg [258580/258580] -> "raw-site/qei.org.au/wp-content/uploads/2021/05/For-featured-image-Max-smiling-wearing-glasses-in-teddy-dungarees-1-1430x1396.jpg" [1]
2026-08-31 10:04:30 URL:https://qei.org.au/wp-content/uploads/2021/05/Maxsmiling-in-glasses-in-rocker-e1621990514953-768x1024.jpg [140644/140644] -> "raw-site/qei.org.au/wp-content/uploads/2021/05/Maxsmiling-in-glasses-in-rocker-e1621990514953-768x1024.jpg" [1]
2026-08-31 10:04:31 URL:https://qei.org.au/wp-content/uploads/2021/05/Maxsmiling-in-glasses-in-rocker-e1621990514953-225x300.jpg [19222/19222] -> "raw-site/qei.org.au/wp-content/uploads/2021/05/Maxsmiling-in-glasses-in-rocker-e1621990514953-225x300.jpg" [1]
2026-08-31 10:04:31 URL:https://qei.org.au/wp-content/uploads/2021/05/Maxsmiling-in-glasses-in-rocker-e1621990514953-1073x1430.jpg [247044/247044] -> "raw-site/qei.org.au/wp-content/uploads/2021/05/Maxsmiling-in-glasses-in-rocker-e1621990514953-1073x1430.jpg" [1]
2026-08-31 10:04:32 URL:https://qei.org.au/wp-content/uploads/2021/05/Maxsmiling-in-glasses-in-rocker-e1621990514953-800x1067.jpg [150716/150716] -> "raw-site/qei.org.au/wp-content/uploads/2021/05/Maxsmiling-in-glasses-in-rocker-e1621990514953-800x1067.jpg" [1]
2026-08-31 10:04:32 URL:https://qei.org.au/wp-content/uploads/2021/05/Maxsmiling-in-glasses-in-rocker-e1621990514953.jpg [616691/616691] -> "raw-site/qei.org.au/wp-content/uploads/2021/05/Maxsmiling-in-glasses-in-rocker-e1621990514953.jpg" [1]
2026-08-31 10:04:33 URL:https://qei.org.au/wp-content/uploads/2021/05/Newborn-photo-of-Max-sleeping-on-rug-e1621990528974-768x1024.jpg [190754/190754] -> "raw-site/qei.org.au/wp-content/uploads/2021/05/Newborn-photo-of-Max-sleeping-on-rug-e1621990528974-768x1024.jpg" [1]
2026-08-31 10:04:33 URL:https://qei.org.au/wp-content/uploads/2021/05/Newborn-photo-of-Max-sleeping-on-rug-e1621990528974-225x300.jpg [22233/22233] -> "raw-site/qei.org.au/wp-content/uploads/2021/05/Newborn-photo-of-Max-sleeping-on-rug-e1621990528974-225x300.jpg" [1]
2026-08-31 10:04:34 URL:https://qei.org.au/wp-content/uploads/2021/05/Newborn-photo-of-Max-sleeping-on-rug-e1621990528974-1073x1430.jpg [352474/352474] -> "raw-site/qei.org.au/wp-content/uploads/2021/05/Newborn-photo-of-Max-sleeping-on-rug-e1621990528974-1073x1430.jpg" [1]
2026-08-31 10:04:34 URL:https://qei.org.au/wp-content/uploads/2021/05/Newborn-photo-of-Max-sleeping-on-rug-e1621990528974-800x1067.jpg [206008/206008] -> "raw-site/qei.org.au/wp-content/uploads/2021/05/Newborn-photo-of-Max-sleeping-on-rug-e1621990528974-800x1067.jpg" [1]
2026-08-31 10:04:35 URL:https://qei.org.au/wp-content/uploads/2021/05/Newborn-photo-of-Max-sleeping-on-rug-e1621990528974.jpg [889975/889975] -> "raw-site/qei.org.au/wp-content/uploads/2021/05/Newborn-photo-of-Max-sleeping-on-rug-e1621990528974.jpg" [1]
2026-08-31 10:04:35 URL:https://qei.org.au/wp-content/uploads/2021/05/Max-smiling-wearing-glasses-in-teddy-dungarees-e1621990496787-768x1024.jpg [140266/140266] -> "raw-site/qei.org.au/wp-content/uploads/2021/05/Max-smiling-wearing-glasses-in-teddy-dungarees-e1621990496787-768x1024.jpg" [1]
2026-08-31 10:04:36 URL:https://qei.org.au/wp-content/uploads/2021/05/Max-smiling-wearing-glasses-in-teddy-dungarees-e1621990496787-225x300.jpg [17505/17505] -> "raw-site/qei.org.au/wp-content/uploads/2021/05/Max-smiling-wearing-glasses-in-teddy-dungarees-e1621990496787-225x300.jpg" [1]
2026-08-31 10:04:36 URL:https://qei.org.au/wp-content/uploads/2021/05/Max-smiling-wearing-glasses-in-teddy-dungarees-e1621990496787-1073x1430.jpg [245907/245907] -> "raw-site/qei.org.au/wp-content/uploads/2021/05/Max-smiling-wearing-glasses-in-teddy-dungarees-e1621990496787-1073x1430.jpg" [1]
2026-08-31 10:04:37 URL:https://qei.org.au/wp-content/uploads/2021/05/Max-smiling-wearing-glasses-in-teddy-dungarees-e1621990496787-800x1067.jpg [150760/150760] -> "raw-site/qei.org.au/wp-content/uploads/2021/05/Max-smiling-wearing-glasses-in-teddy-dungarees-e1621990496787-800x1067.jpg" [1]
2026-08-31 10:04:37 URL:https://qei.org.au/wp-content/uploads/2021/05/Max-smiling-wearing-glasses-in-teddy-dungarees-e1621990496787.jpg [606339/606339] -> "raw-site/qei.org.au/wp-content/uploads/2021/05/Max-smiling-wearing-glasses-in-teddy-dungarees-e1621990496787.jpg" [1]
2026-08-31 10:04:38 URL:https://qei.org.au/wp-content/uploads/2021/05/Max-smiling-in-ball-pit-1024x768.jpg [123699/123699] -> "raw-site/qei.org.au/wp-content/uploads/2021/05/Max-smiling-in-ball-pit-1024x768.jpg" [1]
2026-08-31 10:04:38 URL:https://qei.org.au/wp-content/uploads/2021/05/Max-smiling-in-ball-pit-300x225.jpg [18565/18565] -> "raw-site/qei.org.au/wp-content/uploads/2021/05/Max-smiling-in-ball-pit-300x225.jpg" [1]
2026-08-31 10:04:39 URL:https://qei.org.au/wp-content/uploads/2021/05/Max-smiling-in-ball-pit-768x576.jpg [79852/79852] -> "raw-site/qei.org.au/wp-content/uploads/2021/05/Max-smiling-in-ball-pit-768x576.jpg" [1]
2026-08-31 10:04:39 URL:https://qei.org.au/wp-content/uploads/2021/05/Max-smiling-in-ball-pit-1430x1073.jpg [206607/206607] -> "raw-site/qei.org.au/wp-content/uploads/2021/05/Max-smiling-in-ball-pit-1430x1073.jpg" [1]
2026-08-31 10:04:40 URL:https://qei.org.au/wp-content/uploads/2021/05/Max-smiling-in-ball-pit-800x600.jpg [85355/85355] -> "raw-site/qei.org.au/wp-content/uploads/2021/05/Max-smiling-in-ball-pit-800x600.jpg" [1]
2026-08-31 10:04:40 URL:https://qei.org.au/wp-content/uploads/2021/05/Max-smiling-in-ball-pit-400x300.jpg [28986/28986] -> "raw-site/qei.org.au/wp-content/uploads/2021/05/Max-smiling-in-ball-pit-400x300.jpg" [1]
2026-08-31 10:04:41 URL:https://qei.org.au/wp-content/uploads/2021/05/Max-smiling-in-ball-pit.jpg [487085/487085] -> "raw-site/qei.org.au/wp-content/uploads/2021/05/Max-smiling-in-ball-pit.jpg" [1]
https://qei.org.au/wp-content/themes/qei/css/owl.video.play.png:
2026-08-31 10:04:42 ERROR 404: Not Found.
https://qei.org.au/wp-content/themes/qei/fonts/slick.eot:
2026-08-31 10:04:43 ERROR 404: Not Found.
https://qei.org.au/wp-content/themes/qei/fonts/slick.eot?:
2026-08-31 10:04:45 ERROR 404: Not Found.
https://qei.org.au/wp-content/themes/qei/fonts/slick.woff:
2026-08-31 10:04:46 ERROR 404: Not Found.
https://qei.org.au/wp-content/themes/qei/fonts/slick.ttf:
2026-08-31 10:04:48 ERROR 404: Not Found.
https://qei.org.au/wp-content/themes/qei/fonts/slick.svg:
2026-08-31 10:04:49 ERROR 404: Not Found.
2026-08-31 10:04:49 URL:https://qei.org.au/news/helping-make-eye-health-care-accessible-for-all/ [115671] -> "raw-site/qei.org.au/news/helping-make-eye-health-care-accessible-for-all/index.html" [1]
2026-08-31 10:04:50 URL:https://qei.org.au/wp-content/themes/qei/css/custom-styles.css?ver=1788134325 [140055/140055] -> "raw-site/qei.org.au/wp-content/themes/qei/css/custom-styles.css@ver=1788134325.css" [1]
2026-08-31 10:04:50 URL:https://qei.org.au/wp-content/uploads/2024/12/Julia-Yamazaki_4X5-1430x1144.jpg [182143/182143] -> "raw-site/qei.org.au/wp-content/uploads/2024/12/Julia-Yamazaki_4X5-1430x1144.jpg" [1]
2026-08-31 10:04:51 URL:https://qei.org.au/wp-content/uploads/2024/12/Julia-Yamazaki_4X5-1024x819.jpg [110758/110758] -> "raw-site/qei.org.au/wp-content/uploads/2024/12/Julia-Yamazaki_4X5-1024x819.jpg" [1]
2026-08-31 10:04:51 URL:https://qei.org.au/wp-content/uploads/2024/12/Julia-Yamazaki_4X5-300x240.jpg [16347/16347] -> "raw-site/qei.org.au/wp-content/uploads/2024/12/Julia-Yamazaki_4X5-300x240.jpg" [1]
2026-08-31 10:04:52 URL:https://qei.org.au/wp-content/uploads/2024/12/Julia-Yamazaki_4X5-768x614.jpg [71893/71893] -> "raw-site/qei.org.au/wp-content/uploads/2024/12/Julia-Yamazaki_4X5-768x614.jpg" [1]
2026-08-31 10:04:53 URL:https://qei.org.au/wp-content/uploads/2024/12/Julia-Yamazaki_4X5-800x640.jpg [76654/76654] -> "raw-site/qei.org.au/wp-content/uploads/2024/12/Julia-Yamazaki_4X5-800x640.jpg" [1]
2026-08-31 10:04:53 URL:https://qei.org.au/wp-content/uploads/2024/12/Julia-Yamazaki_4X5-375x300.jpg [23965/23965] -> "raw-site/qei.org.au/wp-content/uploads/2024/12/Julia-Yamazaki_4X5-375x300.jpg" [1]
2026-08-31 10:04:54 URL:https://qei.org.au/wp-content/uploads/2024/12/Julia-Yamazaki_4X5.jpg [216341/216341] -> "raw-site/qei.org.au/wp-content/uploads/2024/12/Julia-Yamazaki_4X5.jpg" [1]
https://qei.org.au/wp-content/themes/qei/css/owl.video.play.png:
2026-08-31 10:04:55 ERROR 404: Not Found.
https://qei.org.au/wp-content/themes/qei/fonts/slick.eot:
2026-08-31 10:04:56 ERROR 404: Not Found.
https://qei.org.au/wp-content/themes/qei/fonts/slick.eot?:
2026-08-31 10:04:57 ERROR 404: Not Found.
https://qei.org.au/wp-content/themes/qei/fonts/slick.woff:
2026-08-31 10:04:59 ERROR 404: Not Found.
https://qei.org.au/wp-content/themes/qei/fonts/slick.ttf:
2026-08-31 10:05:00 ERROR 404: Not Found.
https://qei.org.au/wp-content/themes/qei/fonts/slick.svg:
2026-08-31 10:05:02 ERROR 404: Not Found.
2026-08-31 10:05:02 URL:https://qei.org.au/news/heroes-do-not-always-wear-capes/ [121466] -> "raw-site/qei.org.au/news/heroes-do-not-always-wear-capes/index.html" [1]
2026-08-31 10:05:03 URL:https://qei.org.au/wp-content/themes/qei/css/custom-styles.css?ver=1788169918 [140055/140055] -> "raw-site/qei.org.au/wp-content/themes/qei/css/custom-styles.css@ver=1788169918.css" [1]
2026-08-31 10:05:03 URL:https://qei.org.au/wp-content/uploads/2022/08/Photo-of-Korbin-wearing-hand-made-blue-scrubs-facing-the-camera-and-smiling-for-featured-image.jpg [397236/397236] -> "raw-site/qei.org.au/wp-content/uploads/2022/08/Photo-of-Korbin-wearing-hand-made-blue-scrubs-facing-the-camera-and-smiling-for-featured-image.jpg" [1]
2026-08-31 10:05:04 URL:https://qei.org.au/wp-content/uploads/2022/08/Photo-of-Korbin-wearing-hand-made-blue-scrubs-facing-the-camera-and-smiling-240x300.jpg [27008/27008] -> "raw-site/qei.org.au/wp-content/uploads/2022/08/Photo-of-Korbin-wearing-hand-made-blue-scrubs-facing-the-camera-and-smiling-240x300.jpg" [1]
2026-08-31 10:05:04 URL:https://qei.org.au/wp-content/uploads/2022/08/Photo-of-Korbin-wearing-hand-made-blue-scrubs-facing-the-camera-and-smiling-768x959.jpg [200081/200081] -> "raw-site/qei.org.au/wp-content/uploads/2022/08/Photo-of-Korbin-wearing-hand-made-blue-scrubs-facing-the-camera-and-smiling-768x959.jpg" [1]
2026-08-31 10:05:05 URL:https://qei.org.au/wp-content/uploads/2022/08/Photo-of-Korbin-wearing-hand-made-blue-scrubs-facing-the-camera-and-smiling-820x1024.jpg [223766/223766] -> "raw-site/qei.org.au/wp-content/uploads/2022/08/Photo-of-Korbin-wearing-hand-made-blue-scrubs-facing-the-camera-and-smiling-820x1024.jpg" [1]
2026-08-31 10:05:05 URL:https://qei.org.au/wp-content/uploads/2022/08/Photo-of-Korbin-wearing-hand-made-blue-scrubs-facing-the-camera-and-smiling-1145x1430.jpg [378758/378758] -> "raw-site/qei.org.au/wp-content/uploads/2022/08/Photo-of-Korbin-wearing-hand-made-blue-scrubs-facing-the-camera-and-smiling-1145x1430.jpg" [1]
2026-08-31 10:05:06 URL:https://qei.org.au/wp-content/uploads/2022/08/Photo-of-Korbin-wearing-hand-made-blue-scrubs-facing-the-camera-and-smiling-800x999.jpg [214822/214822] -> "raw-site/qei.org.au/wp-content/uploads/2022/08/Photo-of-Korbin-wearing-hand-made-blue-scrubs-facing-the-camera-and-smiling-800x999.jpg" [1]
2026-08-31 10:05:06 URL:https://qei.org.au/wp-content/uploads/2022/08/Photo-of-Korbin-wearing-hand-made-blue-scrubs-facing-the-camera-and-smiling.jpg [695769/695769] -> "raw-site/qei.org.au/wp-content/uploads/2022/08/Photo-of-Korbin-wearing-hand-made-blue-scrubs-facing-the-camera-and-smiling.jpg" [1]
2026-08-31 10:05:07 URL:https://qei.org.au/wp-content/uploads/2022/08/Photo-of-Korbin-wearing-hand-made-blue-scrubs-with-back-to-camera-with-text-saying-Dr-Elias-Kehdi-is-my-HERO-240x300.jpg [28798/28798] -> "raw-site/qei.org.au/wp-content/uploads/2022/08/Photo-of-Korbin-wearing-hand-made-blue-scrubs-with-back-to-camera-with-text-saying-Dr-Elias-Kehdi-is-my-HERO-240x300.jpg" [1]
2026-08-31 10:05:07 URL:https://qei.org.au/wp-content/uploads/2022/08/Photo-of-Korbin-wearing-hand-made-blue-scrubs-with-back-to-camera-with-text-saying-Dr-Elias-Kehdi-is-my-HERO-768x960.jpg [239655/239655] -> "raw-site/qei.org.au/wp-content/uploads/2022/08/Photo-of-Korbin-wearing-hand-made-blue-scrubs-with-back-to-camera-with-text-saying-Dr-Elias-Kehdi-is-my-HERO-768x960.jpg" [1]
2026-08-31 10:05:08 URL:https://qei.org.au/wp-content/uploads/2022/08/Photo-of-Korbin-wearing-hand-made-blue-scrubs-with-back-to-camera-with-text-saying-Dr-Elias-Kehdi-is-my-HERO-819x1024.jpg [271246/271246] -> "raw-site/qei.org.au/wp-content/uploads/2022/08/Photo-of-Korbin-wearing-hand-made-blue-scrubs-with-back-to-camera-with-text-saying-Dr-Elias-Kehdi-is-my-HERO-819x1024.jpg" [1]
2026-08-31 10:05:08 URL:https://qei.org.au/wp-content/uploads/2022/08/Photo-of-Korbin-wearing-hand-made-blue-scrubs-with-back-to-camera-with-text-saying-Dr-Elias-Kehdi-is-my-HERO-1144x1430.jpg [465127/465127] -> "raw-site/qei.org.au/wp-content/uploads/2022/08/Photo-of-Korbin-wearing-hand-made-blue-scrubs-with-back-to-camera-with-text-saying-Dr-Elias-Kehdi-is-my-HERO-1144x1430.jpg" [1]
2026-08-31 10:05:09 URL:https://qei.org.au/wp-content/uploads/2022/08/Photo-of-Korbin-wearing-hand-made-blue-scrubs-with-back-to-camera-with-text-saying-Dr-Elias-Kehdi-is-my-HERO-800x1000.jpg [259169/259169] -> "raw-site/qei.org.au/wp-content/uploads/2022/08/Photo-of-Korbin-wearing-hand-made-blue-scrubs-with-back-to-camera-with-text-saying-Dr-Elias-Kehdi-is-my-HERO-800x1000.jpg" [1]
2026-08-31 10:05:10 URL:https://qei.org.au/wp-content/uploads/2022/08/Photo-of-Korbin-wearing-hand-made-blue-scrubs-with-back-to-camera-with-text-saying-Dr-Elias-Kehdi-is-my-HERO.jpg [875924/875924] -> "raw-site/qei.org.au/wp-content/uploads/2022/08/Photo-of-Korbin-wearing-hand-made-blue-scrubs-with-back-to-camera-with-text-saying-Dr-Elias-Kehdi-is-my-HERO.jpg" [1]
2026-08-31 10:05:10 URL:https://qei.org.au/wp-content/uploads/2019/04/dr-elias-kehdi-1-385x500-e1554341588843-207x300.jpg [14080/14080] -> "raw-site/qei.org.au/wp-content/uploads/2019/04/dr-elias-kehdi-1-385x500-e1554341588843-207x300.jpg" [1]
2026-08-31 10:05:11 URL:https://qei.org.au/wp-content/uploads/2019/04/dr-elias-kehdi-1-385x500-e1554341588843-310x450.jpg [26814/26814] -> "raw-site/qei.org.au/wp-content/uploads/2019/04/dr-elias-kehdi-1-385x500-e1554341588843-310x450.jpg" [1]
2026-08-31 10:05:11 URL:https://qei.org.au/wp-content/uploads/2019/04/dr-elias-kehdi-1-385x500-e1554341588843.jpg [36431/36431] -> "raw-site/qei.org.au/wp-content/uploads/2019/04/dr-elias-kehdi-1-385x500-e1554341588843.jpg" [1]
https://qei.org.au/wp-content/themes/qei/css/owl.video.play.png:
2026-08-31 10:05:12 ERROR 404: Not Found.
https://qei.org.au/wp-content/themes/qei/fonts/slick.eot:
2026-08-31 10:05:14 ERROR 404: Not Found.
https://qei.org.au/wp-content/themes/qei/fonts/slick.eot?:
2026-08-31 10:05:15 ERROR 404: Not Found.
https://qei.org.au/wp-content/themes/qei/fonts/slick.woff:
2026-08-31 10:05:16 ERROR 404: Not Found.
https://qei.org.au/wp-content/themes/qei/fonts/slick.ttf:
2026-08-31 10:05:18 ERROR 404: Not Found.
https://qei.org.au/wp-content/themes/qei/fonts/slick.svg:
2026-08-31 10:05:19 ERROR 404: Not Found.
2026-08-31 10:05:19 URL:https://qei.org.au/news/highlights-of-2022-and-our-christmas-wishes-for-2023/ [123752] -> "raw-site/qei.org.au/news/highlights-of-2022-and-our-christmas-wishes-for-2023/index.html" [1]
2026-08-31 10:05:20 URL:https://qei.org.au/wp-content/themes/qei/css/custom-styles.css?ver=1788133730 [140055/140055] -> "raw-site/qei.org.au/wp-content/themes/qei/css/custom-styles.css@ver=1788133730.css" [1]
2026-08-31 10:05:20 URL:https://qei.org.au/wp-content/uploads/2022/11/Christmas-decorations-1430x1430.jpeg [160842/160842] -> "raw-site/qei.org.au/wp-content/uploads/2022/11/Christmas-decorations-1430x1430.jpeg" [1]
2026-08-31 10:05:21 URL:https://qei.org.au/wp-content/uploads/2022/11/Associate-Professor-Anthony-Kwan-283x300.jpg [13820/13820] -> "raw-site/qei.org.au/wp-content/uploads/2022/11/Associate-Professor-Anthony-Kwan-283x300.jpg" [1]
2026-08-31 10:05:21 URL:https://qei.org.au/wp-content/uploads/2022/11/Associate-Professor-Anthony-Kwan-768x813.jpg [55642/55642] -> "raw-site/qei.org.au/wp-content/uploads/2022/11/Associate-Professor-Anthony-Kwan-768x813.jpg" [1]
2026-08-31 10:05:22 URL:https://qei.org.au/wp-content/uploads/2022/11/Associate-Professor-Anthony-Kwan-967x1024.jpg [77921/77921] -> "raw-site/qei.org.au/wp-content/uploads/2022/11/Associate-Professor-Anthony-Kwan-967x1024.jpg" [1]
2026-08-31 10:05:22 URL:https://qei.org.au/wp-content/uploads/2022/11/Associate-Professor-Anthony-Kwan-1351x1430.jpg [129981/129981] -> "raw-site/qei.org.au/wp-content/uploads/2022/11/Associate-Professor-Anthony-Kwan-1351x1430.jpg" [1]
2026-08-31 10:05:23 URL:https://qei.org.au/wp-content/uploads/2022/11/Associate-Professor-Anthony-Kwan-800x847.jpg [59040/59040] -> "raw-site/qei.org.au/wp-content/uploads/2022/11/Associate-Professor-Anthony-Kwan-800x847.jpg" [1]
2026-08-31 10:05:24 URL:https://qei.org.au/wp-content/uploads/2022/11/Dr-David-Gunn-300x300.jpg [10758/10758] -> "raw-site/qei.org.au/wp-content/uploads/2022/11/Dr-David-Gunn-300x300.jpg" [1]
2026-08-31 10:05:24 URL:https://qei.org.au/wp-content/uploads/2022/11/Dr-David-Gunn-150x150.jpg [4248/4248] -> "raw-site/qei.org.au/wp-content/uploads/2022/11/Dr-David-Gunn-150x150.jpg" [1]
2026-08-31 10:05:25 URL:https://qei.org.au/wp-content/uploads/2022/11/Dr-David-Gunn-768x768.jpg [49504/49504] -> "raw-site/qei.org.au/wp-content/uploads/2022/11/Dr-David-Gunn-768x768.jpg" [1]
2026-08-31 10:05:25 URL:https://qei.org.au/wp-content/uploads/2022/11/Dr-David-Gunn-800x800.jpg [52697/52697] -> "raw-site/qei.org.au/wp-content/uploads/2022/11/Dr-David-Gunn-800x800.jpg" [1]
2026-08-31 10:05:26 URL:https://qei.org.au/wp-content/uploads/2022/11/Dr-David-Gunn.jpg [92525/92525] -> "raw-site/qei.org.au/wp-content/uploads/2022/11/Dr-David-Gunn.jpg" [1]
2026-08-31 10:05:26 URL:https://qei.org.au/wp-content/uploads/2022/11/Dr-Elias-Kehdi-207x300.jpg [14833/14833] -> "raw-site/qei.org.au/wp-content/uploads/2022/11/Dr-Elias-Kehdi-207x300.jpg" [1]
2026-08-31 10:05:27 URL:https://qei.org.au/wp-content/uploads/2022/11/Dr-Elias-Kehdi.jpg [36431/36431] -> "raw-site/qei.org.au/wp-content/uploads/2022/11/Dr-Elias-Kehdi.jpg" [1]
2026-08-31 10:05:27 URL:https://qei.org.au/wp-content/uploads/2022/11/Associate-Professor-Abhishek-Sharma-300x200.jpg [14129/14129] -> "raw-site/qei.org.au/wp-content/uploads/2022/11/Associate-Professor-Abhishek-Sharma-300x200.jpg" [1]
2026-08-31 10:05:28 URL:https://qei.org.au/wp-content/uploads/2022/11/Associate-Professor-Abhishek-Sharma-768x512.jpg [53824/53824] -> "raw-site/qei.org.au/wp-content/uploads/2022/11/Associate-Professor-Abhishek-Sharma-768x512.jpg" [1]
2026-08-31 10:05:28 URL:https://qei.org.au/wp-content/uploads/2022/11/Associate-Professor-Abhishek-Sharma-1024x683.jpg [82285/82285] -> "raw-site/qei.org.au/wp-content/uploads/2022/11/Associate-Professor-Abhishek-Sharma-1024x683.jpg" [1]
2026-08-31 10:05:29 URL:https://qei.org.au/wp-content/uploads/2022/11/Associate-Professor-Abhishek-Sharma-1430x953.jpg [135637/135637] -> "raw-site/qei.org.au/wp-content/uploads/2022/11/Associate-Professor-Abhishek-Sharma-1430x953.jpg" [1]
2026-08-31 10:05:29 URL:https://qei.org.au/wp-content/uploads/2022/11/Associate-Professor-Abhishek-Sharma-800x533.jpg [57657/57657] -> "raw-site/qei.org.au/wp-content/uploads/2022/11/Associate-Professor-Abhishek-Sharma-800x533.jpg" [1]
2026-08-31 10:05:30 URL:https://qei.org.au/wp-content/uploads/2022/11/Associate-Professor-Abhishek-Sharma-400x267.jpg [21379/21379] -> "raw-site/qei.org.au/wp-content/uploads/2022/11/Associate-Professor-Abhishek-Sharma-400x267.jpg" [1]
https://qei.org.au/wp-content/themes/qei/css/owl.video.play.png:
2026-08-31 10:05:31 ERROR 404: Not Found.
https://qei.org.au/wp-content/themes/qei/fonts/slick.eot:
2026-08-31 10:05:33 ERROR 404: Not Found.
https://qei.org.au/wp-content/themes/qei/fonts/slick.eot?:
2026-08-31 10:05:34 ERROR 404: Not Found.
https://qei.org.au/wp-content/themes/qei/fonts/slick.woff:
2026-08-31 10:05:35 ERROR 404: Not Found.
https://qei.org.au/wp-content/themes/qei/fonts/slick.ttf:
2026-08-31 10:05:37 ERROR 404: Not Found.
https://qei.org.au/wp-content/themes/qei/fonts/slick.svg:
2026-08-31 10:05:38 ERROR 404: Not Found.
2026-08-31 10:05:39 URL:https://qei.org.au/news/hope-in-clinical-trials/ [117816] -> "raw-site/qei.org.au/news/hope-in-clinical-trials/index.html" [1]
2026-08-31 10:05:39 URL:https://qei.org.au/wp-content/themes/qei/css/custom-styles.css?ver=1788133777 [140055/140055] -> "raw-site/qei.org.au/wp-content/themes/qei/css/custom-styles.css@ver=1788133777.css" [1]
2026-08-31 10:05:40 URL:https://qei.org.au/wp-content/uploads/2022/04/Close-up-of-Giselle-playing-bowls-for-website-2.jpg [30878/30878] -> "raw-site/qei.org.au/wp-content/uploads/2022/04/Close-up-of-Giselle-playing-bowls-for-website-2.jpg" [1]
2026-08-31 10:05:40 URL:https://qei.org.au/wp-content/uploads/2022/04/Sideview-of-Giselle-playing-piano-e1650513101312-225x300.jpg [14913/14913] -> "raw-site/qei.org.au/wp-content/uploads/2022/04/Sideview-of-Giselle-playing-piano-e1650513101312-225x300.jpg" [1]
2026-08-31 10:05:41 URL:https://qei.org.au/wp-content/uploads/2022/04/Sideview-of-Giselle-playing-piano-e1650513101312.jpg [51399/51399] -> "raw-site/qei.org.au/wp-content/uploads/2022/04/Sideview-of-Giselle-playing-piano-e1650513101312.jpg" [1]
2026-08-31 10:05:41 URL:https://qei.org.au/wp-content/uploads/2022/04/Giselle-kayaking-for-Germany-with-two-flags-300x225.jpg [20649/20649] -> "raw-site/qei.org.au/wp-content/uploads/2022/04/Giselle-kayaking-for-Germany-with-two-flags-300x225.jpg" [1]
2026-08-31 10:05:42 URL:https://qei.org.au/wp-content/uploads/2022/04/Giselle-kayaking-for-Germany-with-two-flags-400x300.jpg [32375/32375] -> "raw-site/qei.org.au/wp-content/uploads/2022/04/Giselle-kayaking-for-Germany-with-two-flags-400x300.jpg" [1]
2026-08-31 10:05:42 URL:https://qei.org.au/wp-content/uploads/2022/04/Giselle-kayaking-for-Germany-with-two-flags.jpg [101042/101042] -> "raw-site/qei.org.au/wp-content/uploads/2022/04/Giselle-kayaking-for-Germany-with-two-flags.jpg" [1]
2026-08-31 10:05:43 URL:https://qei.org.au/wp-content/uploads/2022/04/Close-up-of-Giselle-playing-bowls-e1650513112157-225x300.jpg [13143/13143] -> "raw-site/qei.org.au/wp-content/uploads/2022/04/Close-up-of-Giselle-playing-bowls-e1650513112157-225x300.jpg" [1]
2026-08-31 10:05:44 URL:https://qei.org.au/wp-content/uploads/2022/04/Close-up-of-Giselle-playing-bowls-e1650513112157.jpg [49068/49068] -> "raw-site/qei.org.au/wp-content/uploads/2022/04/Close-up-of-Giselle-playing-bowls-e1650513112157.jpg" [1]
https://qei.org.au/wp-content/themes/qei/css/owl.video.play.png:
2026-08-31 10:05:45 ERROR 404: Not Found.
https://qei.org.au/wp-content/themes/qei/fonts/slick.eot:
2026-08-31 10:05:46 ERROR 404: Not Found.
https://qei.org.au/wp-content/themes/qei/fonts/slick.eot?:
2026-08-31 10:05:48 ERROR 404: Not Found.
https://qei.org.au/wp-content/themes/qei/fonts/slick.woff:
2026-08-31 10:05:49 ERROR 404: Not Found.
https://qei.org.au/wp-content/themes/qei/fonts/slick.ttf:
2026-08-31 10:05:50 ERROR 404: Not Found.
https://qei.org.au/wp-content/themes/qei/fonts/slick.svg:
2026-08-31 10:05:52 ERROR 404: Not Found.
2026-08-31 10:05:52 URL:https://qei.org.au/news/how-a-national-eye-research-network-plans-to-save-sight/ [130266] -> "raw-site/qei.org.au/news/how-a-national-eye-research-network-plans-to-save-sight/index.html" [1]
2026-08-31 10:05:53 URL:https://qei.org.au/wp-content/themes/qei/css/custom-styles.css?ver=1788133906 [140055/140055] -> "raw-site/qei.org.au/wp-content/themes/qei/css/custom-styles.css@ver=1788133906.css" [1]
2026-08-31 10:05:53 URL:https://qei.org.au/wp-content/uploads/2024/01/Research-general.jpg [199670/199670] -> "raw-site/qei.org.au/wp-content/uploads/2024/01/Research-general.jpg" [1]
2026-08-31 10:05:54 URL:https://qei.org.au/wp-content/uploads/2024/01/Research-translation-framework.png [407412/407412] -> "raw-site/qei.org.au/wp-content/uploads/2024/01/Research-translation-framework.png" [1]
2026-08-31 10:05:54 URL:https://qei.org.au/wp-content/uploads/2024/01/Research-translation-framework-300x107.png [28775/28775] -> "raw-site/qei.org.au/wp-content/uploads/2024/01/Research-translation-framework-300x107.png" [1]
2026-08-31 10:05:55 URL:https://qei.org.au/wp-content/uploads/2024/01/Research-translation-framework-1024x365.png [259147/259147] -> "raw-site/qei.org.au/wp-content/uploads/2024/01/Research-translation-framework-1024x365.png" [1]
2026-08-31 10:05:55 URL:https://qei.org.au/wp-content/uploads/2024/01/Research-translation-framework-768x274.png [154303/154303] -> "raw-site/qei.org.au/wp-content/uploads/2024/01/Research-translation-framework-768x274.png" [1]
2026-08-31 10:05:56 URL:https://qei.org.au/wp-content/uploads/2024/01/Research-translation-framework-800x285.png [165121/165121] -> "raw-site/qei.org.au/wp-content/uploads/2024/01/Research-translation-framework-800x285.png" [1]
2026-08-31 10:05:56 URL:https://qei.org.au/wp-content/uploads/2024/01/Research-translation-framework-400x143.png [48864/48864] -> "raw-site/qei.org.au/wp-content/uploads/2024/01/Research-translation-framework-400x143.png" [1]
2026-08-31 10:05:57 URL:https://qei.org.au/wp-content/uploads/2024/01/How-stairs-can-look-to-people-with-aging-vision.jpg [84467/84467] -> "raw-site/qei.org.au/wp-content/uploads/2024/01/How-stairs-can-look-to-people-with-aging-vision.jpg" [1]
2026-08-31 10:05:57 URL:https://qei.org.au/wp-content/uploads/2024/01/How-stairs-can-look-to-people-with-aging-vision-300x178.jpg [8734/8734] -> "raw-site/qei.org.au/wp-content/uploads/2024/01/How-stairs-can-look-to-people-with-aging-vision-300x178.jpg" [1]
2026-08-31 10:05:58 URL:https://qei.org.au/wp-content/uploads/2024/01/How-stairs-can-look-to-people-with-aging-vision-768x455.jpg [41907/41907] -> "raw-site/qei.org.au/wp-content/uploads/2024/01/How-stairs-can-look-to-people-with-aging-vision-768x455.jpg" [1]
2026-08-31 10:05:59 URL:https://qei.org.au/wp-content/uploads/2024/01/How-stairs-can-look-to-people-with-aging-vision-800x474.jpg [44431/44431] -> "raw-site/qei.org.au/wp-content/uploads/2024/01/How-stairs-can-look-to-people-with-aging-vision-800x474.jpg" [1]
2026-08-31 10:05:59 URL:https://qei.org.au/wp-content/uploads/2024/01/How-stairs-can-look-to-people-with-aging-vision-400x237.jpg [14371/14371] -> "raw-site/qei.org.au/wp-content/uploads/2024/01/How-stairs-can-look-to-people-with-aging-vision-400x237.jpg" [1]
2026-08-31 10:06:00 URL:https://qei.org.au/wp-content/uploads/2024/01/workforce-lag.jpg [225029/225029] -> "raw-site/qei.org.au/wp-content/uploads/2024/01/workforce-lag.jpg" [1]
2026-08-31 10:06:00 URL:https://qei.org.au/wp-content/uploads/2024/01/workforce-lag-300x92.jpg [7722/7722] -> "raw-site/qei.org.au/wp-content/uploads/2024/01/workforce-lag-300x92.jpg" [1]
2026-08-31 10:06:01 URL:https://qei.org.au/wp-content/uploads/2024/01/workforce-lag-1024x315.jpg [53095/53095] -> "raw-site/qei.org.au/wp-content/uploads/2024/01/workforce-lag-1024x315.jpg" [1]
2026-08-31 10:06:01 URL:https://qei.org.au/wp-content/uploads/2024/01/workforce-lag-768x236.jpg [35774/35774] -> "raw-site/qei.org.au/wp-content/uploads/2024/01/workforce-lag-768x236.jpg" [1]
2026-08-31 10:06:02 URL:https://qei.org.au/wp-content/uploads/2024/01/workforce-lag-800x246.jpg [38830/38830] -> "raw-site/qei.org.au/wp-content/uploads/2024/01/workforce-lag-800x246.jpg" [1]
2026-08-31 10:06:02 URL:https://qei.org.au/wp-content/uploads/2024/01/workforce-lag-400x123.jpg [13534/13534] -> "raw-site/qei.org.au/wp-content/uploads/2024/01/workforce-lag-400x123.jpg" [1]
2026-08-31 10:06:03 URL:https://qei.org.au/wp-content/uploads/2024/01/Precision-medicine.png [136716/136716] -> "raw-site/qei.org.au/wp-content/uploads/2024/01/Precision-medicine.png" [1]
2026-08-31 10:06:03 URL:https://qei.org.au/wp-content/uploads/2024/01/Precision-medicine-300x153.png [27375/27375] -> "raw-site/qei.org.au/wp-content/uploads/2024/01/Precision-medicine-300x153.png" [1]
2026-08-31 10:06:04 URL:https://qei.org.au/wp-content/uploads/2024/01/Precision-medicine-768x392.png [114853/114853] -> "raw-site/qei.org.au/wp-content/uploads/2024/01/Precision-medicine-768x392.png" [1]
2026-08-31 10:06:04 URL:https://qei.org.au/wp-content/uploads/2024/01/Precision-medicine-800x408.png [122123/122123] -> "raw-site/qei.org.au/wp-content/uploads/2024/01/Precision-medicine-800x408.png" [1]
2026-08-31 10:06:05 URL:https://qei.org.au/wp-content/uploads/2024/01/Precision-medicine-400x204.png [42725/42725] -> "raw-site/qei.org.au/wp-content/uploads/2024/01/Precision-medicine-400x204.png" [1]
https://qei.org.au/wp-content/themes/qei/css/owl.video.play.png:
2026-08-31 10:06:06 ERROR 404: Not Found.
https://qei.org.au/wp-content/themes/qei/fonts/slick.eot:
2026-08-31 10:06:07 ERROR 404: Not Found.
https://qei.org.au/wp-content/themes/qei/fonts/slick.eot?:
2026-08-31 10:06:09 ERROR 404: Not Found.
https://qei.org.au/wp-content/themes/qei/fonts/slick.woff:
2026-08-31 10:06:10 ERROR 404: Not Found.
https://qei.org.au/wp-content/themes/qei/fonts/slick.ttf:
2026-08-31 10:06:12 ERROR 404: Not Found.
https://qei.org.au/wp-content/themes/qei/fonts/slick.svg:
2026-08-31 10:06:13 ERROR 404: Not Found.
2026-08-31 10:06:14 URL:https://qei.org.au/news/how-is-the-thyroid-linked-to-eye-disease/ [119310] -> "raw-site/qei.org.au/news/how-is-the-thyroid-linked-to-eye-disease/index.html" [1]
2026-08-31 10:06:14 URL:https://qei.org.au/wp-content/themes/qei/css/custom-styles.css?ver=1788169929 [140055/140055] -> "raw-site/qei.org.au/wp-content/themes/qei/css/custom-styles.css@ver=1788169929.css" [1]
2026-08-31 10:06:15 URL:https://qei.org.au/wp-content/uploads/2023/05/Picture-of-persons-left-eye-looking-at-camera-with-curly-brown-hair-partially-covering-this-face.jpg [398060/398060] -> "raw-site/qei.org.au/wp-content/uploads/2023/05/Picture-of-persons-left-eye-looking-at-camera-with-curly-brown-hair-partially-covering-this-face.jpg" [1]
2026-08-31 10:06:15 URL:https://qei.org.au/wp-content/uploads/2023/05/Picture-of-persons-left-eye-looking-at-camera-with-curly-brown-hair-partially-covering-this-face-1024x683.jpg [137564/137564] -> "raw-site/qei.org.au/wp-content/uploads/2023/05/Picture-of-persons-left-eye-looking-at-camera-with-curly-brown-hair-partially-covering-this-face-1024x683.jpg" [1]
2026-08-31 10:06:16 URL:https://qei.org.au/wp-content/uploads/2023/05/Picture-of-persons-left-eye-looking-at-camera-with-curly-brown-hair-partially-covering-this-face-300x200.jpg [17959/17959] -> "raw-site/qei.org.au/wp-content/uploads/2023/05/Picture-of-persons-left-eye-looking-at-camera-with-curly-brown-hair-partially-covering-this-face-300x200.jpg" [1]
2026-08-31 10:06:16 URL:https://qei.org.au/wp-content/uploads/2023/05/Picture-of-persons-left-eye-looking-at-camera-with-curly-brown-hair-partially-covering-this-face-768x512.jpg [85539/85539] -> "raw-site/qei.org.au/wp-content/uploads/2023/05/Picture-of-persons-left-eye-looking-at-camera-with-curly-brown-hair-partially-covering-this-face-768x512.jpg" [1]
2026-08-31 10:06:17 URL:https://qei.org.au/wp-content/uploads/2023/05/Picture-of-persons-left-eye-looking-at-camera-with-curly-brown-hair-partially-covering-this-face-800x534.jpg [91981/91981] -> "raw-site/qei.org.au/wp-content/uploads/2023/05/Picture-of-persons-left-eye-looking-at-camera-with-curly-brown-hair-partially-covering-this-face-800x534.jpg" [1]
2026-08-31 10:06:17 URL:https://qei.org.au/wp-content/uploads/2023/05/Picture-of-persons-left-eye-looking-at-camera-with-curly-brown-hair-partially-covering-this-face-400x267.jpg [29161/29161] -> "raw-site/qei.org.au/wp-content/uploads/2023/05/Picture-of-persons-left-eye-looking-at-camera-with-curly-brown-hair-partially-covering-this-face-400x267.jpg" [1]
https://qei.org.au/wp-content/themes/qei/css/owl.video.play.png:
2026-08-31 10:06:19 ERROR 404: Not Found.
https://qei.org.au/wp-content/themes/qei/fonts/slick.eot:
2026-08-31 10:06:20 ERROR 404: Not Found.
https://qei.org.au/wp-content/themes/qei/fonts/slick.eot?:
2026-08-31 10:06:22 ERROR 404: Not Found.
https://qei.org.au/wp-content/themes/qei/fonts/slick.woff:
2026-08-31 10:06:24 ERROR 404: Not Found.
https://qei.org.au/wp-content/themes/qei/fonts/slick.ttf:
2026-08-31 10:06:25 ERROR 404: Not Found.
https://qei.org.au/wp-content/themes/qei/fonts/slick.svg:
2026-08-31 10:06:26 ERROR 404: Not Found.
2026-08-31 10:06:27 URL:https://qei.org.au/news/how-the-humble-silkworm-might-help-save-sight/ [121051] -> "raw-site/qei.org.au/news/how-the-humble-silkworm-might-help-save-sight/index.html" [1]
2026-08-31 10:06:27 URL:https://qei.org.au/wp-content/themes/qei/css/custom-styles.css?ver=1788137501 [140055/140055] -> "raw-site/qei.org.au/wp-content/themes/qei/css/custom-styles.css@ver=1788137501.css" [1]
2026-08-31 10:06:28 URL:https://qei.org.au/wp-content/uploads/2025/08/20250724_QEI-silk-sericin-research-7_Web-1024x683.jpg [89589/89589] -> "raw-site/qei.org.au/wp-content/uploads/2025/08/20250724_QEI-silk-sericin-research-7_Web-1024x683.jpg" [1]
2026-08-31 10:06:28 URL:https://qei.org.au/wp-content/uploads/2025/08/20250724_QEI-silk-sericin-research-7_Web-300x200.jpg [14610/14610] -> "raw-site/qei.org.au/wp-content/uploads/2025/08/20250724_QEI-silk-sericin-research-7_Web-300x200.jpg" [1]
2026-08-31 10:06:29 URL:https://qei.org.au/wp-content/uploads/2025/08/20250724_QEI-silk-sericin-research-7_Web-768x512.jpg [58307/58307] -> "raw-site/qei.org.au/wp-content/uploads/2025/08/20250724_QEI-silk-sericin-research-7_Web-768x512.jpg" [1]
2026-08-31 10:06:30 URL:https://qei.org.au/wp-content/uploads/2025/08/20250724_QEI-silk-sericin-research-7_Web-1536x1024.jpg [166031/166031] -> "raw-site/qei.org.au/wp-content/uploads/2025/08/20250724_QEI-silk-sericin-research-7_Web-1536x1024.jpg" [1]
2026-08-31 10:06:30 URL:https://qei.org.au/wp-content/uploads/2025/08/20250724_QEI-silk-sericin-research-7_Web-2048x1366.jpg [265630/265630] -> "raw-site/qei.org.au/wp-content/uploads/2025/08/20250724_QEI-silk-sericin-research-7_Web-2048x1366.jpg" [1]
2026-08-31 10:06:31 URL:https://qei.org.au/wp-content/uploads/2025/08/20250724_QEI-silk-sericin-research-7_Web-1430x954.jpg [148583/148583] -> "raw-site/qei.org.au/wp-content/uploads/2025/08/20250724_QEI-silk-sericin-research-7_Web-1430x954.jpg" [1]
2026-08-31 10:06:31 URL:https://qei.org.au/wp-content/uploads/2025/08/20250724_QEI-silk-sericin-research-7_Web-800x533.jpg [62303/62303] -> "raw-site/qei.org.au/wp-content/uploads/2025/08/20250724_QEI-silk-sericin-research-7_Web-800x533.jpg" [1]
2026-08-31 10:06:32 URL:https://qei.org.au/wp-content/uploads/2025/08/20250724_QEI-silk-sericin-research-7_Web-400x267.jpg [22337/22337] -> "raw-site/qei.org.au/wp-content/uploads/2025/08/20250724_QEI-silk-sericin-research-7_Web-400x267.jpg" [1]
2026-08-31 10:06:32 URL:https://qei.org.au/wp-content/uploads/2025/08/20250724_QEI-silk-sericin-research-16_Web-1024x683.jpg [111671/111671] -> "raw-site/qei.org.au/wp-content/uploads/2025/08/20250724_QEI-silk-sericin-research-16_Web-1024x683.jpg" [1]
2026-08-31 10:06:33 URL:https://qei.org.au/wp-content/uploads/2025/08/20250724_QEI-silk-sericin-research-16_Web-300x200.jpg [16120/16120] -> "raw-site/qei.org.au/wp-content/uploads/2025/08/20250724_QEI-silk-sericin-research-16_Web-300x200.jpg" [1]
2026-08-31 10:06:33 URL:https://qei.org.au/wp-content/uploads/2025/08/20250724_QEI-silk-sericin-research-16_Web-768x512.jpg [70559/70559] -> "raw-site/qei.org.au/wp-content/uploads/2025/08/20250724_QEI-silk-sericin-research-16_Web-768x512.jpg" [1]
2026-08-31 10:06:34 URL:https://qei.org.au/wp-content/uploads/2025/08/20250724_QEI-silk-sericin-research-16_Web-1536x1024.jpg [213105/213105] -> "raw-site/qei.org.au/wp-content/uploads/2025/08/20250724_QEI-silk-sericin-research-16_Web-1536x1024.jpg" [1]
2026-08-31 10:06:34 URL:https://qei.org.au/wp-content/uploads/2025/08/20250724_QEI-silk-sericin-research-16_Web-2048x1366.jpg [345018/345018] -> "raw-site/qei.org.au/wp-content/uploads/2025/08/20250724_QEI-silk-sericin-research-16_Web-2048x1366.jpg" [1]
2026-08-31 10:06:35 URL:https://qei.org.au/wp-content/uploads/2025/08/20250724_QEI-silk-sericin-research-16_Web-1430x954.jpg [191192/191192] -> "raw-site/qei.org.au/wp-content/uploads/2025/08/20250724_QEI-silk-sericin-research-16_Web-1430x954.jpg" [1]
2026-08-31 10:06:35 URL:https://qei.org.au/wp-content/uploads/2025/08/20250724_QEI-silk-sericin-research-16_Web-800x533.jpg [75342/75342] -> "raw-site/qei.org.au/wp-content/uploads/2025/08/20250724_QEI-silk-sericin-research-16_Web-800x533.jpg" [1]
2026-08-31 10:06:36 URL:https://qei.org.au/wp-content/uploads/2025/08/20250724_QEI-silk-sericin-research-16_Web-400x267.jpg [25343/25343] -> "raw-site/qei.org.au/wp-content/uploads/2025/08/20250724_QEI-silk-sericin-research-16_Web-400x267.jpg" [1]
https://qei.org.au/wp-content/themes/qei/css/owl.video.play.png:
2026-08-31 10:06:37 ERROR 404: Not Found.
https://qei.org.au/wp-content/themes/qei/fonts/slick.eot:
2026-08-31 10:06:38 ERROR 404: Not Found.
https://qei.org.au/wp-content/themes/qei/fonts/slick.eot?:
2026-08-31 10:06:40 ERROR 404: Not Found.
https://qei.org.au/wp-content/themes/qei/fonts/slick.woff:
2026-08-31 10:06:41 ERROR 404: Not Found.
https://qei.org.au/wp-content/themes/qei/fonts/slick.ttf:
2026-08-31 10:06:42 ERROR 404: Not Found.
https://qei.org.au/wp-content/themes/qei/fonts/slick.svg:
2026-08-31 10:06:44 ERROR 404: Not Found.
2026-08-31 10:06:44 URL:https://qei.org.au/news/important-findings-by-qei-scientists-on-preserving-sight-with-collagen/ [119313] -> "raw-site/qei.org.au/news/important-findings-by-qei-scientists-on-preserving-sight-with-collagen/index.html" [1]
2026-08-31 10:06:45 URL:https://qei.org.au/wp-content/themes/qei/css/custom-styles.css?ver=1788133973 [140055/140055] -> "raw-site/qei.org.au/wp-content/themes/qei/css/custom-styles.css@ver=1788133973.css" [1]
2026-08-31 10:06:45 URL:https://qei.org.au/wp-content/uploads/2020/06/QEI_0245_A2-1430x954.jpg [132321/132321] -> "raw-site/qei.org.au/wp-content/uploads/2020/06/QEI_0245_A2-1430x954.jpg" [1]
https://qei.org.au/wp-content/themes/qei/css/owl.video.play.png:
2026-08-31 10:06:47 ERROR 404: Not Found.
https://qei.org.au/wp-content/themes/qei/fonts/slick.eot:
2026-08-31 10:06:48 ERROR 404: Not Found.
https://qei.org.au/wp-content/themes/qei/fonts/slick.eot?:
2026-08-31 10:06:49 ERROR 404: Not Found.
https://qei.org.au/wp-content/themes/qei/fonts/slick.woff:
2026-08-31 10:06:51 ERROR 404: Not Found.
https://qei.org.au/wp-content/themes/qei/fonts/slick.ttf:
2026-08-31 10:06:52 ERROR 404: Not Found.
https://qei.org.au/wp-content/themes/qei/fonts/slick.svg:
2026-08-31 10:06:53 ERROR 404: Not Found.
2026-08-31 10:06:54 URL:https://qei.org.au/news/in-memory-of-sister-regis-mary-dunne/ [114040] -> "raw-site/qei.org.au/news/in-memory-of-sister-regis-mary-dunne/index.html" [1]
2026-08-31 10:06:54 URL:https://qei.org.au/wp-content/themes/qei/css/custom-styles.css?ver=1788166306 [140055/140055] -> "raw-site/qei.org.au/wp-content/themes/qei/css/custom-styles.css@ver=1788166306.css" [1]
2026-08-31 10:06:55 URL:https://qei.org.au/wp-content/uploads/2020/05/Untitled-design-4.png [474802/474802] -> "raw-site/qei.org.au/wp-content/uploads/2020/05/Untitled-design-4.png" [1]
https://qei.org.au/wp-content/themes/qei/css/owl.video.play.png:
2026-08-31 10:06:56 ERROR 404: Not Found.
https://qei.org.au/wp-content/themes/qei/fonts/slick.eot:
2026-08-31 10:06:57 ERROR 404: Not Found.
https://qei.org.au/wp-content/themes/qei/fonts/slick.eot?:
2026-08-31 10:06:59 ERROR 404: Not Found.
https://qei.org.au/wp-content/themes/qei/fonts/slick.woff:
2026-08-31 10:07:00 ERROR 404: Not Found.
https://qei.org.au/wp-content/themes/qei/fonts/slick.ttf:
2026-08-31 10:07:02 ERROR 404: Not Found.
https://qei.org.au/wp-content/themes/qei/fonts/slick.svg:
2026-08-31 10:07:03 ERROR 404: Not Found.
2026-08-31 10:07:03 URL:https://qei.org.au/news/innovation-the-hallmark-of-the-queensland-eye-institute/ [117744] -> "raw-site/qei.org.au/news/innovation-the-hallmark-of-the-queensland-eye-institute/index.html" [1]
2026-08-31 10:07:04 URL:https://qei.org.au/wp-content/themes/qei/css/custom-styles.css?ver=1788163259 [140055/140055] -> "raw-site/qei.org.au/wp-content/themes/qei/css/custom-styles.css@ver=1788163259.css" [1]
2026-08-31 10:07:04 URL:https://qei.org.au/wp-content/uploads/2019/02/inovation.jpg [19105/19105] -> "raw-site/qei.org.au/wp-content/uploads/2019/02/inovation.jpg" [1]
https://qei.org.au/wp-content/themes/qei/css/owl.video.play.png:
2026-08-31 10:07:06 ERROR 404: Not Found.
https://qei.org.au/wp-content/themes/qei/fonts/slick.eot:
2026-08-31 10:07:07 ERROR 404: Not Found.
https://qei.org.au/wp-content/themes/qei/fonts/slick.eot?:
2026-08-31 10:07:08 ERROR 404: Not Found.
https://qei.org.au/wp-content/themes/qei/fonts/slick.woff:
2026-08-31 10:07:10 ERROR 404: Not Found.
https://qei.org.au/wp-content/themes/qei/fonts/slick.ttf:
2026-08-31 10:07:11 ERROR 404: Not Found.
https://qei.org.au/wp-content/themes/qei/fonts/slick.svg:
2026-08-31 10:07:12 ERROR 404: Not Found.
2026-08-31 10:07:13 URL:https://qei.org.au/news/insightful-series/ [112669] -> "raw-site/qei.org.au/news/insightful-series/index.html" [1]
2026-08-31 10:07:13 URL:https://qei.org.au/wp-content/themes/qei/css/custom-styles.css?ver=1788133851 [140055/140055] -> "raw-site/qei.org.au/wp-content/themes/qei/css/custom-styles.css@ver=1788133851.css" [1]
2026-08-31 10:07:14 URL:https://qei.org.au/wp-content/uploads/2020/08/Bojana-1073x1430.jpg [249577/249577] -> "raw-site/qei.org.au/wp-content/uploads/2020/08/Bojana-1073x1430.jpg" [1]
https://qei.org.au/wp-content/themes/qei/css/owl.video.play.png:
2026-08-31 10:07:15 ERROR 404: Not Found.
https://qei.org.au/wp-content/themes/qei/fonts/slick.eot:
2026-08-31 10:07:16 ERROR 404: Not Found.
https://qei.org.au/wp-content/themes/qei/fonts/slick.eot?:
2026-08-31 10:07:18 ERROR 404: Not Found.
https://qei.org.au/wp-content/themes/qei/fonts/slick.woff:
2026-08-31 10:07:19 ERROR 404: Not Found.
https://qei.org.au/wp-content/themes/qei/fonts/slick.ttf:
2026-08-31 10:07:21 ERROR 404: Not Found.
https://qei.org.au/wp-content/themes/qei/fonts/slick.svg:
2026-08-31 10:07:22 ERROR 404: Not Found.
2026-08-31 10:07:22 URL:https://qei.org.au/news/introducing-jemma/ [113221] -> "raw-site/qei.org.au/news/introducing-jemma/index.html" [1]
2026-08-31 10:07:23 URL:https://qei.org.au/wp-content/themes/qei/css/custom-styles.css?ver=1788166308 [140055/140055] -> "raw-site/qei.org.au/wp-content/themes/qei/css/custom-styles.css@ver=1788166308.css" [1]
2026-08-31 10:07:23 URL:https://qei.org.au/wp-content/uploads/2019/02/jemma.jpg [34800/34800] -> "raw-site/qei.org.au/wp-content/uploads/2019/02/jemma.jpg" [1]
https://qei.org.au/wp-content/themes/qei/css/owl.video.play.png:
2026-08-31 10:07:25 ERROR 404: Not Found.
https://qei.org.au/wp-content/themes/qei/fonts/slick.eot:
2026-08-31 10:07:26 ERROR 404: Not Found.
https://qei.org.au/wp-content/themes/qei/fonts/slick.eot?:
2026-08-31 10:07:27 ERROR 404: Not Found.
https://qei.org.au/wp-content/themes/qei/fonts/slick.woff:
2026-08-31 10:07:29 ERROR 404: Not Found.
https://qei.org.au/wp-content/themes/qei/fonts/slick.ttf:
2026-08-31 10:07:30 ERROR 404: Not Found.
https://qei.org.au/wp-content/themes/qei/fonts/slick.svg:
2026-08-31 10:07:32 ERROR 404: Not Found.
2026-08-31 10:07:32 URL:https://qei.org.au/news/investing-in-eye-health-care-in-the-pacific/ [119463] -> "raw-site/qei.org.au/news/investing-in-eye-health-care-in-the-pacific/index.html" [1]
2026-08-31 10:07:33 URL:https://qei.org.au/wp-content/themes/qei/css/custom-styles.css?ver=1788133838 [140055/140055] -> "raw-site/qei.org.au/wp-content/themes/qei/css/custom-styles.css@ver=1788133838.css" [1]
2026-08-31 10:07:33 URL:https://qei.org.au/wp-content/uploads/2025/07/Samoa-GEHC-and-Pacific-Eyecare-Society-conference-2025-5.jpg [112117/112117] -> "raw-site/qei.org.au/wp-content/uploads/2025/07/Samoa-GEHC-and-Pacific-Eyecare-Society-conference-2025-5.jpg" [1]
2026-08-31 10:07:34 URL:https://qei.org.au/wp-content/uploads/2025/07/Samoa-GEHC-and-Pacific-Eyecare-Society-conference-2025-6-1024x768.jpg [132902/132902] -> "raw-site/qei.org.au/wp-content/uploads/2025/07/Samoa-GEHC-and-Pacific-Eyecare-Society-conference-2025-6-1024x768.jpg" [1]
2026-08-31 10:07:34 URL:https://qei.org.au/wp-content/uploads/2025/07/Samoa-GEHC-and-Pacific-Eyecare-Society-conference-2025-6-300x225.jpg [17888/17888] -> "raw-site/qei.org.au/wp-content/uploads/2025/07/Samoa-GEHC-and-Pacific-Eyecare-Society-conference-2025-6-300x225.jpg" [1]
2026-08-31 10:07:35 URL:https://qei.org.au/wp-content/uploads/2025/07/Samoa-GEHC-and-Pacific-Eyecare-Society-conference-2025-6-768x576.jpg [82799/82799] -> "raw-site/qei.org.au/wp-content/uploads/2025/07/Samoa-GEHC-and-Pacific-Eyecare-Society-conference-2025-6-768x576.jpg" [1]
2026-08-31 10:07:35 URL:https://qei.org.au/wp-content/uploads/2025/07/Samoa-GEHC-and-Pacific-Eyecare-Society-conference-2025-6-1536x1152.jpg [253788/253788] -> "raw-site/qei.org.au/wp-content/uploads/2025/07/Samoa-GEHC-and-Pacific-Eyecare-Society-conference-2025-6-1536x1152.jpg" [1]
2026-08-31 10:07:36 URL:https://qei.org.au/wp-content/uploads/2025/07/Samoa-GEHC-and-Pacific-Eyecare-Society-conference-2025-6-1430x1073.jpg [229091/229091] -> "raw-site/qei.org.au/wp-content/uploads/2025/07/Samoa-GEHC-and-Pacific-Eyecare-Society-conference-2025-6-1430x1073.jpg" [1]
2026-08-31 10:07:36 URL:https://qei.org.au/wp-content/uploads/2025/07/Samoa-GEHC-and-Pacific-Eyecare-Society-conference-2025-6-800x600.jpg [92465/92465] -> "raw-site/qei.org.au/wp-content/uploads/2025/07/Samoa-GEHC-and-Pacific-Eyecare-Society-conference-2025-6-800x600.jpg" [1]
2026-08-31 10:07:37 URL:https://qei.org.au/wp-content/uploads/2025/07/Samoa-GEHC-and-Pacific-Eyecare-Society-conference-2025-6-400x300.jpg [28274/28274] -> "raw-site/qei.org.au/wp-content/uploads/2025/07/Samoa-GEHC-and-Pacific-Eyecare-Society-conference-2025-6-400x300.jpg" [1]
2026-08-31 10:07:37 URL:https://qei.org.au/wp-content/uploads/2025/07/Samoa-GEHC-and-Pacific-Eyecare-Society-conference-2025-6.jpg [261787/261787] -> "raw-site/qei.org.au/wp-content/uploads/2025/07/Samoa-GEHC-and-Pacific-Eyecare-Society-conference-2025-6.jpg" [1]
2026-08-31 10:07:38 URL:https://qei.org.au/wp-content/uploads/2025/07/Samoa-GEHC-and-Pacific-Eyecare-Society-conference-2025-7-1024x768.jpg [182731/182731] -> "raw-site/qei.org.au/wp-content/uploads/2025/07/Samoa-GEHC-and-Pacific-Eyecare-Society-conference-2025-7-1024x768.jpg" [1]
2026-08-31 10:07:38 URL:https://qei.org.au/wp-content/uploads/2025/07/Samoa-GEHC-and-Pacific-Eyecare-Society-conference-2025-7-300x225.jpg [23035/23035] -> "raw-site/qei.org.au/wp-content/uploads/2025/07/Samoa-GEHC-and-Pacific-Eyecare-Society-conference-2025-7-300x225.jpg" [1]
2026-08-31 10:07:39 URL:https://qei.org.au/wp-content/uploads/2025/07/Samoa-GEHC-and-Pacific-Eyecare-Society-conference-2025-7-768x576.jpg [112387/112387] -> "raw-site/qei.org.au/wp-content/uploads/2025/07/Samoa-GEHC-and-Pacific-Eyecare-Society-conference-2025-7-768x576.jpg" [1]
2026-08-31 10:07:39 URL:https://qei.org.au/wp-content/uploads/2025/07/Samoa-GEHC-and-Pacific-Eyecare-Society-conference-2025-7-1536x1152.jpg [346602/346602] -> "raw-site/qei.org.au/wp-content/uploads/2025/07/Samoa-GEHC-and-Pacific-Eyecare-Society-conference-2025-7-1536x1152.jpg" [1]
2026-08-31 10:07:40 URL:https://qei.org.au/wp-content/uploads/2025/07/Samoa-GEHC-and-Pacific-Eyecare-Society-conference-2025-7-1430x1073.jpg [312940/312940] -> "raw-site/qei.org.au/wp-content/uploads/2025/07/Samoa-GEHC-and-Pacific-Eyecare-Society-conference-2025-7-1430x1073.jpg" [1]
2026-08-31 10:07:40 URL:https://qei.org.au/wp-content/uploads/2025/07/Samoa-GEHC-and-Pacific-Eyecare-Society-conference-2025-7-800x600.jpg [126730/126730] -> "raw-site/qei.org.au/wp-content/uploads/2025/07/Samoa-GEHC-and-Pacific-Eyecare-Society-conference-2025-7-800x600.jpg" [1]
2026-08-31 10:07:41 URL:https://qei.org.au/wp-content/uploads/2025/07/Samoa-GEHC-and-Pacific-Eyecare-Society-conference-2025-7-400x300.jpg [37568/37568] -> "raw-site/qei.org.au/wp-content/uploads/2025/07/Samoa-GEHC-and-Pacific-Eyecare-Society-conference-2025-7-400x300.jpg" [1]
2026-08-31 10:07:42 URL:https://qei.org.au/wp-content/uploads/2025/07/Samoa-GEHC-and-Pacific-Eyecare-Society-conference-2025-7.jpg [359738/359738] -> "raw-site/qei.org.au/wp-content/uploads/2025/07/Samoa-GEHC-and-Pacific-Eyecare-Society-conference-2025-7.jpg" [1]
https://qei.org.au/wp-content/themes/qei/css/owl.video.play.png:
2026-08-31 10:07:43 ERROR 404: Not Found.
https://qei.org.au/wp-content/themes/qei/fonts/slick.eot:
2026-08-31 10:07:44 ERROR 404: Not Found.
https://qei.org.au/wp-content/themes/qei/fonts/slick.eot?:
2026-08-31 10:07:46 ERROR 404: Not Found.
https://qei.org.au/wp-content/themes/qei/fonts/slick.woff:
2026-08-31 10:07:47 ERROR 404: Not Found.
https://qei.org.au/wp-content/themes/qei/fonts/slick.ttf:
2026-08-31 10:07:48 ERROR 404: Not Found.
https://qei.org.au/wp-content/themes/qei/fonts/slick.svg:
2026-08-31 10:07:50 ERROR 404: Not Found.
2026-08-31 10:07:50 URL:https://qei.org.au/news/jason-was-born-with-congenital-glaucoma/ [116951] -> "raw-site/qei.org.au/news/jason-was-born-with-congenital-glaucoma/index.html" [1]
2026-08-31 10:07:51 URL:https://qei.org.au/wp-content/themes/qei/css/custom-styles.css?ver=1788163270 [140055/140055] -> "raw-site/qei.org.au/wp-content/themes/qei/css/custom-styles.css@ver=1788163270.css" [1]
2026-08-31 10:07:51 URL:https://qei.org.au/wp-content/uploads/2019/02/glaucoma-860x450.jpg [79260/79260] -> "raw-site/qei.org.au/wp-content/uploads/2019/02/glaucoma-860x450.jpg" [1]
2026-08-31 10:07:52 URL:https://qei.org.au/wp-content/uploads/2019/02/glaucoma-1024x536.jpg [103320/103320] -> "raw-site/qei.org.au/wp-content/uploads/2019/02/glaucoma-1024x536.jpg" [1]
2026-08-31 10:07:52 URL:https://qei.org.au/wp-content/uploads/2019/02/glaucoma-300x157.jpg [14921/14921] -> "raw-site/qei.org.au/wp-content/uploads/2019/02/glaucoma-300x157.jpg" [1]
2026-08-31 10:07:53 URL:https://qei.org.au/wp-content/uploads/2019/02/glaucoma-768x402.jpg [65755/65755] -> "raw-site/qei.org.au/wp-content/uploads/2019/02/glaucoma-768x402.jpg" [1]
2026-08-31 10:07:53 URL:https://qei.org.au/wp-content/uploads/2019/02/glaucoma.jpg [170700/170700] -> "raw-site/qei.org.au/wp-content/uploads/2019/02/glaucoma.jpg" [1]
https://qei.org.au/wp-content/themes/qei/css/owl.video.play.png:
2026-08-31 10:07:55 ERROR 404: Not Found.
https://qei.org.au/wp-content/themes/qei/fonts/slick.eot:
2026-08-31 10:07:56 ERROR 404: Not Found.
https://qei.org.au/wp-content/themes/qei/fonts/slick.eot?:
2026-08-31 10:07:57 ERROR 404: Not Found.
https://qei.org.au/wp-content/themes/qei/fonts/slick.woff:
2026-08-31 10:07:59 ERROR 404: Not Found.
https://qei.org.au/wp-content/themes/qei/fonts/slick.ttf:
2026-08-31 10:08:00 ERROR 404: Not Found.
https://qei.org.au/wp-content/themes/qei/fonts/slick.svg:
2026-08-31 10:08:01 ERROR 404: Not Found.
2026-08-31 10:08:02 URL:https://qei.org.au/news/john-lowes-joins-the-qei-board/ [112801] -> "raw-site/qei.org.au/news/john-lowes-joins-the-qei-board/index.html" [1]
2026-08-31 10:08:02 URL:https://qei.org.au/wp-content/themes/qei/css/custom-styles.css?ver=1788163257 [140055/140055] -> "raw-site/qei.org.au/wp-content/themes/qei/css/custom-styles.css@ver=1788163257.css" [1]
2026-08-31 10:08:03 URL:https://qei.org.au/wp-content/uploads/2019/02/John_Lowes_10x15re-e1553733120128-548x450.jpg [18873/18873] -> "raw-site/qei.org.au/wp-content/uploads/2019/02/John_Lowes_10x15re-e1553733120128-548x450.jpg" [1]
https://qei.org.au/wp-content/themes/qei/css/owl.video.play.png:
2026-08-31 10:08:04 ERROR 404: Not Found.
https://qei.org.au/wp-content/themes/qei/fonts/slick.eot:
2026-08-31 10:08:05 ERROR 404: Not Found.
https://qei.org.au/wp-content/themes/qei/fonts/slick.eot?:
2026-08-31 10:08:07 ERROR 404: Not Found.
https://qei.org.au/wp-content/themes/qei/fonts/slick.woff:
2026-08-31 10:08:08 ERROR 404: Not Found.
https://qei.org.au/wp-content/themes/qei/fonts/slick.ttf:
2026-08-31 10:08:09 ERROR 404: Not Found.
https://qei.org.au/wp-content/themes/qei/fonts/slick.svg:
2026-08-31 10:08:11 ERROR 404: Not Found.
2026-08-31 10:08:11 URL:https://qei.org.au/news/last-seen-2023-officially-launched/ [117375] -> "raw-site/qei.org.au/news/last-seen-2023-officially-launched/index.html" [1]
2026-08-31 10:08:12 URL:https://qei.org.au/wp-content/themes/qei/css/custom-styles.css?ver=1788169938 [140055/140055] -> "raw-site/qei.org.au/wp-content/themes/qei/css/custom-styles.css@ver=1788169938.css" [1]
2026-08-31 10:08:12 URL:https://qei.org.au/wp-content/uploads/2023/02/Group-photo-of-three-artists-three-participants-Leeanne-Enoch-MP-and-Professor-Mark-Radford-1430x918.jpg [216791/216791] -> "raw-site/qei.org.au/wp-content/uploads/2023/02/Group-photo-of-three-artists-three-participants-Leeanne-Enoch-MP-and-Professor-Mark-Radford-1430x918.jpg" [1]
https://qei.org.au/wp-content/themes/qei/css/owl.video.play.png:
2026-08-31 10:08:13 ERROR 404: Not Found.
https://qei.org.au/wp-content/themes/qei/fonts/slick.eot:
2026-08-31 10:08:15 ERROR 404: Not Found.
https://qei.org.au/wp-content/themes/qei/fonts/slick.eot?:
2026-08-31 10:08:16 ERROR 404: Not Found.
https://qei.org.au/wp-content/themes/qei/fonts/slick.woff:
2026-08-31 10:08:17 ERROR 404: Not Found.
https://qei.org.au/wp-content/themes/qei/fonts/slick.ttf:
2026-08-31 10:08:19 ERROR 404: Not Found.
https://qei.org.au/wp-content/themes/qei/fonts/slick.svg:
2026-08-31 10:08:20 ERROR 404: Not Found.
2026-08-31 10:08:21 URL:https://qei.org.au/news/last-seen-exhibition-raises-sight-saving-funds-for-qeif/ [122040] -> "raw-site/qei.org.au/news/last-seen-exhibition-raises-sight-saving-funds-for-qeif/index.html" [1]
2026-08-31 10:08:21 URL:https://qei.org.au/wp-content/themes/qei/css/custom-styles.css?ver=1788169926 [140055/140055] -> "raw-site/qei.org.au/wp-content/themes/qei/css/custom-styles.css@ver=1788169926.css" [1]
2026-08-31 10:08:22 URL:https://qei.org.au/wp-content/uploads/2019/12/DSC01688-1430x907.jpg [237769/237769] -> "raw-site/qei.org.au/wp-content/uploads/2019/12/DSC01688-1430x907.jpg" [1]
2026-08-31 10:08:22 URL:https://qei.org.au/wp-content/uploads/2019/12/DSC01621.jpg [3215409/3215409] -> "raw-site/qei.org.au/wp-content/uploads/2019/12/DSC01621.jpg" [1]
2026-08-31 10:08:23 URL:https://qei.org.au/wp-content/uploads/2019/12/DSC01621-300x200.jpg [16350/16350] -> "raw-site/qei.org.au/wp-content/uploads/2019/12/DSC01621-300x200.jpg" [1]
2026-08-31 10:08:23 URL:https://qei.org.au/wp-content/uploads/2019/12/DSC01621-768x512.jpg [76396/76396] -> "raw-site/qei.org.au/wp-content/uploads/2019/12/DSC01621-768x512.jpg" [1]
2026-08-31 10:08:24 URL:https://qei.org.au/wp-content/uploads/2019/12/DSC01621-1024x683.jpg [125995/125995] -> "raw-site/qei.org.au/wp-content/uploads/2019/12/DSC01621-1024x683.jpg" [1]
2026-08-31 10:08:24 URL:https://qei.org.au/wp-content/uploads/2019/12/DSC01621-1430x953.jpg [222193/222193] -> "raw-site/qei.org.au/wp-content/uploads/2019/12/DSC01621-1430x953.jpg" [1]
2026-08-31 10:08:25 URL:https://qei.org.au/wp-content/uploads/2019/12/DSC01621-800x533.jpg [82670/82670] -> "raw-site/qei.org.au/wp-content/uploads/2019/12/DSC01621-800x533.jpg" [1]
2026-08-31 10:08:25 URL:https://qei.org.au/wp-content/uploads/2019/12/DSC01621-400x267.jpg [26049/26049] -> "raw-site/qei.org.au/wp-content/uploads/2019/12/DSC01621-400x267.jpg" [1]
2026-08-31 10:08:26 URL:https://qei.org.au/wp-content/uploads/2019/12/DSC01946.jpg [3145238/3145238] -> "raw-site/qei.org.au/wp-content/uploads/2019/12/DSC01946.jpg" [1]
2026-08-31 10:08:26 URL:https://qei.org.au/wp-content/uploads/2019/12/DSC01946-300x200.jpg [15044/15044] -> "raw-site/qei.org.au/wp-content/uploads/2019/12/DSC01946-300x200.jpg" [1]
2026-08-31 10:08:27 URL:https://qei.org.au/wp-content/uploads/2019/12/DSC01946-768x512.jpg [65050/65050] -> "raw-site/qei.org.au/wp-content/uploads/2019/12/DSC01946-768x512.jpg" [1]
2026-08-31 10:08:27 URL:https://qei.org.au/wp-content/uploads/2019/12/DSC01946-1024x683.jpg [103646/103646] -> "raw-site/qei.org.au/wp-content/uploads/2019/12/DSC01946-1024x683.jpg" [1]
2026-08-31 10:08:28 URL:https://qei.org.au/wp-content/uploads/2019/12/DSC01946-1430x953.jpg [178617/178617] -> "raw-site/qei.org.au/wp-content/uploads/2019/12/DSC01946-1430x953.jpg" [1]
2026-08-31 10:08:28 URL:https://qei.org.au/wp-content/uploads/2019/12/DSC01946-800x533.jpg [70023/70023] -> "raw-site/qei.org.au/wp-content/uploads/2019/12/DSC01946-800x533.jpg" [1]
2026-08-31 10:08:29 URL:https://qei.org.au/wp-content/uploads/2019/12/DSC01946-400x267.jpg [23608/23608] -> "raw-site/qei.org.au/wp-content/uploads/2019/12/DSC01946-400x267.jpg" [1]
2026-08-31 10:08:29 URL:https://qei.org.au/wp-content/uploads/2019/12/DSC01994.jpg [3367485/3367485] -> "raw-site/qei.org.au/wp-content/uploads/2019/12/DSC01994.jpg" [1]
2026-08-31 10:08:30 URL:https://qei.org.au/wp-content/uploads/2019/12/DSC01994-300x200.jpg [14986/14986] -> "raw-site/qei.org.au/wp-content/uploads/2019/12/DSC01994-300x200.jpg" [1]
2026-08-31 10:08:31 URL:https://qei.org.au/wp-content/uploads/2019/12/DSC01994-768x512.jpg [65636/65636] -> "raw-site/qei.org.au/wp-content/uploads/2019/12/DSC01994-768x512.jpg" [1]
2026-08-31 10:08:31 URL:https://qei.org.au/wp-content/uploads/2019/12/DSC01994-1024x683.jpg [103413/103413] -> "raw-site/qei.org.au/wp-content/uploads/2019/12/DSC01994-1024x683.jpg" [1]
2026-08-31 10:08:32 URL:https://qei.org.au/wp-content/uploads/2019/12/DSC01994-1430x953.jpg [176420/176420] -> "raw-site/qei.org.au/wp-content/uploads/2019/12/DSC01994-1430x953.jpg" [1]
2026-08-31 10:08:32 URL:https://qei.org.au/wp-content/uploads/2019/12/DSC01994-800x533.jpg [70185/70185] -> "raw-site/qei.org.au/wp-content/uploads/2019/12/DSC01994-800x533.jpg" [1]
2026-08-31 10:08:33 URL:https://qei.org.au/wp-content/uploads/2019/12/DSC01994-400x267.jpg [23593/23593] -> "raw-site/qei.org.au/wp-content/uploads/2019/12/DSC01994-400x267.jpg" [1]
2026-08-31 10:08:33 URL:https://qei.org.au/wp-content/uploads/2019/12/qpac.jpg [746865/746865] -> "raw-site/qei.org.au/wp-content/uploads/2019/12/qpac.jpg" [1]
2026-08-31 10:08:34 URL:https://qei.org.au/wp-content/uploads/2019/12/qpac-300x225.jpg [16421/16421] -> "raw-site/qei.org.au/wp-content/uploads/2019/12/qpac-300x225.jpg" [1]
2026-08-31 10:08:34 URL:https://qei.org.au/wp-content/uploads/2019/12/qpac-768x576.jpg [84505/84505] -> "raw-site/qei.org.au/wp-content/uploads/2019/12/qpac-768x576.jpg" [1]
2026-08-31 10:08:35 URL:https://qei.org.au/wp-content/uploads/2019/12/qpac-1024x768.jpg [148133/148133] -> "raw-site/qei.org.au/wp-content/uploads/2019/12/qpac-1024x768.jpg" [1]
2026-08-31 10:08:35 URL:https://qei.org.au/wp-content/uploads/2019/12/qpac-1430x1073.jpg [251475/251475] -> "raw-site/qei.org.au/wp-content/uploads/2019/12/qpac-1430x1073.jpg" [1]
2026-08-31 10:08:36 URL:https://qei.org.au/wp-content/uploads/2019/12/qpac-800x600.jpg [90765/90765] -> "raw-site/qei.org.au/wp-content/uploads/2019/12/qpac-800x600.jpg" [1]
2026-08-31 10:08:36 URL:https://qei.org.au/wp-content/uploads/2019/12/qpac-400x300.jpg [26465/26465] -> "raw-site/qei.org.au/wp-content/uploads/2019/12/qpac-400x300.jpg" [1]
https://qei.org.au/wp-content/themes/qei/css/owl.video.play.png:
2026-08-31 10:08:37 ERROR 404: Not Found.
https://qei.org.au/wp-content/themes/qei/fonts/slick.eot:
2026-08-31 10:08:39 ERROR 404: Not Found.
https://qei.org.au/wp-content/themes/qei/fonts/slick.eot?:
2026-08-31 10:08:40 ERROR 404: Not Found.
https://qei.org.au/wp-content/themes/qei/fonts/slick.woff:
2026-08-31 10:08:42 ERROR 404: Not Found.
https://qei.org.au/wp-content/themes/qei/fonts/slick.ttf:
2026-08-31 10:08:43 ERROR 404: Not Found.
https://qei.org.au/wp-content/themes/qei/fonts/slick.svg:
2026-08-31 10:08:44 ERROR 404: Not Found.
2026-08-31 10:08:45 URL:https://qei.org.au/news/last-seen-performance/ [119886] -> "raw-site/qei.org.au/news/last-seen-performance/index.html" [1]
2026-08-31 10:08:45 URL:https://qei.org.au/wp-content/themes/qei/css/custom-styles.css?ver=1788133843 [140055/140055] -> "raw-site/qei.org.au/wp-content/themes/qei/css/custom-styles.css@ver=1788133843.css" [1]
2026-08-31 10:08:46 URL:https://qei.org.au/wp-content/uploads/2023/04/Last-Seen-Performance-to-Save-Sight-24.04.23-4896.jpg [155187/155187] -> "raw-site/qei.org.au/wp-content/uploads/2023/04/Last-Seen-Performance-to-Save-Sight-24.04.23-4896.jpg" [1]
2026-08-31 10:08:46 URL:https://qei.org.au/wp-content/uploads/2023/04/Last-Seen-Performance-to-Save-Sight-24.04.23-4689.jpg [120431/120431] -> "raw-site/qei.org.au/wp-content/uploads/2023/04/Last-Seen-Performance-to-Save-Sight-24.04.23-4689.jpg" [1]
2026-08-31 10:08:47 URL:https://qei.org.au/wp-content/uploads/2023/04/Last-Seen-Performance-to-Save-Sight-24.04.23-4689-300x200.jpg [14246/14246] -> "raw-site/qei.org.au/wp-content/uploads/2023/04/Last-Seen-Performance-to-Save-Sight-24.04.23-4689-300x200.jpg" [1]
2026-08-31 10:08:47 URL:https://qei.org.au/wp-content/uploads/2023/04/Last-Seen-Performance-to-Save-Sight-24.04.23-4689-768x512.jpg [60008/60008] -> "raw-site/qei.org.au/wp-content/uploads/2023/04/Last-Seen-Performance-to-Save-Sight-24.04.23-4689-768x512.jpg" [1]
2026-08-31 10:08:48 URL:https://qei.org.au/wp-content/uploads/2023/04/Last-Seen-Performance-to-Save-Sight-24.04.23-4689-800x534.jpg [63455/63455] -> "raw-site/qei.org.au/wp-content/uploads/2023/04/Last-Seen-Performance-to-Save-Sight-24.04.23-4689-800x534.jpg" [1]
2026-08-31 10:08:48 URL:https://qei.org.au/wp-content/uploads/2023/04/Last-Seen-Performance-to-Save-Sight-24.04.23-4689-400x267.jpg [23629/23629] -> "raw-site/qei.org.au/wp-content/uploads/2023/04/Last-Seen-Performance-to-Save-Sight-24.04.23-4689-400x267.jpg" [1]
2026-08-31 10:08:49 URL:https://qei.org.au/wp-content/uploads/2023/04/Last-Seen-Performance-to-Save-Sight-24.04.23-4937.jpg [203564/203564] -> "raw-site/qei.org.au/wp-content/uploads/2023/04/Last-Seen-Performance-to-Save-Sight-24.04.23-4937.jpg" [1]
2026-08-31 10:08:49 URL:https://qei.org.au/wp-content/uploads/2023/04/Last-Seen-Performance-to-Save-Sight-24.04.23-4937-300x200.jpg [19277/19277] -> "raw-site/qei.org.au/wp-content/uploads/2023/04/Last-Seen-Performance-to-Save-Sight-24.04.23-4937-300x200.jpg" [1]
2026-08-31 10:08:50 URL:https://qei.org.au/wp-content/uploads/2023/04/Last-Seen-Performance-to-Save-Sight-24.04.23-4937-768x512.jpg [78520/78520] -> "raw-site/qei.org.au/wp-content/uploads/2023/04/Last-Seen-Performance-to-Save-Sight-24.04.23-4937-768x512.jpg" [1]
2026-08-31 10:08:50 URL:https://qei.org.au/wp-content/uploads/2023/04/Last-Seen-Performance-to-Save-Sight-24.04.23-4937-800x534.jpg [83294/83294] -> "raw-site/qei.org.au/wp-content/uploads/2023/04/Last-Seen-Performance-to-Save-Sight-24.04.23-4937-800x534.jpg" [1]
2026-08-31 10:08:51 URL:https://qei.org.au/wp-content/uploads/2023/04/Last-Seen-Performance-to-Save-Sight-24.04.23-4937-400x267.jpg [29737/29737] -> "raw-site/qei.org.au/wp-content/uploads/2023/04/Last-Seen-Performance-to-Save-Sight-24.04.23-4937-400x267.jpg" [1]
https://qei.org.au/wp-content/themes/qei/css/owl.video.play.png:
2026-08-31 10:08:52 ERROR 404: Not Found.
https://qei.org.au/wp-content/themes/qei/fonts/slick.eot:
2026-08-31 10:08:54 ERROR 404: Not Found.
https://qei.org.au/wp-content/themes/qei/fonts/slick.eot?:
2026-08-31 10:08:55 ERROR 404: Not Found.
https://qei.org.au/wp-content/themes/qei/fonts/slick.woff:
2026-08-31 10:08:56 ERROR 404: Not Found.
https://qei.org.au/wp-content/themes/qei/fonts/slick.ttf:
2026-08-31 10:08:57 ERROR 404: Not Found.
https://qei.org.au/wp-content/themes/qei/fonts/slick.svg:
2026-08-31 10:08:59 ERROR 404: Not Found.
2026-08-31 10:08:59 URL:https://qei.org.au/news/mario-pennisi-joins-qeif-board/ [113005] -> "raw-site/qei.org.au/news/mario-pennisi-joins-qeif-board/index.html" [1]
2026-08-31 10:09:00 URL:https://qei.org.au/wp-content/themes/qei/css/custom-styles.css?ver=1788166311 [140055/140055] -> "raw-site/qei.org.au/wp-content/themes/qei/css/custom-styles.css@ver=1788166311.css" [1]
2026-08-31 10:09:00 URL:https://qei.org.au/wp-content/uploads/2019/07/0Y7A3380-1430x1430.jpg [138134/138134] -> "raw-site/qei.org.au/wp-content/uploads/2019/07/0Y7A3380-1430x1430.jpg" [1]
https://qei.org.au/wp-content/themes/qei/css/owl.video.play.png:
2026-08-31 10:09:02 ERROR 404: Not Found.
https://qei.org.au/wp-content/themes/qei/fonts/slick.eot:
2026-08-31 10:09:03 ERROR 404: Not Found.
https://qei.org.au/wp-content/themes/qei/fonts/slick.eot?:
2026-08-31 10:09:05 ERROR 404: Not Found.
https://qei.org.au/wp-content/themes/qei/fonts/slick.woff:
2026-08-31 10:09:07 ERROR 404: Not Found.
https://qei.org.au/wp-content/themes/qei/fonts/slick.ttf:
2026-08-31 10:09:08 ERROR 404: Not Found.
https://qei.org.au/wp-content/themes/qei/fonts/slick.svg:
2026-08-31 10:09:09 ERROR 404: Not Found.
2026-08-31 10:09:10 URL:https://qei.org.au/news/meet-dr-alexandra-manta-a-triple-threat-in-the-fight-to-save-sight/ [138020] -> "raw-site/qei.org.au/news/meet-dr-alexandra-manta-a-triple-threat-in-the-fight-to-save-sight/index.html" [1]
2026-08-31 10:09:10 URL:https://qei.org.au/wp-content/themes/qei/css/custom-styles.css?ver=1788133968 [140055/140055] -> "raw-site/qei.org.au/wp-content/themes/qei/css/custom-styles.css@ver=1788133968.css" [1]
2026-08-31 10:09:11 URL:https://qei.org.au/wp-content/uploads/2024/04/20240411DrAlexandraManta1-1430x1430.jpg [173063/173063] -> "raw-site/qei.org.au/wp-content/uploads/2024/04/20240411DrAlexandraManta1-1430x1430.jpg" [1]
2026-08-31 10:09:11 URL:https://qei.org.au/wp-content/uploads/2024/03/20230512DrAlexandraManta1.jpg [967581/967581] -> "raw-site/qei.org.au/wp-content/uploads/2024/03/20230512DrAlexandraManta1.jpg" [1]
2026-08-31 10:09:12 URL:https://qei.org.au/wp-content/uploads/2024/03/20230512DrAlexandraManta1-300x200.jpg [12887/12887] -> "raw-site/qei.org.au/wp-content/uploads/2024/03/20230512DrAlexandraManta1-300x200.jpg" [1]
2026-08-31 10:09:12 URL:https://qei.org.au/wp-content/uploads/2024/03/20230512DrAlexandraManta1-1024x683.jpg [81290/81290] -> "raw-site/qei.org.au/wp-content/uploads/2024/03/20230512DrAlexandraManta1-1024x683.jpg" [1]
2026-08-31 10:09:13 URL:https://qei.org.au/wp-content/uploads/2024/03/20230512DrAlexandraManta1-768x512.jpg [51877/51877] -> "raw-site/qei.org.au/wp-content/uploads/2024/03/20230512DrAlexandraManta1-768x512.jpg" [1]
2026-08-31 10:09:13 URL:https://qei.org.au/wp-content/uploads/2024/03/20230512DrAlexandraManta1-1536x1024.jpg [158093/158093] -> "raw-site/qei.org.au/wp-content/uploads/2024/03/20230512DrAlexandraManta1-1536x1024.jpg" [1]
2026-08-31 10:09:14 URL:https://qei.org.au/wp-content/uploads/2024/03/20230512DrAlexandraManta1-2048x1365.jpg [265030/265030] -> "raw-site/qei.org.au/wp-content/uploads/2024/03/20230512DrAlexandraManta1-2048x1365.jpg" [1]
2026-08-31 10:09:14 URL:https://qei.org.au/wp-content/uploads/2024/03/20230512DrAlexandraManta1-1430x953.jpg [141031/141031] -> "raw-site/qei.org.au/wp-content/uploads/2024/03/20230512DrAlexandraManta1-1430x953.jpg" [1]
2026-08-31 10:09:15 URL:https://qei.org.au/wp-content/uploads/2024/03/20230512DrAlexandraManta1-800x533.jpg [55897/55897] -> "raw-site/qei.org.au/wp-content/uploads/2024/03/20230512DrAlexandraManta1-800x533.jpg" [1]
2026-08-31 10:09:15 URL:https://qei.org.au/wp-content/uploads/2024/03/20230512DrAlexandraManta1-400x267.jpg [20060/20060] -> "raw-site/qei.org.au/wp-content/uploads/2024/03/20230512DrAlexandraManta1-400x267.jpg" [1]
https://qei.org.au/wp-content/themes/qei/css/owl.video.play.png:
2026-08-31 10:09:17 ERROR 404: Not Found.
https://qei.org.au/wp-content/themes/qei/fonts/slick.eot:
2026-08-31 10:09:18 ERROR 404: Not Found.
https://qei.org.au/wp-content/themes/qei/fonts/slick.eot?:
2026-08-31 10:09:19 ERROR 404: Not Found.
https://qei.org.au/wp-content/themes/qei/fonts/slick.woff:
2026-08-31 10:09:20 ERROR 404: Not Found.
https://qei.org.au/wp-content/themes/qei/fonts/slick.ttf:
2026-08-31 10:09:22 ERROR 404: Not Found.
https://qei.org.au/wp-content/themes/qei/fonts/slick.svg:
2026-08-31 10:09:23 ERROR 404: Not Found.
2026-08-31 10:09:23 URL:https://qei.org.au/news/meet-michelle-and-help-us-save-sight/ [116854] -> "raw-site/qei.org.au/news/meet-michelle-and-help-us-save-sight/index.html" [1]
2026-08-31 10:09:24 URL:https://qei.org.au/wp-content/themes/qei/css/custom-styles.css?ver=1788163267 [140055/140055] -> "raw-site/qei.org.au/wp-content/themes/qei/css/custom-styles.css@ver=1788163267.css" [1]
2026-08-31 10:09:24 URL:https://qei.org.au/wp-content/uploads/2019/02/DSC_0626-copy-e1553732080324-560x450.jpg [37016/37016] -> "raw-site/qei.org.au/wp-content/uploads/2019/02/DSC_0626-copy-e1553732080324-560x450.jpg" [1]
https://qei.org.au/wp-content/themes/qei/css/owl.video.play.png:
2026-08-31 10:09:26 ERROR 404: Not Found.
https://qei.org.au/wp-content/themes/qei/fonts/slick.eot:
2026-08-31 10:09:27 ERROR 404: Not Found.
https://qei.org.au/wp-content/themes/qei/fonts/slick.eot?:
2026-08-31 10:09:28 ERROR 404: Not Found.
https://qei.org.au/wp-content/themes/qei/fonts/slick.woff:
2026-08-31 10:09:30 ERROR 404: Not Found.
https://qei.org.au/wp-content/themes/qei/fonts/slick.ttf:
2026-08-31 10:09:31 ERROR 404: Not Found.
https://qei.org.au/wp-content/themes/qei/fonts/slick.svg:
2026-08-31 10:09:32 ERROR 404: Not Found.
2026-08-31 10:09:33 URL:https://qei.org.au/news/meet-our-board/ [115312] -> "raw-site/qei.org.au/news/meet-our-board/index.html" [1]
2026-08-31 10:09:33 URL:https://qei.org.au/wp-content/themes/qei/css/custom-styles.css?ver=1788133780 [140055/140055] -> "raw-site/qei.org.au/wp-content/themes/qei/css/custom-styles.css@ver=1788133780.css" [1]
2026-08-31 10:09:34 URL:https://qei.org.au/wp-content/uploads/2021/03/0Y7A3389-1430x953.jpg [108439/108439] -> "raw-site/qei.org.au/wp-content/uploads/2021/03/0Y7A3389-1430x953.jpg" [1]
https://qei.org.au/wp-content/themes/qei/css/owl.video.play.png:
2026-08-31 10:09:35 ERROR 404: Not Found.
https://qei.org.au/wp-content/themes/qei/fonts/slick.eot:
2026-08-31 10:09:36 ERROR 404: Not Found.
https://qei.org.au/wp-content/themes/qei/fonts/slick.eot?:
2026-08-31 10:09:38 ERROR 404: Not Found.
https://qei.org.au/wp-content/themes/qei/fonts/slick.woff:
2026-08-31 10:09:39 ERROR 404: Not Found.
https://qei.org.au/wp-content/themes/qei/fonts/slick.ttf:
2026-08-31 10:09:40 ERROR 404: Not Found.
https://qei.org.au/wp-content/themes/qei/fonts/slick.svg:
2026-08-31 10:09:41 ERROR 404: Not Found.
2026-08-31 10:09:42 URL:https://qei.org.au/news/microplate-reader-appeal/ [115494] -> "raw-site/qei.org.au/news/microplate-reader-appeal/index.html" [1]
2026-08-31 10:09:43 URL:https://qei.org.au/wp-content/themes/qei/css/custom-styles.css?ver=1788163556 [140055/140055] -> "raw-site/qei.org.au/wp-content/themes/qei/css/custom-styles.css@ver=1788163556.css" [1]
2026-08-31 10:09:43 URL:https://qei.org.au/wp-content/uploads/2025/10/20250724_QEI-silk-sericin-research-8_Web-1430x954.jpg [171447/171447] -> "raw-site/qei.org.au/wp-content/uploads/2025/10/20250724_QEI-silk-sericin-research-8_Web-1430x954.jpg" [1]
2026-08-31 10:09:44 URL:https://qei.org.au/wp-content/uploads/2025/09/Appeal-heading-1.png [22456/22456] -> "raw-site/qei.org.au/wp-content/uploads/2025/09/Appeal-heading-1.png" [1]
2026-08-31 10:09:44 URL:https://qei.org.au/wp-content/uploads/2025/09/Appeal-heading-1-300x125.png [9241/9241] -> "raw-site/qei.org.au/wp-content/uploads/2025/09/Appeal-heading-1-300x125.png" [1]
2026-08-31 10:09:45 URL:https://qei.org.au/wp-content/uploads/2025/09/Appeal-heading-1-400x167.png [18025/18025] -> "raw-site/qei.org.au/wp-content/uploads/2025/09/Appeal-heading-1-400x167.png" [1]
https://qei.org.au/wp-content/themes/qei/css/owl.video.play.png:
2026-08-31 10:09:46 ERROR 404: Not Found.
https://qei.org.au/wp-content/themes/qei/fonts/slick.eot:
2026-08-31 10:09:47 ERROR 404: Not Found.
https://qei.org.au/wp-content/themes/qei/fonts/slick.eot?:
2026-08-31 10:09:48 ERROR 404: Not Found.
https://qei.org.au/wp-content/themes/qei/fonts/slick.woff:
2026-08-31 10:09:50 ERROR 404: Not Found.
https://qei.org.au/wp-content/themes/qei/fonts/slick.ttf:
2026-08-31 10:09:51 ERROR 404: Not Found.
https://qei.org.au/wp-content/themes/qei/fonts/slick.svg:
2026-08-31 10:09:52 ERROR 404: Not Found.
2026-08-31 10:09:53 URL:https://qei.org.au/news/more-than-a-cool-accessory-sunnies-can-save-your-sight/ [115232] -> "raw-site/qei.org.au/news/more-than-a-cool-accessory-sunnies-can-save-your-sight/index.html" [1]
2026-08-31 10:09:53 URL:https://qei.org.au/wp-content/themes/qei/css/custom-styles.css?ver=1788163265 [140055/140055] -> "raw-site/qei.org.au/wp-content/themes/qei/css/custom-styles.css@ver=1788163265.css" [1]
2026-08-31 10:09:54 URL:https://qei.org.au/wp-content/uploads/2019/02/images-1.jpg [29951/29951] -> "raw-site/qei.org.au/wp-content/uploads/2019/02/images-1.jpg" [1]
https://qei.org.au/wp-content/themes/qei/css/owl.video.play.png:
2026-08-31 10:09:55 ERROR 404: Not Found.
https://qei.org.au/wp-content/themes/qei/fonts/slick.eot:
2026-08-31 10:09:56 ERROR 404: Not Found.
https://qei.org.au/wp-content/themes/qei/fonts/slick.eot?:
2026-08-31 10:09:58 ERROR 404: Not Found.
https://qei.org.au/wp-content/themes/qei/fonts/slick.woff:
2026-08-31 10:09:59 ERROR 404: Not Found.
https://qei.org.au/wp-content/themes/qei/fonts/slick.ttf:
2026-08-31 10:10:00 ERROR 404: Not Found.
https://qei.org.au/wp-content/themes/qei/fonts/slick.svg:
2026-08-31 10:10:02 ERROR 404: Not Found.
2026-08-31 10:10:02 URL:https://qei.org.au/news/movie-fundraiser-crazy-rich-asians/ [115605] -> "raw-site/qei.org.au/news/movie-fundraiser-crazy-rich-asians/index.html" [1]
2026-08-31 10:10:03 URL:https://qei.org.au/wp-content/themes/qei/css/custom-styles.css?ver=1788163254 [140055/140055] -> "raw-site/qei.org.au/wp-content/themes/qei/css/custom-styles.css@ver=1788163254.css" [1]
2026-08-31 10:10:03 URL:https://qei.org.au/wp-content/uploads/2019/02/fundrise.png [264906/264906] -> "raw-site/qei.org.au/wp-content/uploads/2019/02/fundrise.png" [1]
https://qei.org.au/wp-content/themes/qei/css/owl.video.play.png:
2026-08-31 10:10:04 ERROR 404: Not Found.
https://qei.org.au/wp-content/themes/qei/fonts/slick.eot:
2026-08-31 10:10:06 ERROR 404: Not Found.
https://qei.org.au/wp-content/themes/qei/fonts/slick.eot?:
2026-08-31 10:10:07 ERROR 404: Not Found.
https://qei.org.au/wp-content/themes/qei/fonts/slick.woff:
2026-08-31 10:10:08 ERROR 404: Not Found.
https://qei.org.au/wp-content/themes/qei/fonts/slick.ttf:
2026-08-31 10:10:10 ERROR 404: Not Found.
https://qei.org.au/wp-content/themes/qei/fonts/slick.svg:
2026-08-31 10:10:11 ERROR 404: Not Found.
2026-08-31 10:10:11 URL:https://qei.org.au/news/national-sunnies-day/ [115325] -> "raw-site/qei.org.au/news/national-sunnies-day/index.html" [1]
2026-08-31 10:10:12 URL:https://qei.org.au/wp-content/themes/qei/css/custom-styles.css?ver=1788169923 [140055/140055] -> "raw-site/qei.org.au/wp-content/themes/qei/css/custom-styles.css@ver=1788169923.css" [1]
2026-08-31 10:10:13 URL:https://qei.org.au/wp-content/uploads/2021/11/Edited-width-National-Sunglasses-Day-Flyer-for-website-1024x259.jpg [72775/72775] -> "raw-site/qei.org.au/wp-content/uploads/2021/11/Edited-width-National-Sunglasses-Day-Flyer-for-website-1024x259.jpg" [1]
2026-08-31 10:10:13 URL:https://qei.org.au/wp-content/uploads/2021/11/Edited-width-National-Sunglasses-Day-Flyer-for-website-300x76.jpg [8097/8097] -> "raw-site/qei.org.au/wp-content/uploads/2021/11/Edited-width-National-Sunglasses-Day-Flyer-for-website-300x76.jpg" [1]
2026-08-31 10:10:14 URL:https://qei.org.au/wp-content/uploads/2021/11/Edited-width-National-Sunglasses-Day-Flyer-for-website-768x194.jpg [43250/43250] -> "raw-site/qei.org.au/wp-content/uploads/2021/11/Edited-width-National-Sunglasses-Day-Flyer-for-website-768x194.jpg" [1]
2026-08-31 10:10:14 URL:https://qei.org.au/wp-content/uploads/2021/11/Edited-width-National-Sunglasses-Day-Flyer-for-website-1430x362.jpg [133451/133451] -> "raw-site/qei.org.au/wp-content/uploads/2021/11/Edited-width-National-Sunglasses-Day-Flyer-for-website-1430x362.jpg" [1]
2026-08-31 10:10:15 URL:https://qei.org.au/wp-content/uploads/2021/11/Edited-width-National-Sunglasses-Day-Flyer-for-website-800x202.jpg [45725/45725] -> "raw-site/qei.org.au/wp-content/uploads/2021/11/Edited-width-National-Sunglasses-Day-Flyer-for-website-800x202.jpg" [1]
2026-08-31 10:10:15 URL:https://qei.org.au/wp-content/uploads/2021/11/Edited-width-National-Sunglasses-Day-Flyer-for-website-400x101.jpg [13161/13161] -> "raw-site/qei.org.au/wp-content/uploads/2021/11/Edited-width-National-Sunglasses-Day-Flyer-for-website-400x101.jpg" [1]
https://qei.org.au/wp-content/themes/qei/css/owl.video.play.png:
2026-08-31 10:10:16 ERROR 404: Not Found.
https://qei.org.au/wp-content/themes/qei/fonts/slick.eot:
2026-08-31 10:10:18 ERROR 404: Not Found.
https://qei.org.au/wp-content/themes/qei/fonts/slick.eot?:
2026-08-31 10:10:19 ERROR 404: Not Found.
https://qei.org.au/wp-content/themes/qei/fonts/slick.woff:
2026-08-31 10:10:20 ERROR 404: Not Found.
https://qei.org.au/wp-content/themes/qei/fonts/slick.ttf:
2026-08-31 10:10:22 ERROR 404: Not Found.
https://qei.org.au/wp-content/themes/qei/fonts/slick.svg:
2026-08-31 10:10:23 ERROR 404: Not Found.
2026-08-31 10:10:23 URL:https://qei.org.au/news/new-appointment-for-qeis-macula-specialist/ [113454] -> "raw-site/qei.org.au/news/new-appointment-for-qeis-macula-specialist/index.html" [1]
2026-08-31 10:10:24 URL:https://qei.org.au/wp-content/themes/qei/css/custom-styles.css?ver=1788133853 [140055/140055] -> "raw-site/qei.org.au/wp-content/themes/qei/css/custom-styles.css@ver=1788133853.css" [1]
2026-08-31 10:10:24 URL:https://qei.org.au/wp-content/uploads/2019/09/Dr-Anthony-Kwan-1144x1430.jpg [99623/99623] -> "raw-site/qei.org.au/wp-content/uploads/2019/09/Dr-Anthony-Kwan-1144x1430.jpg" [1]
https://qei.org.au/wp-content/themes/qei/css/owl.video.play.png:
2026-08-31 10:10:26 ERROR 404: Not Found.
https://qei.org.au/wp-content/themes/qei/fonts/slick.eot:
2026-08-31 10:10:27 ERROR 404: Not Found.
https://qei.org.au/wp-content/themes/qei/fonts/slick.eot?:
2026-08-31 10:10:28 ERROR 404: Not Found.
https://qei.org.au/wp-content/themes/qei/fonts/slick.woff:
2026-08-31 10:10:30 ERROR 404: Not Found.
https://qei.org.au/wp-content/themes/qei/fonts/slick.ttf:
2026-08-31 10:10:31 ERROR 404: Not Found.
https://qei.org.au/wp-content/themes/qei/fonts/slick.svg:
2026-08-31 10:10:32 ERROR 404: Not Found.
2026-08-31 10:10:33 URL:https://qei.org.au/news/new-collaboration-between-queensland-eye-institute-and-the-george-e-palade-university-of-medicine-pharmacy-science-and-technology-umfst-of-targu-mures-romania/ [121411] -> "raw-site/qei.org.au/news/new-collaboration-between-queensland-eye-institute-and-the-george-e-palade-university-of-medicine-pharmacy-science-and-technology-umfst-of-targu-mures-romania/index.html" [1]
2026-08-31 10:10:33 URL:https://qei.org.au/wp-content/themes/qei/css/custom-styles.css?ver=1788133845 [140055/140055] -> "raw-site/qei.org.au/wp-content/themes/qei/css/custom-styles.css@ver=1788133845.css" [1]
2026-08-31 10:10:34 URL:https://qei.org.au/wp-content/uploads/2022/08/Dr-Suzuki-and-Professor-Mark-Radford-at-George-E.-Palade-University-of-Medicine-Pharmacy-Science-and-Technology-UMFST-of-T%C3%A2rgu-Mures-Romania.jpg [80371/80371] -> "raw-site/qei.org.au/wp-content/uploads/2022/08/Dr-Suzuki-and-Professor-Mark-Radford-at-George-E.-Palade-University-of-Medicine-Pharmacy-Science-and-Technology-UMFST-of-Târgu-Mures-Romania.jpg" [1]
2026-08-31 10:10:34 URL:https://qei.org.au/wp-content/uploads/2022/08/Dr-Suzuki-and-Robert-at-George-E.-Palade-University-of-Medicine-Pharmacy-Science-and-Technology-UMFST-of-T%C3%A2rgu-Mures-Romania.jpeg [86991/86991] -> "raw-site/qei.org.au/wp-content/uploads/2022/08/Dr-Suzuki-and-Robert-at-George-E.-Palade-University-of-Medicine-Pharmacy-Science-and-Technology-UMFST-of-Târgu-Mures-Romania.jpeg" [1]
2026-08-31 10:10:35 URL:https://qei.org.au/wp-content/uploads/2022/08/Dr-Suzuki-and-Robert-at-George-E.-Palade-University-of-Medicine-Pharmacy-Science-and-Technology-UMFST-of-T%C3%A2rgu-Mures-Romania-225x300.jpeg [13571/13571] -> "raw-site/qei.org.au/wp-content/uploads/2022/08/Dr-Suzuki-and-Robert-at-George-E.-Palade-University-of-Medicine-Pharmacy-Science-and-Technology-UMFST-of-Târgu-Mures-Romania-225x300.jpeg" [1]
2026-08-31 10:10:35 URL:https://qei.org.au/wp-content/uploads/2022/08/Biotester-at-George-E.-Palade-University-of-Medicine-Pharmacy-Science-and-Technology-UMFST-of-T%C3%A2rgu-Mures-Romania-1024x768.jpeg [81509/81509] -> "raw-site/qei.org.au/wp-content/uploads/2022/08/Biotester-at-George-E.-Palade-University-of-Medicine-Pharmacy-Science-and-Technology-UMFST-of-Târgu-Mures-Romania-1024x768.jpeg" [1]
2026-08-31 10:10:36 URL:https://qei.org.au/wp-content/uploads/2022/08/Biotester-at-George-E.-Palade-University-of-Medicine-Pharmacy-Science-and-Technology-UMFST-of-T%C3%A2rgu-Mures-Romania-300x225.jpeg [12116/12116] -> "raw-site/qei.org.au/wp-content/uploads/2022/08/Biotester-at-George-E.-Palade-University-of-Medicine-Pharmacy-Science-and-Technology-UMFST-of-Târgu-Mures-Romania-300x225.jpeg" [1]
2026-08-31 10:10:36 URL:https://qei.org.au/wp-content/uploads/2022/08/Biotester-at-George-E.-Palade-University-of-Medicine-Pharmacy-Science-and-Technology-UMFST-of-T%C3%A2rgu-Mures-Romania-768x576.jpeg [51511/51511] -> "raw-site/qei.org.au/wp-content/uploads/2022/08/Biotester-at-George-E.-Palade-University-of-Medicine-Pharmacy-Science-and-Technology-UMFST-of-Târgu-Mures-Romania-768x576.jpeg" [1]
2026-08-31 10:10:37 URL:https://qei.org.au/wp-content/uploads/2022/08/Biotester-at-George-E.-Palade-University-of-Medicine-Pharmacy-Science-and-Technology-UMFST-of-T%C3%A2rgu-Mures-Romania-1430x1073.jpeg [140509/140509] -> "raw-site/qei.org.au/wp-content/uploads/2022/08/Biotester-at-George-E.-Palade-University-of-Medicine-Pharmacy-Science-and-Technology-UMFST-of-Târgu-Mures-Romania-1430x1073.jpeg" [1]
2026-08-31 10:10:37 URL:https://qei.org.au/wp-content/uploads/2022/08/Biotester-at-George-E.-Palade-University-of-Medicine-Pharmacy-Science-and-Technology-UMFST-of-T%C3%A2rgu-Mures-Romania-800x600.jpeg [55297/55297] -> "raw-site/qei.org.au/wp-content/uploads/2022/08/Biotester-at-George-E.-Palade-University-of-Medicine-Pharmacy-Science-and-Technology-UMFST-of-Târgu-Mures-Romania-800x600.jpeg" [1]
2026-08-31 10:10:38 URL:https://qei.org.au/wp-content/uploads/2022/08/Biotester-at-George-E.-Palade-University-of-Medicine-Pharmacy-Science-and-Technology-UMFST-of-T%C3%A2rgu-Mures-Romania-400x300.jpeg [19118/19118] -> "raw-site/qei.org.au/wp-content/uploads/2022/08/Biotester-at-George-E.-Palade-University-of-Medicine-Pharmacy-Science-and-Technology-UMFST-of-Târgu-Mures-Romania-400x300.jpeg" [1]
2026-08-31 10:10:38 URL:https://qei.org.au/wp-content/uploads/2022/08/Dr-Suzuki-and-Professor-Mark-Radford-at-George-E.-Palade-University-of-Medicine-Pharmacy-Science-and-Technology-UMFST-of-T%C3%A2rgu-Mures-Romania-300x225.jpg [17832/17832] -> "raw-site/qei.org.au/wp-content/uploads/2022/08/Dr-Suzuki-and-Professor-Mark-Radford-at-George-E.-Palade-University-of-Medicine-Pharmacy-Science-and-Technology-UMFST-of-Târgu-Mures-Romania-300x225.jpg" [1]
2026-08-31 10:10:39 URL:https://qei.org.au/wp-content/uploads/2022/08/Dr-Suzuki-and-Professor-Mark-Radford-at-George-E.-Palade-University-of-Medicine-Pharmacy-Science-and-Technology-UMFST-of-T%C3%A2rgu-Mures-Romania-400x300.jpg [27432/27432] -> "raw-site/qei.org.au/wp-content/uploads/2022/08/Dr-Suzuki-and-Professor-Mark-Radford-at-George-E.-Palade-University-of-Medicine-Pharmacy-Science-and-Technology-UMFST-of-Târgu-Mures-Romania-400x300.jpg" [1]
https://qei.org.au/wp-content/themes/qei/css/owl.video.play.png:
2026-08-31 10:10:40 ERROR 404: Not Found.
https://qei.org.au/wp-content/themes/qei/fonts/slick.eot:
2026-08-31 10:10:41 ERROR 404: Not Found.
https://qei.org.au/wp-content/themes/qei/fonts/slick.eot?:
2026-08-31 10:10:43 ERROR 404: Not Found.
https://qei.org.au/wp-content/themes/qei/fonts/slick.woff:
2026-08-31 10:10:44 ERROR 404: Not Found.
https://qei.org.au/wp-content/themes/qei/fonts/slick.ttf:
2026-08-31 10:10:45 ERROR 404: Not Found.
https://qei.org.au/wp-content/themes/qei/fonts/slick.svg:
2026-08-31 10:10:47 ERROR 404: Not Found.
2026-08-31 10:10:47 URL:https://qei.org.au/news/new-hope-for-patients-with-macular-degeneration/ [116751] -> "raw-site/qei.org.au/news/new-hope-for-patients-with-macular-degeneration/index.html" [1]
2026-08-31 10:10:48 URL:https://qei.org.au/wp-content/themes/qei/css/custom-styles.css?ver=1788163251 [140055/140055] -> "raw-site/qei.org.au/wp-content/themes/qei/css/custom-styles.css@ver=1788163251.css" [1]
2026-08-31 10:10:48 URL:https://qei.org.au/wp-content/uploads/2019/02/home-middle-677x450.png [536302/536302] -> "raw-site/qei.org.au/wp-content/uploads/2019/02/home-middle-677x450.png" [1]
https://qei.org.au/wp-content/themes/qei/css/owl.video.play.png:
2026-08-31 10:10:49 ERROR 404: Not Found.
https://qei.org.au/wp-content/themes/qei/fonts/slick.eot:
2026-08-31 10:10:51 ERROR 404: Not Found.
https://qei.org.au/wp-content/themes/qei/fonts/slick.eot?:
2026-08-31 10:10:52 ERROR 404: Not Found.
https://qei.org.au/wp-content/themes/qei/fonts/slick.woff:
2026-08-31 10:10:53 ERROR 404: Not Found.
https://qei.org.au/wp-content/themes/qei/fonts/slick.ttf:
2026-08-31 10:10:55 ERROR 404: Not Found.
https://qei.org.au/wp-content/themes/qei/fonts/slick.svg:
2026-08-31 10:10:56 ERROR 404: Not Found.
2026-08-31 10:10:56 URL:https://qei.org.au/news/new-publication-for-ophthalmology-receptionists/ [117596] -> "raw-site/qei.org.au/news/new-publication-for-ophthalmology-receptionists/index.html" [1]
2026-08-31 10:10:57 URL:https://qei.org.au/wp-content/themes/qei/css/custom-styles.css?ver=1788163628 [140055/140055] -> "raw-site/qei.org.au/wp-content/themes/qei/css/custom-styles.css@ver=1788163628.css" [1]
2026-08-31 10:10:57 URL:https://qei.org.au/wp-content/uploads/2026/03/eBook-Mockup-1-1430x1033.png [1004973/1004973] -> "raw-site/qei.org.au/wp-content/uploads/2026/03/eBook-Mockup-1-1430x1033.png" [1]
2026-08-31 10:10:58 URL:https://qei.org.au/wp-content/uploads/2026/03/eBook-Mockup-1-1024x740.png [551883/551883] -> "raw-site/qei.org.au/wp-content/uploads/2026/03/eBook-Mockup-1-1024x740.png" [1]
2026-08-31 10:10:58 URL:https://qei.org.au/wp-content/uploads/2026/03/eBook-Mockup-1-300x217.png [62805/62805] -> "raw-site/qei.org.au/wp-content/uploads/2026/03/eBook-Mockup-1-300x217.png" [1]
2026-08-31 10:10:59 URL:https://qei.org.au/wp-content/uploads/2026/03/eBook-Mockup-1-768x555.png [327925/327925] -> "raw-site/qei.org.au/wp-content/uploads/2026/03/eBook-Mockup-1-768x555.png" [1]
2026-08-31 10:11:00 URL:https://qei.org.au/wp-content/uploads/2026/03/eBook-Mockup-1-1536x1109.png [1139131/1139131] -> "raw-site/qei.org.au/wp-content/uploads/2026/03/eBook-Mockup-1-1536x1109.png" [1]
2026-08-31 10:11:00 URL:https://qei.org.au/wp-content/uploads/2026/03/eBook-Mockup-1-2048x1479.png [1870806/1870806] -> "raw-site/qei.org.au/wp-content/uploads/2026/03/eBook-Mockup-1-2048x1479.png" [1]
2026-08-31 10:11:01 URL:https://qei.org.au/wp-content/uploads/2026/03/eBook-Mockup-1-800x578.png [352687/352687] -> "raw-site/qei.org.au/wp-content/uploads/2026/03/eBook-Mockup-1-800x578.png" [1]
2026-08-31 10:11:01 URL:https://qei.org.au/wp-content/uploads/2026/03/eBook-Mockup-1-400x289.png [102500/102500] -> "raw-site/qei.org.au/wp-content/uploads/2026/03/eBook-Mockup-1-400x289.png" [1]
2026-08-31 10:11:02 URL:https://qei.org.au/wp-content/uploads/2026/03/20240717_QEI-BrendanCronin_Reception-1_Web-1024x768.jpg [117808/117808] -> "raw-site/qei.org.au/wp-content/uploads/2026/03/20240717_QEI-BrendanCronin_Reception-1_Web-1024x768.jpg" [1]
2026-08-31 10:11:02 URL:https://qei.org.au/wp-content/uploads/2026/03/20240717_QEI-BrendanCronin_Reception-1_Web-300x225.jpg [15143/15143] -> "raw-site/qei.org.au/wp-content/uploads/2026/03/20240717_QEI-BrendanCronin_Reception-1_Web-300x225.jpg" [1]
2026-08-31 10:11:03 URL:https://qei.org.au/wp-content/uploads/2026/03/20240717_QEI-BrendanCronin_Reception-1_Web-768x576.jpg [71732/71732] -> "raw-site/qei.org.au/wp-content/uploads/2026/03/20240717_QEI-BrendanCronin_Reception-1_Web-768x576.jpg" [1]
2026-08-31 10:11:03 URL:https://qei.org.au/wp-content/uploads/2026/03/20240717_QEI-BrendanCronin_Reception-1_Web-1536x1152.jpg [237122/237122] -> "raw-site/qei.org.au/wp-content/uploads/2026/03/20240717_QEI-BrendanCronin_Reception-1_Web-1536x1152.jpg" [1]
2026-08-31 10:11:04 URL:https://qei.org.au/wp-content/uploads/2026/03/20240717_QEI-BrendanCronin_Reception-1_Web-2048x1536.jpg [387741/387741] -> "raw-site/qei.org.au/wp-content/uploads/2026/03/20240717_QEI-BrendanCronin_Reception-1_Web-2048x1536.jpg" [1]
2026-08-31 10:11:04 URL:https://qei.org.au/wp-content/uploads/2026/03/20240717_QEI-BrendanCronin_Reception-1_Web-1430x1073.jpg [211913/211913] -> "raw-site/qei.org.au/wp-content/uploads/2026/03/20240717_QEI-BrendanCronin_Reception-1_Web-1430x1073.jpg" [1]
2026-08-31 10:11:05 URL:https://qei.org.au/wp-content/uploads/2026/03/20240717_QEI-BrendanCronin_Reception-1_Web-800x600.jpg [76934/76934] -> "raw-site/qei.org.au/wp-content/uploads/2026/03/20240717_QEI-BrendanCronin_Reception-1_Web-800x600.jpg" [1]
2026-08-31 10:11:05 URL:https://qei.org.au/wp-content/uploads/2026/03/20240717_QEI-BrendanCronin_Reception-1_Web-400x300.jpg [23754/23754] -> "raw-site/qei.org.au/wp-content/uploads/2026/03/20240717_QEI-BrendanCronin_Reception-1_Web-400x300.jpg" [1]
https://qei.org.au/wp-content/themes/qei/css/owl.video.play.png:
2026-08-31 10:11:07 ERROR 404: Not Found.
https://qei.org.au/wp-content/themes/qei/fonts/slick.eot:
2026-08-31 10:11:08 ERROR 404: Not Found.
https://qei.org.au/wp-content/themes/qei/fonts/slick.eot?:
2026-08-31 10:11:09 ERROR 404: Not Found.
https://qei.org.au/wp-content/themes/qei/fonts/slick.woff:
2026-08-31 10:11:10 ERROR 404: Not Found.
https://qei.org.au/wp-content/themes/qei/fonts/slick.ttf:
2026-08-31 10:11:12 ERROR 404: Not Found.
https://qei.org.au/wp-content/themes/qei/fonts/slick.svg:
2026-08-31 10:11:13 ERROR 404: Not Found.
2026-08-31 10:11:14 URL:https://qei.org.au/news/new-qei-clinic-opens-in-clayfield/ [112566] -> "raw-site/qei.org.au/news/new-qei-clinic-opens-in-clayfield/index.html" [1]
2026-08-31 10:11:14 URL:https://qei.org.au/wp-content/themes/qei/css/custom-styles.css?ver=1788166314 [140055/140055] -> "raw-site/qei.org.au/wp-content/themes/qei/css/custom-styles.css@ver=1788166314.css" [1]
2026-08-31 10:11:15 URL:https://qei.org.au/wp-content/uploads/2019/04/Clayfield-675x450.jpg [51636/51636] -> "raw-site/qei.org.au/wp-content/uploads/2019/04/Clayfield-675x450.jpg" [1]
https://qei.org.au/wp-content/themes/qei/css/owl.video.play.png:
2026-08-31 10:11:16 ERROR 404: Not Found.
https://qei.org.au/wp-content/themes/qei/fonts/slick.eot:
2026-08-31 10:11:17 ERROR 404: Not Found.
https://qei.org.au/wp-content/themes/qei/fonts/slick.eot?:
2026-08-31 10:11:19 ERROR 404: Not Found.
https://qei.org.au/wp-content/themes/qei/fonts/slick.woff:
2026-08-31 10:11:20 ERROR 404: Not Found.
https://qei.org.au/wp-content/themes/qei/fonts/slick.ttf:
2026-08-31 10:11:21 ERROR 404: Not Found.
https://qei.org.au/wp-content/themes/qei/fonts/slick.svg:
2026-08-31 10:11:22 ERROR 404: Not Found.
2026-08-31 10:11:23 URL:https://qei.org.au/news/new-research-on-stem-cell-preservation-for-future-therapies/ [115432] -> "raw-site/qei.org.au/news/new-research-on-stem-cell-preservation-for-future-therapies/index.html" [1]
2026-08-31 10:11:23 URL:https://qei.org.au/wp-content/themes/qei/css/custom-styles.css?ver=1788134557 [140055/140055] -> "raw-site/qei.org.au/wp-content/themes/qei/css/custom-styles.css@ver=1788134557.css" [1]
2026-08-31 10:11:24 URL:https://qei.org.au/wp-content/uploads/2026/03/Adipse-tissue-derived-stem-cells.png [105633/105633] -> "raw-site/qei.org.au/wp-content/uploads/2026/03/Adipse-tissue-derived-stem-cells.png" [1]
2026-08-31 10:11:24 URL:https://qei.org.au/wp-content/uploads/2026/03/Biobanking.jpg [49565/49565] -> "raw-site/qei.org.au/wp-content/uploads/2026/03/Biobanking.jpg" [1]
2026-08-31 10:11:25 URL:https://qei.org.au/wp-content/uploads/2026/03/Biobanking-300x200.jpg [7048/7048] -> "raw-site/qei.org.au/wp-content/uploads/2026/03/Biobanking-300x200.jpg" [1]
2026-08-31 10:11:26 URL:https://qei.org.au/wp-content/uploads/2026/03/Biobanking-768x512.jpg [26785/26785] -> "raw-site/qei.org.au/wp-content/uploads/2026/03/Biobanking-768x512.jpg" [1]
2026-08-31 10:11:26 URL:https://qei.org.au/wp-content/uploads/2026/03/Biobanking-800x533.jpg [28861/28861] -> "raw-site/qei.org.au/wp-content/uploads/2026/03/Biobanking-800x533.jpg" [1]
2026-08-31 10:11:27 URL:https://qei.org.au/wp-content/uploads/2026/03/Biobanking-400x266.jpg [10462/10462] -> "raw-site/qei.org.au/wp-content/uploads/2026/03/Biobanking-400x266.jpg" [1]
https://qei.org.au/wp-content/themes/qei/css/owl.video.play.png:
2026-08-31 10:11:28 ERROR 404: Not Found.
https://qei.org.au/wp-content/themes/qei/fonts/slick.eot:
2026-08-31 10:11:29 ERROR 404: Not Found.
https://qei.org.au/wp-content/themes/qei/fonts/slick.eot?:
2026-08-31 10:11:30 ERROR 404: Not Found.
https://qei.org.au/wp-content/themes/qei/fonts/slick.woff:
2026-08-31 10:11:32 ERROR 404: Not Found.
https://qei.org.au/wp-content/themes/qei/fonts/slick.ttf:
2026-08-31 10:11:33 ERROR 404: Not Found.
https://qei.org.au/wp-content/themes/qei/fonts/slick.svg:
2026-08-31 10:11:34 ERROR 404: Not Found.
2026-08-31 10:11:35 URL:https://qei.org.au/news/new-technology-to-improve-cairs-treatment-for-keratoconus/ [117222] -> "raw-site/qei.org.au/news/new-technology-to-improve-cairs-treatment-for-keratoconus/index.html" [1]
2026-08-31 10:11:35 URL:https://qei.org.au/wp-content/themes/qei/css/custom-styles.css?ver=1788140997 [140055/140055] -> "raw-site/qei.org.au/wp-content/themes/qei/css/custom-styles.css@ver=1788140997.css" [1]
2026-08-31 10:11:36 URL:https://qei.org.au/wp-content/uploads/2026/03/20260317_QEI_FemtoZ8Cronin1-1430x1073.jpg [228178/228178] -> "raw-site/qei.org.au/wp-content/uploads/2026/03/20260317_QEI_FemtoZ8Cronin1-1430x1073.jpg" [1]
2026-08-31 10:11:36 URL:https://qei.org.au/wp-content/uploads/2026/03/20260317_QEI_FemtoZ8Cronin1-1024x768.jpg [134946/134946] -> "raw-site/qei.org.au/wp-content/uploads/2026/03/20260317_QEI_FemtoZ8Cronin1-1024x768.jpg" [1]
2026-08-31 10:11:37 URL:https://qei.org.au/wp-content/uploads/2026/03/20260317_QEI_FemtoZ8Cronin1-300x225.jpg [17589/17589] -> "raw-site/qei.org.au/wp-content/uploads/2026/03/20260317_QEI_FemtoZ8Cronin1-300x225.jpg" [1]
2026-08-31 10:11:37 URL:https://qei.org.au/wp-content/uploads/2026/03/20260317_QEI_FemtoZ8Cronin1-768x576.jpg [80195/80195] -> "raw-site/qei.org.au/wp-content/uploads/2026/03/20260317_QEI_FemtoZ8Cronin1-768x576.jpg" [1]
2026-08-31 10:11:38 URL:https://qei.org.au/wp-content/uploads/2026/03/20260317_QEI_FemtoZ8Cronin1-1536x1152.jpg [259572/259572] -> "raw-site/qei.org.au/wp-content/uploads/2026/03/20260317_QEI_FemtoZ8Cronin1-1536x1152.jpg" [1]
2026-08-31 10:11:38 URL:https://qei.org.au/wp-content/uploads/2026/03/20260317_QEI_FemtoZ8Cronin1-800x600.jpg [85784/85784] -> "raw-site/qei.org.au/wp-content/uploads/2026/03/20260317_QEI_FemtoZ8Cronin1-800x600.jpg" [1]
2026-08-31 10:11:39 URL:https://qei.org.au/wp-content/uploads/2026/03/20260317_QEI_FemtoZ8Cronin1-400x300.jpg [27594/27594] -> "raw-site/qei.org.au/wp-content/uploads/2026/03/20260317_QEI_FemtoZ8Cronin1-400x300.jpg" [1]
2026-08-31 10:11:39 URL:https://qei.org.au/wp-content/uploads/2026/03/20260317_QEI_FemtoZ8Cronin1.jpg [1279781/1279781] -> "raw-site/qei.org.au/wp-content/uploads/2026/03/20260317_QEI_FemtoZ8Cronin1.jpg" [1]
https://qei.org.au/wp-content/themes/qei/css/owl.video.play.png:
2026-08-31 10:11:41 ERROR 404: Not Found.
https://qei.org.au/wp-content/themes/qei/fonts/slick.eot:
2026-08-31 10:11:42 ERROR 404: Not Found.
https://qei.org.au/wp-content/themes/qei/fonts/slick.eot?:
2026-08-31 10:11:43 ERROR 404: Not Found.
https://qei.org.au/wp-content/themes/qei/fonts/slick.woff:
2026-08-31 10:11:45 ERROR 404: Not Found.
https://qei.org.au/wp-content/themes/qei/fonts/slick.ttf:
2026-08-31 10:11:46 ERROR 404: Not Found.
https://qei.org.au/wp-content/themes/qei/fonts/slick.svg:
2026-08-31 10:11:47 ERROR 404: Not Found.
2026-08-31 10:11:48 URL:https://qei.org.au/news/noels-legacy/ [116601] -> "raw-site/qei.org.au/news/noels-legacy/index.html" [1]
2026-08-31 10:11:48 URL:https://qei.org.au/wp-content/themes/qei/css/custom-styles.css?ver=1788163214 [140055/140055] -> "raw-site/qei.org.au/wp-content/themes/qei/css/custom-styles.css@ver=1788163214.css" [1]
2026-08-31 10:11:49 URL:https://qei.org.au/wp-content/uploads/2018/03/Pam-Noel-cells--600x450.jpg [72912/72912] -> "raw-site/qei.org.au/wp-content/uploads/2018/03/Pam-Noel-cells--600x450.jpg" [1]
https://qei.org.au/wp-content/themes/qei/css/owl.video.play.png:
2026-08-31 10:11:50 ERROR 404: Not Found.
https://qei.org.au/wp-content/themes/qei/fonts/slick.eot:
2026-08-31 10:11:51 ERROR 404: Not Found.
https://qei.org.au/wp-content/themes/qei/fonts/slick.eot?:
2026-08-31 10:11:53 ERROR 404: Not Found.
https://qei.org.au/wp-content/themes/qei/fonts/slick.woff:
2026-08-31 10:11:54 ERROR 404: Not Found.
https://qei.org.au/wp-content/themes/qei/fonts/slick.ttf:
2026-08-31 10:11:55 ERROR 404: Not Found.
https://qei.org.au/wp-content/themes/qei/fonts/slick.svg:
2026-08-31 10:11:56 ERROR 404: Not Found.
2026-08-31 10:11:57 URL:https://qei.org.au/news/not-just-a-queensland-institute-a-queensland-institution/ [116513] -> "raw-site/qei.org.au/news/not-just-a-queensland-institute-a-queensland-institution/index.html" [1]
2026-08-31 10:11:57 URL:https://qei.org.au/wp-content/themes/qei/css/custom-styles.css?ver=1788169911 [140055/140055] -> "raw-site/qei.org.au/wp-content/themes/qei/css/custom-styles.css@ver=1788169911.css" [1]
2026-08-31 10:11:58 URL:https://qei.org.au/wp-content/uploads/2015/02/Prof-Traian-Chirila-677x450.jpg [46383/46383] -> "raw-site/qei.org.au/wp-content/uploads/2015/02/Prof-Traian-Chirila-677x450.jpg" [1]
https://qei.org.au/wp-content/themes/qei/css/owl.video.play.png:
2026-08-31 10:11:59 ERROR 404: Not Found.
https://qei.org.au/wp-content/themes/qei/fonts/slick.eot:
2026-08-31 10:12:01 ERROR 404: Not Found.
https://qei.org.au/wp-content/themes/qei/fonts/slick.eot?:
2026-08-31 10:12:02 ERROR 404: Not Found.
https://qei.org.au/wp-content/themes/qei/fonts/slick.woff:
2026-08-31 10:12:03 ERROR 404: Not Found.
https://qei.org.au/wp-content/themes/qei/fonts/slick.ttf:
2026-08-31 10:12:05 ERROR 404: Not Found.
https://qei.org.au/wp-content/themes/qei/fonts/slick.svg:
2026-08-31 10:12:06 ERROR 404: Not Found.
2026-08-31 10:12:07 URL:https://qei.org.au/news/official-opening-marks-the-next-chapter-in-queensland-eye-institutes-history/ [144260] -> "raw-site/qei.org.au/news/official-opening-marks-the-next-chapter-in-queensland-eye-institutes-history/index.html" [1]
2026-08-31 10:12:07 URL:https://qei.org.au/wp-content/themes/qei/css/custom-styles.css?ver=1788134272 [140055/140055] -> "raw-site/qei.org.au/wp-content/themes/qei/css/custom-styles.css@ver=1788134272.css" [1]
2026-08-31 10:12:08 URL:https://qei.org.au/wp-content/uploads/2024/08/20240820OfficialOpeningQEI15-1430x953.jpg [204397/204397] -> "raw-site/qei.org.au/wp-content/uploads/2024/08/20240820OfficialOpeningQEI15-1430x953.jpg" [1]
2026-08-31 10:12:08 URL:https://qei.org.au/wp-content/uploads/2024/08/20240820OfficialOpeningQEI_30.jpg [885967/885967] -> "raw-site/qei.org.au/wp-content/uploads/2024/08/20240820OfficialOpeningQEI_30.jpg" [1]
2026-08-31 10:12:09 URL:https://qei.org.au/wp-content/uploads/2024/08/20240820OfficialOpeningQEI_30-300x225.jpg [19545/19545] -> "raw-site/qei.org.au/wp-content/uploads/2024/08/20240820OfficialOpeningQEI_30-300x225.jpg" [1]
2026-08-31 10:12:09 URL:https://qei.org.au/wp-content/uploads/2024/08/20240820OfficialOpeningQEI_30-1024x768.jpg [152039/152039] -> "raw-site/qei.org.au/wp-content/uploads/2024/08/20240820OfficialOpeningQEI_30-1024x768.jpg" [1]
2026-08-31 10:12:10 URL:https://qei.org.au/wp-content/uploads/2024/08/20240820OfficialOpeningQEI_30-768x576.jpg [93318/93318] -> "raw-site/qei.org.au/wp-content/uploads/2024/08/20240820OfficialOpeningQEI_30-768x576.jpg" [1]
2026-08-31 10:12:10 URL:https://qei.org.au/wp-content/uploads/2024/08/20240820OfficialOpeningQEI_30-1536x1152.jpg [298535/298535] -> "raw-site/qei.org.au/wp-content/uploads/2024/08/20240820OfficialOpeningQEI_30-1536x1152.jpg" [1]
2026-08-31 10:12:11 URL:https://qei.org.au/wp-content/uploads/2024/08/20240820OfficialOpeningQEI_30-1430x1073.jpg [267142/267142] -> "raw-site/qei.org.au/wp-content/uploads/2024/08/20240820OfficialOpeningQEI_30-1430x1073.jpg" [1]
2026-08-31 10:12:11 URL:https://qei.org.au/wp-content/uploads/2024/08/20240820OfficialOpeningQEI_30-800x600.jpg [101067/101067] -> "raw-site/qei.org.au/wp-content/uploads/2024/08/20240820OfficialOpeningQEI_30-800x600.jpg" [1]
2026-08-31 10:12:12 URL:https://qei.org.au/wp-content/uploads/2024/08/20240820OfficialOpeningQEI_30-400x300.jpg [31559/31559] -> "raw-site/qei.org.au/wp-content/uploads/2024/08/20240820OfficialOpeningQEI_30-400x300.jpg" [1]
2026-08-31 10:12:12 URL:https://qei.org.au/wp-content/uploads/2024/08/20240820OfficialOpeningQEI15.jpg [748727/748727] -> "raw-site/qei.org.au/wp-content/uploads/2024/08/20240820OfficialOpeningQEI15.jpg" [1]
2026-08-31 10:12:13 URL:https://qei.org.au/wp-content/uploads/2024/08/20240820OfficialOpeningQEI15-300x200.jpg [16808/16808] -> "raw-site/qei.org.au/wp-content/uploads/2024/08/20240820OfficialOpeningQEI15-300x200.jpg" [1]
2026-08-31 10:12:13 URL:https://qei.org.au/wp-content/uploads/2024/08/20240820OfficialOpeningQEI15-1024x682.jpg [120055/120055] -> "raw-site/qei.org.au/wp-content/uploads/2024/08/20240820OfficialOpeningQEI15-1024x682.jpg" [1]
2026-08-31 10:12:14 URL:https://qei.org.au/wp-content/uploads/2024/08/20240820OfficialOpeningQEI15-768x512.jpg [75303/75303] -> "raw-site/qei.org.au/wp-content/uploads/2024/08/20240820OfficialOpeningQEI15-768x512.jpg" [1]
2026-08-31 10:12:14 URL:https://qei.org.au/wp-content/uploads/2024/08/20240820OfficialOpeningQEI15-1536x1024.jpg [227949/227949] -> "raw-site/qei.org.au/wp-content/uploads/2024/08/20240820OfficialOpeningQEI15-1536x1024.jpg" [1]
2026-08-31 10:12:15 URL:https://qei.org.au/wp-content/uploads/2024/08/20240820OfficialOpeningQEI15-800x533.jpg [81082/81082] -> "raw-site/qei.org.au/wp-content/uploads/2024/08/20240820OfficialOpeningQEI15-800x533.jpg" [1]
2026-08-31 10:12:15 URL:https://qei.org.au/wp-content/uploads/2024/08/20240820OfficialOpeningQEI15-400x267.jpg [26690/26690] -> "raw-site/qei.org.au/wp-content/uploads/2024/08/20240820OfficialOpeningQEI15-400x267.jpg" [1]
2026-08-31 10:12:16 URL:https://qei.org.au/wp-content/uploads/2024/08/20240820OfficialOpeningQEI25.jpg [739223/739223] -> "raw-site/qei.org.au/wp-content/uploads/2024/08/20240820OfficialOpeningQEI25.jpg" [1]
2026-08-31 10:12:16 URL:https://qei.org.au/wp-content/uploads/2024/08/20240820OfficialOpeningQEI25-300x169.jpg [12479/12479] -> "raw-site/qei.org.au/wp-content/uploads/2024/08/20240820OfficialOpeningQEI25-300x169.jpg" [1]
2026-08-31 10:12:17 URL:https://qei.org.au/wp-content/uploads/2024/08/20240820OfficialOpeningQEI25-1024x576.jpg [92960/92960] -> "raw-site/qei.org.au/wp-content/uploads/2024/08/20240820OfficialOpeningQEI25-1024x576.jpg" [1]
2026-08-31 10:12:17 URL:https://qei.org.au/wp-content/uploads/2024/08/20240820OfficialOpeningQEI25-768x432.jpg [57669/57669] -> "raw-site/qei.org.au/wp-content/uploads/2024/08/20240820OfficialOpeningQEI25-768x432.jpg" [1]
2026-08-31 10:12:18 URL:https://qei.org.au/wp-content/uploads/2024/08/20240820OfficialOpeningQEI25-1536x864.jpg [180464/180464] -> "raw-site/qei.org.au/wp-content/uploads/2024/08/20240820OfficialOpeningQEI25-1536x864.jpg" [1]
2026-08-31 10:12:18 URL:https://qei.org.au/wp-content/uploads/2024/08/20240820OfficialOpeningQEI25-1430x804.jpg [161280/161280] -> "raw-site/qei.org.au/wp-content/uploads/2024/08/20240820OfficialOpeningQEI25-1430x804.jpg" [1]
2026-08-31 10:12:19 URL:https://qei.org.au/wp-content/uploads/2024/08/20240820OfficialOpeningQEI25-800x450.jpg [63031/63031] -> "raw-site/qei.org.au/wp-content/uploads/2024/08/20240820OfficialOpeningQEI25-800x450.jpg" [1]
2026-08-31 10:12:19 URL:https://qei.org.au/wp-content/uploads/2024/08/20240820OfficialOpeningQEI25-400x225.jpg [19846/19846] -> "raw-site/qei.org.au/wp-content/uploads/2024/08/20240820OfficialOpeningQEI25-400x225.jpg" [1]
2026-08-31 10:12:20 URL:https://qei.org.au/wp-content/uploads/2024/08/Original-Directors-Foundation-for-the-Prevention-of-Blindness.jpg [749170/749170] -> "raw-site/qei.org.au/wp-content/uploads/2024/08/Original-Directors-Foundation-for-the-Prevention-of-Blindness.jpg" [1]
2026-08-31 10:12:20 URL:https://qei.org.au/wp-content/uploads/2024/08/Original-Directors-Foundation-for-the-Prevention-of-Blindness-300x200.jpg [14565/14565] -> "raw-site/qei.org.au/wp-content/uploads/2024/08/Original-Directors-Foundation-for-the-Prevention-of-Blindness-300x200.jpg" [1]
2026-08-31 10:12:21 URL:https://qei.org.au/wp-content/uploads/2024/08/Original-Directors-Foundation-for-the-Prevention-of-Blindness-1024x683.jpg [117374/117374] -> "raw-site/qei.org.au/wp-content/uploads/2024/08/Original-Directors-Foundation-for-the-Prevention-of-Blindness-1024x683.jpg" [1]
2026-08-31 10:12:21 URL:https://qei.org.au/wp-content/uploads/2024/08/Original-Directors-Foundation-for-the-Prevention-of-Blindness-768x512.jpg [69667/69667] -> "raw-site/qei.org.au/wp-content/uploads/2024/08/Original-Directors-Foundation-for-the-Prevention-of-Blindness-768x512.jpg" [1]
2026-08-31 10:12:22 URL:https://qei.org.au/wp-content/uploads/2024/08/Original-Directors-Foundation-for-the-Prevention-of-Blindness-1536x1024.jpg [241448/241448] -> "raw-site/qei.org.au/wp-content/uploads/2024/08/Original-Directors-Foundation-for-the-Prevention-of-Blindness-1536x1024.jpg" [1]
2026-08-31 10:12:23 URL:https://qei.org.au/wp-content/uploads/2024/08/Original-Directors-Foundation-for-the-Prevention-of-Blindness-1430x953.jpg [213616/213616] -> "raw-site/qei.org.au/wp-content/uploads/2024/08/Original-Directors-Foundation-for-the-Prevention-of-Blindness-1430x953.jpg" [1]
2026-08-31 10:12:23 URL:https://qei.org.au/wp-content/uploads/2024/08/Original-Directors-Foundation-for-the-Prevention-of-Blindness-800x533.jpg [75264/75264] -> "raw-site/qei.org.au/wp-content/uploads/2024/08/Original-Directors-Foundation-for-the-Prevention-of-Blindness-800x533.jpg" [1]
2026-08-31 10:12:24 URL:https://qei.org.au/wp-content/uploads/2024/08/Original-Directors-Foundation-for-the-Prevention-of-Blindness-400x267.jpg [23010/23010] -> "raw-site/qei.org.au/wp-content/uploads/2024/08/Original-Directors-Foundation-for-the-Prevention-of-Blindness-400x267.jpg" [1]
2026-08-31 10:12:24 URL:https://qei.org.au/wp-content/uploads/2024/08/Fundraising-stall.jpg [2041313/2041313] -> "raw-site/qei.org.au/wp-content/uploads/2024/08/Fundraising-stall.jpg" [1]
2026-08-31 10:12:25 URL:https://qei.org.au/wp-content/uploads/2024/08/Fundraising-stall-300x200.jpg [20983/20983] -> "raw-site/qei.org.au/wp-content/uploads/2024/08/Fundraising-stall-300x200.jpg" [1]
2026-08-31 10:12:25 URL:https://qei.org.au/wp-content/uploads/2024/08/Fundraising-stall-1024x682.jpg [168277/168277] -> "raw-site/qei.org.au/wp-content/uploads/2024/08/Fundraising-stall-1024x682.jpg" [1]
2026-08-31 10:12:26 URL:https://qei.org.au/wp-content/uploads/2024/08/Fundraising-stall-768x512.jpg [103715/103715] -> "raw-site/qei.org.au/wp-content/uploads/2024/08/Fundraising-stall-768x512.jpg" [1]
2026-08-31 10:12:26 URL:https://qei.org.au/wp-content/uploads/2024/08/Fundraising-stall-1536x1024.jpg [319227/319227] -> "raw-site/qei.org.au/wp-content/uploads/2024/08/Fundraising-stall-1536x1024.jpg" [1]
2026-08-31 10:12:27 URL:https://qei.org.au/wp-content/uploads/2024/08/Fundraising-stall-1430x953.jpg [287258/287258] -> "raw-site/qei.org.au/wp-content/uploads/2024/08/Fundraising-stall-1430x953.jpg" [1]
2026-08-31 10:12:27 URL:https://qei.org.au/wp-content/uploads/2024/08/Fundraising-stall-800x533.jpg [112379/112379] -> "raw-site/qei.org.au/wp-content/uploads/2024/08/Fundraising-stall-800x533.jpg" [1]
2026-08-31 10:12:28 URL:https://qei.org.au/wp-content/uploads/2024/08/Fundraising-stall-400x267.jpg [34720/34720] -> "raw-site/qei.org.au/wp-content/uploads/2024/08/Fundraising-stall-400x267.jpg" [1]
2026-08-31 10:12:28 URL:https://qei.org.au/wp-content/uploads/2024/08/Charles-Viertel-and-Lawrie-Hirst.jpg [2007964/2007964] -> "raw-site/qei.org.au/wp-content/uploads/2024/08/Charles-Viertel-and-Lawrie-Hirst.jpg" [1]
2026-08-31 10:12:29 URL:https://qei.org.au/wp-content/uploads/2024/08/Charles-Viertel-and-Lawrie-Hirst-300x200.jpg [12760/12760] -> "raw-site/qei.org.au/wp-content/uploads/2024/08/Charles-Viertel-and-Lawrie-Hirst-300x200.jpg" [1]
2026-08-31 10:12:29 URL:https://qei.org.au/wp-content/uploads/2024/08/Charles-Viertel-and-Lawrie-Hirst-1024x682.jpg [93318/93318] -> "raw-site/qei.org.au/wp-content/uploads/2024/08/Charles-Viertel-and-Lawrie-Hirst-1024x682.jpg" [1]
2026-08-31 10:12:30 URL:https://qei.org.au/wp-content/uploads/2024/08/Charles-Viertel-and-Lawrie-Hirst-768x512.jpg [56679/56679] -> "raw-site/qei.org.au/wp-content/uploads/2024/08/Charles-Viertel-and-Lawrie-Hirst-768x512.jpg" [1]
2026-08-31 10:12:30 URL:https://qei.org.au/wp-content/uploads/2024/08/Charles-Viertel-and-Lawrie-Hirst-1536x1023.jpg [187532/187532] -> "raw-site/qei.org.au/wp-content/uploads/2024/08/Charles-Viertel-and-Lawrie-Hirst-1536x1023.jpg" [1]
2026-08-31 10:12:31 URL:https://qei.org.au/wp-content/uploads/2024/08/Charles-Viertel-and-Lawrie-Hirst-1430x953.jpg [166814/166814] -> "raw-site/qei.org.au/wp-content/uploads/2024/08/Charles-Viertel-and-Lawrie-Hirst-1430x953.jpg" [1]
2026-08-31 10:12:31 URL:https://qei.org.au/wp-content/uploads/2024/08/Charles-Viertel-and-Lawrie-Hirst-800x533.jpg [61105/61105] -> "raw-site/qei.org.au/wp-content/uploads/2024/08/Charles-Viertel-and-Lawrie-Hirst-800x533.jpg" [1]
2026-08-31 10:12:32 URL:https://qei.org.au/wp-content/uploads/2024/08/Charles-Viertel-and-Lawrie-Hirst-400x267.jpg [20088/20088] -> "raw-site/qei.org.au/wp-content/uploads/2024/08/Charles-Viertel-and-Lawrie-Hirst-400x267.jpg" [1]
2026-08-31 10:12:32 URL:https://qei.org.au/wp-content/uploads/2024/08/Mater-Hospital-first-QEI-premises.jpg [292804/292804] -> "raw-site/qei.org.au/wp-content/uploads/2024/08/Mater-Hospital-first-QEI-premises.jpg" [1]
2026-08-31 10:12:33 URL:https://qei.org.au/wp-content/uploads/2024/08/Mater-Hospital-first-QEI-premises-300x196.jpg [15577/15577] -> "raw-site/qei.org.au/wp-content/uploads/2024/08/Mater-Hospital-first-QEI-premises-300x196.jpg" [1]
2026-08-31 10:12:33 URL:https://qei.org.au/wp-content/uploads/2024/08/Mater-Hospital-first-QEI-premises-1024x671.jpg [117047/117047] -> "raw-site/qei.org.au/wp-content/uploads/2024/08/Mater-Hospital-first-QEI-premises-1024x671.jpg" [1]
2026-08-31 10:12:34 URL:https://qei.org.au/wp-content/uploads/2024/08/Mater-Hospital-first-QEI-premises-768x503.jpg [72370/72370] -> "raw-site/qei.org.au/wp-content/uploads/2024/08/Mater-Hospital-first-QEI-premises-768x503.jpg" [1]
2026-08-31 10:12:34 URL:https://qei.org.au/wp-content/uploads/2024/08/Mater-Hospital-first-QEI-premises-800x524.jpg [77762/77762] -> "raw-site/qei.org.au/wp-content/uploads/2024/08/Mater-Hospital-first-QEI-premises-800x524.jpg" [1]
2026-08-31 10:12:35 URL:https://qei.org.au/wp-content/uploads/2024/08/Mater-Hospital-first-QEI-premises-400x262.jpg [24702/24702] -> "raw-site/qei.org.au/wp-content/uploads/2024/08/Mater-Hospital-first-QEI-premises-400x262.jpg" [1]
2026-08-31 10:12:35 URL:https://qei.org.au/wp-content/uploads/2024/08/Official-opening-QEI_Kelly-Langdon.jpg [1810751/1810751] -> "raw-site/qei.org.au/wp-content/uploads/2024/08/Official-opening-QEI_Kelly-Langdon.jpg" [1]
2026-08-31 10:12:36 URL:https://qei.org.au/wp-content/uploads/2024/08/Official-opening-QEI_Kelly-Langdon-300x189.jpg [16174/16174] -> "raw-site/qei.org.au/wp-content/uploads/2024/08/Official-opening-QEI_Kelly-Langdon-300x189.jpg" [1]
2026-08-31 10:12:37 URL:https://qei.org.au/wp-content/uploads/2024/08/Official-opening-QEI_Kelly-Langdon-1024x644.jpg [116013/116013] -> "raw-site/qei.org.au/wp-content/uploads/2024/08/Official-opening-QEI_Kelly-Langdon-1024x644.jpg" [1]
2026-08-31 10:12:37 URL:https://qei.org.au/wp-content/uploads/2024/08/Official-opening-QEI_Kelly-Langdon-768x483.jpg [71686/71686] -> "raw-site/qei.org.au/wp-content/uploads/2024/08/Official-opening-QEI_Kelly-Langdon-768x483.jpg" [1]
2026-08-31 10:12:38 URL:https://qei.org.au/wp-content/uploads/2024/08/Official-opening-QEI_Kelly-Langdon-1536x966.jpg [233333/233333] -> "raw-site/qei.org.au/wp-content/uploads/2024/08/Official-opening-QEI_Kelly-Langdon-1536x966.jpg" [1]
2026-08-31 10:12:38 URL:https://qei.org.au/wp-content/uploads/2024/08/Official-opening-QEI_Kelly-Langdon-1430x899.jpg [207254/207254] -> "raw-site/qei.org.au/wp-content/uploads/2024/08/Official-opening-QEI_Kelly-Langdon-1430x899.jpg" [1]
2026-08-31 10:12:39 URL:https://qei.org.au/wp-content/uploads/2024/08/Official-opening-QEI_Kelly-Langdon-800x503.jpg [76604/76604] -> "raw-site/qei.org.au/wp-content/uploads/2024/08/Official-opening-QEI_Kelly-Langdon-800x503.jpg" [1]
2026-08-31 10:12:39 URL:https://qei.org.au/wp-content/uploads/2024/08/Official-opening-QEI_Kelly-Langdon-400x252.jpg [25348/25348] -> "raw-site/qei.org.au/wp-content/uploads/2024/08/Official-opening-QEI_Kelly-Langdon-400x252.jpg" [1]
2026-08-31 10:12:40 URL:https://qei.org.au/wp-content/uploads/2024/08/Anthony-Kwan-2008.jpg [540931/540931] -> "raw-site/qei.org.au/wp-content/uploads/2024/08/Anthony-Kwan-2008.jpg" [1]
2026-08-31 10:12:40 URL:https://qei.org.au/wp-content/uploads/2024/08/Anthony-Kwan-2008-300x200.jpg [11389/11389] -> "raw-site/qei.org.au/wp-content/uploads/2024/08/Anthony-Kwan-2008-300x200.jpg" [1]
2026-08-31 10:12:41 URL:https://qei.org.au/wp-content/uploads/2024/08/Anthony-Kwan-2008-1024x683.jpg [80635/80635] -> "raw-site/qei.org.au/wp-content/uploads/2024/08/Anthony-Kwan-2008-1024x683.jpg" [1]
2026-08-31 10:12:41 URL:https://qei.org.au/wp-content/uploads/2024/08/Anthony-Kwan-2008-768x512.jpg [49631/49631] -> "raw-site/qei.org.au/wp-content/uploads/2024/08/Anthony-Kwan-2008-768x512.jpg" [1]
2026-08-31 10:12:42 URL:https://qei.org.au/wp-content/uploads/2024/08/Anthony-Kwan-2008-800x533.jpg [53385/53385] -> "raw-site/qei.org.au/wp-content/uploads/2024/08/Anthony-Kwan-2008-800x533.jpg" [1]
2026-08-31 10:12:42 URL:https://qei.org.au/wp-content/uploads/2024/08/Anthony-Kwan-2008-400x267.jpg [17529/17529] -> "raw-site/qei.org.au/wp-content/uploads/2024/08/Anthony-Kwan-2008-400x267.jpg" [1]
2026-08-31 10:12:43 URL:https://qei.org.au/wp-content/uploads/2024/08/Medical-students.jpg [1618343/1618343] -> "raw-site/qei.org.au/wp-content/uploads/2024/08/Medical-students.jpg" [1]
2026-08-31 10:12:43 URL:https://qei.org.au/wp-content/uploads/2024/08/Medical-students-300x200.jpg [15339/15339] -> "raw-site/qei.org.au/wp-content/uploads/2024/08/Medical-students-300x200.jpg" [1]
2026-08-31 10:12:44 URL:https://qei.org.au/wp-content/uploads/2024/08/Medical-students-1024x682.jpg [113032/113032] -> "raw-site/qei.org.au/wp-content/uploads/2024/08/Medical-students-1024x682.jpg" [1]
2026-08-31 10:12:44 URL:https://qei.org.au/wp-content/uploads/2024/08/Medical-students-768x512.jpg [69968/69968] -> "raw-site/qei.org.au/wp-content/uploads/2024/08/Medical-students-768x512.jpg" [1]
2026-08-31 10:12:45 URL:https://qei.org.au/wp-content/uploads/2024/08/Medical-students-1536x1024.jpg [223289/223289] -> "raw-site/qei.org.au/wp-content/uploads/2024/08/Medical-students-1536x1024.jpg" [1]
2026-08-31 10:12:45 URL:https://qei.org.au/wp-content/uploads/2024/08/Medical-students-1430x953.jpg [198591/198591] -> "raw-site/qei.org.au/wp-content/uploads/2024/08/Medical-students-1430x953.jpg" [1]
2026-08-31 10:12:46 URL:https://qei.org.au/wp-content/uploads/2024/08/Medical-students-800x533.jpg [74890/74890] -> "raw-site/qei.org.au/wp-content/uploads/2024/08/Medical-students-800x533.jpg" [1]
2026-08-31 10:12:46 URL:https://qei.org.au/wp-content/uploads/2024/08/Medical-students-400x267.jpg [24318/24318] -> "raw-site/qei.org.au/wp-content/uploads/2024/08/Medical-students-400x267.jpg" [1]
2026-08-31 10:12:47 URL:https://qei.org.au/wp-content/uploads/2024/08/QEI_opening_140MelbourneStSouthBrisbane.jpg [1735502/1735502] -> "raw-site/qei.org.au/wp-content/uploads/2024/08/QEI_opening_140MelbourneStSouthBrisbane.jpg" [1]
2026-08-31 10:12:47 URL:https://qei.org.au/wp-content/uploads/2024/08/QEI_opening_140MelbourneStSouthBrisbane-300x200.jpg [13591/13591] -> "raw-site/qei.org.au/wp-content/uploads/2024/08/QEI_opening_140MelbourneStSouthBrisbane-300x200.jpg" [1]
2026-08-31 10:12:48 URL:https://qei.org.au/wp-content/uploads/2024/08/QEI_opening_140MelbourneStSouthBrisbane-1024x682.jpg [89104/89104] -> "raw-site/qei.org.au/wp-content/uploads/2024/08/QEI_opening_140MelbourneStSouthBrisbane-1024x682.jpg" [1]
2026-08-31 10:12:48 URL:https://qei.org.au/wp-content/uploads/2024/08/QEI_opening_140MelbourneStSouthBrisbane-768x511.jpg [55048/55048] -> "raw-site/qei.org.au/wp-content/uploads/2024/08/QEI_opening_140MelbourneStSouthBrisbane-768x511.jpg" [1]
2026-08-31 10:12:49 URL:https://qei.org.au/wp-content/uploads/2024/08/QEI_opening_140MelbourneStSouthBrisbane-1536x1023.jpg [183374/183374] -> "raw-site/qei.org.au/wp-content/uploads/2024/08/QEI_opening_140MelbourneStSouthBrisbane-1536x1023.jpg" [1]
2026-08-31 10:12:49 URL:https://qei.org.au/wp-content/uploads/2024/08/QEI_opening_140MelbourneStSouthBrisbane-1430x952.jpg [160811/160811] -> "raw-site/qei.org.au/wp-content/uploads/2024/08/QEI_opening_140MelbourneStSouthBrisbane-1430x952.jpg" [1]
2026-08-31 10:12:50 URL:https://qei.org.au/wp-content/uploads/2024/08/QEI_opening_140MelbourneStSouthBrisbane-800x533.jpg [59201/59201] -> "raw-site/qei.org.au/wp-content/uploads/2024/08/QEI_opening_140MelbourneStSouthBrisbane-800x533.jpg" [1]
2026-08-31 10:12:50 URL:https://qei.org.au/wp-content/uploads/2024/08/QEI_opening_140MelbourneStSouthBrisbane-400x266.jpg [20476/20476] -> "raw-site/qei.org.au/wp-content/uploads/2024/08/QEI_opening_140MelbourneStSouthBrisbane-400x266.jpg" [1]
2026-08-31 10:12:51 URL:https://qei.org.au/wp-content/uploads/2024/08/QEI_opening_140MelbourneStSouthBrisbane-1.jpg [1659521/1659521] -> "raw-site/qei.org.au/wp-content/uploads/2024/08/QEI_opening_140MelbourneStSouthBrisbane-1.jpg" [1]
2026-08-31 10:12:51 URL:https://qei.org.au/wp-content/uploads/2024/08/QEI_opening_140MelbourneStSouthBrisbane-1-300x200.jpg [14652/14652] -> "raw-site/qei.org.au/wp-content/uploads/2024/08/QEI_opening_140MelbourneStSouthBrisbane-1-300x200.jpg" [1]
2026-08-31 10:12:52 URL:https://qei.org.au/wp-content/uploads/2024/08/QEI_opening_140MelbourneStSouthBrisbane-1-1024x682.jpg [97159/97159] -> "raw-site/qei.org.au/wp-content/uploads/2024/08/QEI_opening_140MelbourneStSouthBrisbane-1-1024x682.jpg" [1]
2026-08-31 10:12:53 URL:https://qei.org.au/wp-content/uploads/2024/08/QEI_opening_140MelbourneStSouthBrisbane-1-768x512.jpg [61478/61478] -> "raw-site/qei.org.au/wp-content/uploads/2024/08/QEI_opening_140MelbourneStSouthBrisbane-1-768x512.jpg" [1]
2026-08-31 10:12:53 URL:https://qei.org.au/wp-content/uploads/2024/08/QEI_opening_140MelbourneStSouthBrisbane-1-1536x1024.jpg [185605/185605] -> "raw-site/qei.org.au/wp-content/uploads/2024/08/QEI_opening_140MelbourneStSouthBrisbane-1-1536x1024.jpg" [1]
2026-08-31 10:12:54 URL:https://qei.org.au/wp-content/uploads/2024/08/QEI_opening_140MelbourneStSouthBrisbane-1-1430x953.jpg [166308/166308] -> "raw-site/qei.org.au/wp-content/uploads/2024/08/QEI_opening_140MelbourneStSouthBrisbane-1-1430x953.jpg" [1]
2026-08-31 10:12:54 URL:https://qei.org.au/wp-content/uploads/2024/08/QEI_opening_140MelbourneStSouthBrisbane-1-800x533.jpg [65732/65732] -> "raw-site/qei.org.au/wp-content/uploads/2024/08/QEI_opening_140MelbourneStSouthBrisbane-1-800x533.jpg" [1]
2026-08-31 10:12:55 URL:https://qei.org.au/wp-content/uploads/2024/08/QEI_opening_140MelbourneStSouthBrisbane-1-400x267.jpg [22673/22673] -> "raw-site/qei.org.au/wp-content/uploads/2024/08/QEI_opening_140MelbourneStSouthBrisbane-1-400x267.jpg" [1]
2026-08-31 10:12:55 URL:https://qei.org.au/wp-content/uploads/2024/08/QEI-scientists.jpg [1375306/1375306] -> "raw-site/qei.org.au/wp-content/uploads/2024/08/QEI-scientists.jpg" [1]
2026-08-31 10:12:56 URL:https://qei.org.au/wp-content/uploads/2024/08/QEI-scientists-300x200.jpg [15956/15956] -> "raw-site/qei.org.au/wp-content/uploads/2024/08/QEI-scientists-300x200.jpg" [1]
2026-08-31 10:12:56 URL:https://qei.org.au/wp-content/uploads/2024/08/QEI-scientists-1024x682.jpg [102404/102404] -> "raw-site/qei.org.au/wp-content/uploads/2024/08/QEI-scientists-1024x682.jpg" [1]
2026-08-31 10:12:57 URL:https://qei.org.au/wp-content/uploads/2024/08/QEI-scientists-768x512.jpg [66542/66542] -> "raw-site/qei.org.au/wp-content/uploads/2024/08/QEI-scientists-768x512.jpg" [1]
2026-08-31 10:12:57 URL:https://qei.org.au/wp-content/uploads/2024/08/QEI-scientists-1536x1024.jpg [185549/185549] -> "raw-site/qei.org.au/wp-content/uploads/2024/08/QEI-scientists-1536x1024.jpg" [1]
2026-08-31 10:12:58 URL:https://qei.org.au/wp-content/uploads/2024/08/QEI-scientists-1430x953.jpg [168239/168239] -> "raw-site/qei.org.au/wp-content/uploads/2024/08/QEI-scientists-1430x953.jpg" [1]
2026-08-31 10:12:58 URL:https://qei.org.au/wp-content/uploads/2024/08/QEI-scientists-800x533.jpg [70452/70452] -> "raw-site/qei.org.au/wp-content/uploads/2024/08/QEI-scientists-800x533.jpg" [1]
2026-08-31 10:12:59 URL:https://qei.org.au/wp-content/uploads/2024/08/QEI-scientists-400x267.jpg [24687/24687] -> "raw-site/qei.org.au/wp-content/uploads/2024/08/QEI-scientists-400x267.jpg" [1]
2026-08-31 10:12:59 URL:https://qei.org.au/wp-content/uploads/2024/08/South-Brisbane-Day-Hospital.jpg [2469043/2469043] -> "raw-site/qei.org.au/wp-content/uploads/2024/08/South-Brisbane-Day-Hospital.jpg" [1]
2026-08-31 10:13:00 URL:https://qei.org.au/wp-content/uploads/2024/08/South-Brisbane-Day-Hospital-300x200.jpg [17980/17980] -> "raw-site/qei.org.au/wp-content/uploads/2024/08/South-Brisbane-Day-Hospital-300x200.jpg" [1]
2026-08-31 10:13:00 URL:https://qei.org.au/wp-content/uploads/2024/08/South-Brisbane-Day-Hospital-1024x683.jpg [124468/124468] -> "raw-site/qei.org.au/wp-content/uploads/2024/08/South-Brisbane-Day-Hospital-1024x683.jpg" [1]
2026-08-31 10:13:01 URL:https://qei.org.au/wp-content/uploads/2024/08/South-Brisbane-Day-Hospital-768x512.jpg [79932/79932] -> "raw-site/qei.org.au/wp-content/uploads/2024/08/South-Brisbane-Day-Hospital-768x512.jpg" [1]
2026-08-31 10:13:01 URL:https://qei.org.au/wp-content/uploads/2024/08/South-Brisbane-Day-Hospital-1536x1024.jpg [229827/229827] -> "raw-site/qei.org.au/wp-content/uploads/2024/08/South-Brisbane-Day-Hospital-1536x1024.jpg" [1]
2026-08-31 10:13:02 URL:https://qei.org.au/wp-content/uploads/2024/08/South-Brisbane-Day-Hospital-1430x953.jpg [206706/206706] -> "raw-site/qei.org.au/wp-content/uploads/2024/08/South-Brisbane-Day-Hospital-1430x953.jpg" [1]
2026-08-31 10:13:02 URL:https://qei.org.au/wp-content/uploads/2024/08/South-Brisbane-Day-Hospital-800x533.jpg [85176/85176] -> "raw-site/qei.org.au/wp-content/uploads/2024/08/South-Brisbane-Day-Hospital-800x533.jpg" [1]
2026-08-31 10:13:03 URL:https://qei.org.au/wp-content/uploads/2024/08/South-Brisbane-Day-Hospital-400x267.jpg [28561/28561] -> "raw-site/qei.org.au/wp-content/uploads/2024/08/South-Brisbane-Day-Hospital-400x267.jpg" [1]
2026-08-31 10:13:03 URL:https://qei.org.au/wp-content/uploads/2024/08/Lee-Holland-teaching.jpg [739248/739248] -> "raw-site/qei.org.au/wp-content/uploads/2024/08/Lee-Holland-teaching.jpg" [1]
2026-08-31 10:13:04 URL:https://qei.org.au/wp-content/uploads/2024/08/Lee-Holland-teaching-300x200.jpg [16450/16450] -> "raw-site/qei.org.au/wp-content/uploads/2024/08/Lee-Holland-teaching-300x200.jpg" [1]
2026-08-31 10:13:04 URL:https://qei.org.au/wp-content/uploads/2024/08/Lee-Holland-teaching-1024x682.jpg [115355/115355] -> "raw-site/qei.org.au/wp-content/uploads/2024/08/Lee-Holland-teaching-1024x682.jpg" [1]
2026-08-31 10:13:05 URL:https://qei.org.au/wp-content/uploads/2024/08/Lee-Holland-teaching-768x512.jpg [72089/72089] -> "raw-site/qei.org.au/wp-content/uploads/2024/08/Lee-Holland-teaching-768x512.jpg" [1]
2026-08-31 10:13:05 URL:https://qei.org.au/wp-content/uploads/2024/08/Lee-Holland-teaching-1536x1024.jpg [221004/221004] -> "raw-site/qei.org.au/wp-content/uploads/2024/08/Lee-Holland-teaching-1536x1024.jpg" [1]
2026-08-31 10:13:06 URL:https://qei.org.au/wp-content/uploads/2024/08/Lee-Holland-teaching-1430x953.jpg [197936/197936] -> "raw-site/qei.org.au/wp-content/uploads/2024/08/Lee-Holland-teaching-1430x953.jpg" [1]
2026-08-31 10:13:06 URL:https://qei.org.au/wp-content/uploads/2024/08/Lee-Holland-teaching-800x533.jpg [77945/77945] -> "raw-site/qei.org.au/wp-content/uploads/2024/08/Lee-Holland-teaching-800x533.jpg" [1]
2026-08-31 10:13:07 URL:https://qei.org.au/wp-content/uploads/2024/08/Lee-Holland-teaching-400x267.jpg [26046/26046] -> "raw-site/qei.org.au/wp-content/uploads/2024/08/Lee-Holland-teaching-400x267.jpg" [1]
2026-08-31 10:13:08 URL:https://qei.org.au/wp-content/uploads/2024/08/2024020187IpswichRd4.jpg [845773/845773] -> "raw-site/qei.org.au/wp-content/uploads/2024/08/2024020187IpswichRd4.jpg" [1]
2026-08-31 10:13:08 URL:https://qei.org.au/wp-content/uploads/2024/08/2024020187IpswichRd4-300x200.jpg [17816/17816] -> "raw-site/qei.org.au/wp-content/uploads/2024/08/2024020187IpswichRd4-300x200.jpg" [1]
2026-08-31 10:13:09 URL:https://qei.org.au/wp-content/uploads/2024/08/2024020187IpswichRd4-1024x683.jpg [139922/139922] -> "raw-site/qei.org.au/wp-content/uploads/2024/08/2024020187IpswichRd4-1024x683.jpg" [1]
2026-08-31 10:13:09 URL:https://qei.org.au/wp-content/uploads/2024/08/2024020187IpswichRd4-768x512.jpg [85686/85686] -> "raw-site/qei.org.au/wp-content/uploads/2024/08/2024020187IpswichRd4-768x512.jpg" [1]
2026-08-31 10:13:10 URL:https://qei.org.au/wp-content/uploads/2024/08/2024020187IpswichRd4-1536x1025.jpg [273610/273610] -> "raw-site/qei.org.au/wp-content/uploads/2024/08/2024020187IpswichRd4-1536x1025.jpg" [1]
2026-08-31 10:13:10 URL:https://qei.org.au/wp-content/uploads/2024/08/2024020187IpswichRd4-1430x954.jpg [243483/243483] -> "raw-site/qei.org.au/wp-content/uploads/2024/08/2024020187IpswichRd4-1430x954.jpg" [1]
2026-08-31 10:13:11 URL:https://qei.org.au/wp-content/uploads/2024/08/2024020187IpswichRd4-800x534.jpg [92700/92700] -> "raw-site/qei.org.au/wp-content/uploads/2024/08/2024020187IpswichRd4-800x534.jpg" [1]
2026-08-31 10:13:11 URL:https://qei.org.au/wp-content/uploads/2024/08/2024020187IpswichRd4-400x267.jpg [28976/28976] -> "raw-site/qei.org.au/wp-content/uploads/2024/08/2024020187IpswichRd4-400x267.jpg" [1]
https://qei.org.au/wp-content/themes/qei/css/owl.video.play.png:
2026-08-31 10:13:12 ERROR 404: Not Found.
https://qei.org.au/wp-content/themes/qei/fonts/slick.eot:
2026-08-31 10:13:14 ERROR 404: Not Found.
https://qei.org.au/wp-content/themes/qei/fonts/slick.eot?:
2026-08-31 10:13:15 ERROR 404: Not Found.
https://qei.org.au/wp-content/themes/qei/fonts/slick.woff:
2026-08-31 10:13:16 ERROR 404: Not Found.
https://qei.org.au/wp-content/themes/qei/fonts/slick.ttf:
2026-08-31 10:13:18 ERROR 404: Not Found.
https://qei.org.au/wp-content/themes/qei/fonts/slick.svg:
2026-08-31 10:13:19 ERROR 404: Not Found.
2026-08-31 10:13:20 URL:https://qei.org.au/news/opening-of-a-new-eye-centre-sets-sights-on-a-clear-vision-for-the-future/ [116515] -> "raw-site/qei.org.au/news/opening-of-a-new-eye-centre-sets-sights-on-a-clear-vision-for-the-future/index.html" [1]
2026-08-31 10:13:20 URL:https://qei.org.au/wp-content/themes/qei/css/custom-styles.css?ver=1788163399 [140055/140055] -> "raw-site/qei.org.au/wp-content/themes/qei/css/custom-styles.css@ver=1788163399.css" [1]
2026-08-31 10:13:21 URL:https://qei.org.au/wp-content/uploads/2015/04/QEI_opening_140603_017-676x450.jpg [41513/41513] -> "raw-site/qei.org.au/wp-content/uploads/2015/04/QEI_opening_140603_017-676x450.jpg" [1]
https://qei.org.au/wp-content/themes/qei/css/owl.video.play.png:
2026-08-31 10:13:22 ERROR 404: Not Found.
https://qei.org.au/wp-content/themes/qei/fonts/slick.eot:
2026-08-31 10:13:23 ERROR 404: Not Found.
https://qei.org.au/wp-content/themes/qei/fonts/slick.eot?:
2026-08-31 10:13:25 ERROR 404: Not Found.
https://qei.org.au/wp-content/themes/qei/fonts/slick.woff:
2026-08-31 10:13:26 ERROR 404: Not Found.
https://qei.org.au/wp-content/themes/qei/fonts/slick.ttf:
2026-08-31 10:13:27 ERROR 404: Not Found.
https://qei.org.au/wp-content/themes/qei/fonts/slick.svg:
2026-08-31 10:13:29 ERROR 404: Not Found.
2026-08-31 10:13:29 URL:https://qei.org.au/news/optometrists-learning-at-qei/ [115680] -> "raw-site/qei.org.au/news/optometrists-learning-at-qei/index.html" [1]
2026-08-31 10:13:30 URL:https://qei.org.au/wp-content/themes/qei/css/custom-styles.css?ver=1788163630 [140055/140055] -> "raw-site/qei.org.au/wp-content/themes/qei/css/custom-styles.css@ver=1788163630.css" [1]
https://qei.org.au/wp-content/themes/qei/css/owl.video.play.png:
2026-08-31 10:13:31 ERROR 404: Not Found.
https://qei.org.au/wp-content/themes/qei/fonts/slick.eot:
2026-08-31 10:13:32 ERROR 404: Not Found.
https://qei.org.au/wp-content/themes/qei/fonts/slick.eot?:
2026-08-31 10:13:34 ERROR 404: Not Found.
https://qei.org.au/wp-content/themes/qei/fonts/slick.woff:
2026-08-31 10:13:35 ERROR 404: Not Found.
https://qei.org.au/wp-content/themes/qei/fonts/slick.ttf:
2026-08-31 10:13:36 ERROR 404: Not Found.
https://qei.org.au/wp-content/themes/qei/fonts/slick.svg:
2026-08-31 10:13:37 ERROR 404: Not Found.
2026-08-31 10:13:38 URL:https://qei.org.au/news/our-cutting-edge-research-focus/ [114763] -> "raw-site/qei.org.au/news/our-cutting-edge-research-focus/index.html" [1]
2026-08-31 10:13:39 URL:https://qei.org.au/wp-content/themes/qei/css/custom-styles.css?ver=1788163211 [140055/140055] -> "raw-site/qei.org.au/wp-content/themes/qei/css/custom-styles.css@ver=1788163211.css" [1]
2026-08-31 10:13:39 URL:https://qei.org.au/wp-content/uploads/2019/02/nigel-barnett-982x450.png [549547/549547] -> "raw-site/qei.org.au/wp-content/uploads/2019/02/nigel-barnett-982x450.png" [1]
https://qei.org.au/wp-content/themes/qei/css/owl.video.play.png:
2026-08-31 10:13:40 ERROR 404: Not Found.
https://qei.org.au/wp-content/themes/qei/fonts/slick.eot:
2026-08-31 10:13:42 ERROR 404: Not Found.
https://qei.org.au/wp-content/themes/qei/fonts/slick.eot?:
2026-08-31 10:13:44 ERROR 404: Not Found.
https://qei.org.au/wp-content/themes/qei/fonts/slick.woff:
2026-08-31 10:13:45 ERROR 404: Not Found.
https://qei.org.au/wp-content/themes/qei/fonts/slick.ttf:
2026-08-31 10:13:47 ERROR 404: Not Found.
https://qei.org.au/wp-content/themes/qei/fonts/slick.svg:
2026-08-31 10:13:48 ERROR 404: Not Found.
2026-08-31 10:13:49 URL:https://qei.org.au/news/outstanding-service/ [114448] -> "raw-site/qei.org.au/news/outstanding-service/index.html" [1]
2026-08-31 10:13:49 URL:https://qei.org.au/wp-content/themes/qei/css/custom-styles.css?ver=1788163625 [140055/140055] -> "raw-site/qei.org.au/wp-content/themes/qei/css/custom-styles.css@ver=1788163625.css" [1]
2026-08-31 10:13:50 URL:https://qei.org.au/wp-content/uploads/2026/03/20260206_QEI-AsiaPacificOphthalmologyAssocCongress-1_Web-1430x1073.jpg [361084/361084] -> "raw-site/qei.org.au/wp-content/uploads/2026/03/20260206_QEI-AsiaPacificOphthalmologyAssocCongress-1_Web-1430x1073.jpg" [1]
2026-08-31 10:13:51 URL:https://qei.org.au/wp-content/uploads/2026/03/20260206_QEI-AsiaPacificOphthalmologyAssocCongress-1_Web-1024x768.jpg [201312/201312] -> "raw-site/qei.org.au/wp-content/uploads/2026/03/20260206_QEI-AsiaPacificOphthalmologyAssocCongress-1_Web-1024x768.jpg" [1]
2026-08-31 10:13:51 URL:https://qei.org.au/wp-content/uploads/2026/03/20260206_QEI-AsiaPacificOphthalmologyAssocCongress-1_Web-300x225.jpg [23903/23903] -> "raw-site/qei.org.au/wp-content/uploads/2026/03/20260206_QEI-AsiaPacificOphthalmologyAssocCongress-1_Web-300x225.jpg" [1]
2026-08-31 10:13:52 URL:https://qei.org.au/wp-content/uploads/2026/03/20260206_QEI-AsiaPacificOphthalmologyAssocCongress-1_Web-768x576.jpg [122222/122222] -> "raw-site/qei.org.au/wp-content/uploads/2026/03/20260206_QEI-AsiaPacificOphthalmologyAssocCongress-1_Web-768x576.jpg" [1]
2026-08-31 10:13:52 URL:https://qei.org.au/wp-content/uploads/2026/03/20260206_QEI-AsiaPacificOphthalmologyAssocCongress-1_Web-1536x1152.jpg [406113/406113] -> "raw-site/qei.org.au/wp-content/uploads/2026/03/20260206_QEI-AsiaPacificOphthalmologyAssocCongress-1_Web-1536x1152.jpg" [1]
2026-08-31 10:13:53 URL:https://qei.org.au/wp-content/uploads/2026/03/20260206_QEI-AsiaPacificOphthalmologyAssocCongress-1_Web-2048x1536.jpg [662527/662527] -> "raw-site/qei.org.au/wp-content/uploads/2026/03/20260206_QEI-AsiaPacificOphthalmologyAssocCongress-1_Web-2048x1536.jpg" [1]
2026-08-31 10:13:54 URL:https://qei.org.au/wp-content/uploads/2026/03/20260206_QEI-AsiaPacificOphthalmologyAssocCongress-1_Web-800x600.jpg [131620/131620] -> "raw-site/qei.org.au/wp-content/uploads/2026/03/20260206_QEI-AsiaPacificOphthalmologyAssocCongress-1_Web-800x600.jpg" [1]
2026-08-31 10:13:54 URL:https://qei.org.au/wp-content/uploads/2026/03/20260206_QEI-AsiaPacificOphthalmologyAssocCongress-1_Web-400x300.jpg [39207/39207] -> "raw-site/qei.org.au/wp-content/uploads/2026/03/20260206_QEI-AsiaPacificOphthalmologyAssocCongress-1_Web-400x300.jpg" [1]
https://qei.org.au/wp-content/themes/qei/css/owl.video.play.png:
2026-08-31 10:13:55 ERROR 404: Not Found.
https://qei.org.au/wp-content/themes/qei/fonts/slick.eot:
2026-08-31 10:13:57 ERROR 404: Not Found.
https://qei.org.au/wp-content/themes/qei/fonts/slick.eot?:
2026-08-31 10:13:58 ERROR 404: Not Found.
https://qei.org.au/wp-content/themes/qei/fonts/slick.woff:
2026-08-31 10:13:59 ERROR 404: Not Found.
https://qei.org.au/wp-content/themes/qei/fonts/slick.ttf:
2026-08-31 10:14:01 ERROR 404: Not Found.
https://qei.org.au/wp-content/themes/qei/fonts/slick.svg:
2026-08-31 10:14:02 ERROR 404: Not Found.
2026-08-31 10:14:02 URL:https://qei.org.au/news/play-for-purpose-is-back-with-over-7500-prizes/ [113604] -> "raw-site/qei.org.au/news/play-for-purpose-is-back-with-over-7500-prizes/index.html" [1]
2026-08-31 10:14:03 URL:https://qei.org.au/wp-content/themes/qei/css/custom-styles.css?ver=1788163391 [140055/140055] -> "raw-site/qei.org.au/wp-content/themes/qei/css/custom-styles.css@ver=1788163391.css" [1]
2026-08-31 10:14:03 URL:https://qei.org.au/wp-content/uploads/2019/02/news2.jpg [47116/47116] -> "raw-site/qei.org.au/wp-content/uploads/2019/02/news2.jpg" [1]
https://qei.org.au/wp-content/themes/qei/css/owl.video.play.png:
2026-08-31 10:14:05 ERROR 404: Not Found.
https://qei.org.au/wp-content/themes/qei/fonts/slick.eot:
2026-08-31 10:14:06 ERROR 404: Not Found.
https://qei.org.au/wp-content/themes/qei/fonts/slick.eot?:
2026-08-31 10:14:07 ERROR 404: Not Found.
https://qei.org.au/wp-content/themes/qei/fonts/slick.woff:
2026-08-31 10:14:09 ERROR 404: Not Found.
https://qei.org.au/wp-content/themes/qei/fonts/slick.ttf:
2026-08-31 10:14:10 ERROR 404: Not Found.
https://qei.org.au/wp-content/themes/qei/fonts/slick.svg:
2026-08-31 10:14:12 ERROR 404: Not Found.
2026-08-31 10:14:12 URL:https://qei.org.au/news/please-read-little-oscars-story-and-help-make-a-difference-this-tax-year/ [117993] -> "raw-site/qei.org.au/news/please-read-little-oscars-story-and-help-make-a-difference-this-tax-year/index.html" [1]
2026-08-31 10:14:13 URL:https://qei.org.au/wp-content/themes/qei/css/custom-styles.css?ver=1788163262 [140055/140055] -> "raw-site/qei.org.au/wp-content/themes/qei/css/custom-styles.css@ver=1788163262.css" [1]
2026-08-31 10:14:13 URL:https://qei.org.au/wp-content/uploads/2019/05/Oscar-1-338x450.jpg [28359/28359] -> "raw-site/qei.org.au/wp-content/uploads/2019/05/Oscar-1-338x450.jpg" [1]
https://qei.org.au/wp-content/themes/qei/css/owl.video.play.png:
2026-08-31 10:14:15 ERROR 404: Not Found.
https://qei.org.au/wp-content/themes/qei/fonts/slick.eot:
2026-08-31 10:14:16 ERROR 404: Not Found.
https://qei.org.au/wp-content/themes/qei/fonts/slick.eot?:
2026-08-31 10:14:17 ERROR 404: Not Found.
https://qei.org.au/wp-content/themes/qei/fonts/slick.woff:
2026-08-31 10:14:19 ERROR 404: Not Found.
https://qei.org.au/wp-content/themes/qei/fonts/slick.ttf:
2026-08-31 10:14:20 ERROR 404: Not Found.
https://qei.org.au/wp-content/themes/qei/fonts/slick.svg:
2026-08-31 10:14:21 ERROR 404: Not Found.
2026-08-31 10:14:22 URL:https://qei.org.au/news/practise-makes-perfect/ [115012] -> "raw-site/qei.org.au/news/practise-makes-perfect/index.html" [1]
2026-08-31 10:14:22 URL:https://qei.org.au/wp-content/themes/qei/css/custom-styles.css?ver=1788134550 [140055/140055] -> "raw-site/qei.org.au/wp-content/themes/qei/css/custom-styles.css@ver=1788134550.css" [1]
2026-08-31 10:14:23 URL:https://qei.org.au/wp-content/uploads/2025/03/AdobeStock_229760036-resized-1.png [1245760/1245760] -> "raw-site/qei.org.au/wp-content/uploads/2025/03/AdobeStock_229760036-resized-1.png" [1]
https://qei.org.au/wp-content/themes/qei/css/owl.video.play.png:
2026-08-31 10:14:24 ERROR 404: Not Found.
https://qei.org.au/wp-content/themes/qei/fonts/slick.eot:
2026-08-31 10:14:26 ERROR 404: Not Found.
https://qei.org.au/wp-content/themes/qei/fonts/slick.eot?:
2026-08-31 10:14:27 ERROR 404: Not Found.
https://qei.org.au/wp-content/themes/qei/fonts/slick.woff:
2026-08-31 10:14:28 ERROR 404: Not Found.
https://qei.org.au/wp-content/themes/qei/fonts/slick.ttf:
2026-08-31 10:14:30 ERROR 404: Not Found.
https://qei.org.au/wp-content/themes/qei/fonts/slick.svg:
2026-08-31 10:14:31 ERROR 404: Not Found.
2026-08-31 10:14:31 URL:https://qei.org.au/news/professor-jeff-dunn-ao-and-jane-prentice-have-joined-the-queensland-eye-institute-foundation-board/ [116900] -> "raw-site/qei.org.au/news/professor-jeff-dunn-ao-and-jane-prentice-have-joined-the-queensland-eye-institute-foundation-board/index.html" [1]
2026-08-31 10:14:32 URL:https://qei.org.au/wp-content/themes/qei/css/custom-styles.css?ver=1788133856 [140055/140055] -> "raw-site/qei.org.au/wp-content/themes/qei/css/custom-styles.css@ver=1788133856.css" [1]
2026-08-31 10:14:33 URL:https://qei.org.au/wp-content/uploads/2022/09/Professor-Jeff-Dunn-AO-for-featured-image.jpg [476731/476731] -> "raw-site/qei.org.au/wp-content/uploads/2022/09/Professor-Jeff-Dunn-AO-for-featured-image.jpg" [1]
2026-08-31 10:14:33 URL:https://qei.org.au/wp-content/uploads/2022/09/Professor-Jeff-Dunn-AO-203x300.jpg [16783/16783] -> "raw-site/qei.org.au/wp-content/uploads/2022/09/Professor-Jeff-Dunn-AO-203x300.jpg" [1]
2026-08-31 10:14:34 URL:https://qei.org.au/wp-content/uploads/2022/09/Professor-Jeff-Dunn-AO-768x1135.jpg [166340/166340] -> "raw-site/qei.org.au/wp-content/uploads/2022/09/Professor-Jeff-Dunn-AO-768x1135.jpg" [1]
2026-08-31 10:14:34 URL:https://qei.org.au/wp-content/uploads/2022/09/Professor-Jeff-Dunn-AO-693x1024.jpg [136697/136697] -> "raw-site/qei.org.au/wp-content/uploads/2022/09/Professor-Jeff-Dunn-AO-693x1024.jpg" [1]
2026-08-31 10:14:35 URL:https://qei.org.au/wp-content/uploads/2022/09/Professor-Jeff-Dunn-AO-968x1430.jpg [254728/254728] -> "raw-site/qei.org.au/wp-content/uploads/2022/09/Professor-Jeff-Dunn-AO-968x1430.jpg" [1]
2026-08-31 10:14:35 URL:https://qei.org.au/wp-content/uploads/2022/09/Professor-Jeff-Dunn-AO-800x1182.jpg [180021/180021] -> "raw-site/qei.org.au/wp-content/uploads/2022/09/Professor-Jeff-Dunn-AO-800x1182.jpg" [1]
2026-08-31 10:14:36 URL:https://qei.org.au/wp-content/uploads/2022/09/Professor-Jeff-Dunn-AO.jpg [617831/617831] -> "raw-site/qei.org.au/wp-content/uploads/2022/09/Professor-Jeff-Dunn-AO.jpg" [1]
2026-08-31 10:14:36 URL:https://qei.org.au/wp-content/uploads/2022/09/Jane-Prentice-197x300.jpg [12379/12379] -> "raw-site/qei.org.au/wp-content/uploads/2022/09/Jane-Prentice-197x300.jpg" [1]
2026-08-31 10:14:37 URL:https://qei.org.au/wp-content/uploads/2022/09/Jane-Prentice-768x1169.jpg [103147/103147] -> "raw-site/qei.org.au/wp-content/uploads/2022/09/Jane-Prentice-768x1169.jpg" [1]
2026-08-31 10:14:37 URL:https://qei.org.au/wp-content/uploads/2022/09/Jane-Prentice-673x1024.jpg [83680/83680] -> "raw-site/qei.org.au/wp-content/uploads/2022/09/Jane-Prentice-673x1024.jpg" [1]
2026-08-31 10:14:38 URL:https://qei.org.au/wp-content/uploads/2022/09/Jane-Prentice-940x1430.jpg [143917/143917] -> "raw-site/qei.org.au/wp-content/uploads/2022/09/Jane-Prentice-940x1430.jpg" [1]
2026-08-31 10:14:38 URL:https://qei.org.au/wp-content/uploads/2022/09/Jane-Prentice-800x1217.jpg [110379/110379] -> "raw-site/qei.org.au/wp-content/uploads/2022/09/Jane-Prentice-800x1217.jpg" [1]
https://qei.org.au/wp-content/themes/qei/css/owl.video.play.png:
2026-08-31 10:14:40 ERROR 404: Not Found.
https://qei.org.au/wp-content/themes/qei/fonts/slick.eot:
2026-08-31 10:14:41 ERROR 404: Not Found.
https://qei.org.au/wp-content/themes/qei/fonts/slick.eot?:
2026-08-31 10:14:42 ERROR 404: Not Found.
https://qei.org.au/wp-content/themes/qei/fonts/slick.woff:
2026-08-31 10:14:43 ERROR 404: Not Found.
https://qei.org.au/wp-content/themes/qei/fonts/slick.ttf:
2026-08-31 10:14:45 ERROR 404: Not Found.
https://qei.org.au/wp-content/themes/qei/fonts/slick.svg:
2026-08-31 10:14:46 ERROR 404: Not Found.
2026-08-31 10:14:47 URL:https://qei.org.au/news/professor-jeff-dunn-joins-the-qei-board/ [115010] -> "raw-site/qei.org.au/news/professor-jeff-dunn-joins-the-qei-board/index.html" [1]
2026-08-31 10:14:47 URL:https://qei.org.au/wp-content/themes/qei/css/custom-styles.css?ver=1788163208 [140055/140055] -> "raw-site/qei.org.au/wp-content/themes/qei/css/custom-styles.css@ver=1788163208.css" [1]
2026-08-31 10:14:48 URL:https://qei.org.au/wp-content/uploads/2019/02/jeffrey-dunn-225x300.jpg [9615/9615] -> "raw-site/qei.org.au/wp-content/uploads/2019/02/jeffrey-dunn-225x300.jpg" [1]
2026-08-31 10:14:48 URL:https://qei.org.au/wp-content/uploads/2019/02/jeffrey-dunn.jpg [362715/362715] -> "raw-site/qei.org.au/wp-content/uploads/2019/02/jeffrey-dunn.jpg" [1]
2026-08-31 10:14:49 URL:https://qei.org.au/wp-content/uploads/2019/02/jeffrey-dunn-338x450.jpg [20063/20063] -> "raw-site/qei.org.au/wp-content/uploads/2019/02/jeffrey-dunn-338x450.jpg" [1]
https://qei.org.au/wp-content/themes/qei/css/owl.video.play.png:
2026-08-31 10:14:50 ERROR 404: Not Found.
https://qei.org.au/wp-content/themes/qei/fonts/slick.eot:
2026-08-31 10:14:51 ERROR 404: Not Found.
https://qei.org.au/wp-content/themes/qei/fonts/slick.eot?:
2026-08-31 10:14:53 ERROR 404: Not Found.
https://qei.org.au/wp-content/themes/qei/fonts/slick.woff:
2026-08-31 10:14:54 ERROR 404: Not Found.
https://qei.org.au/wp-content/themes/qei/fonts/slick.ttf:
2026-08-31 10:14:55 ERROR 404: Not Found.
https://qei.org.au/wp-content/themes/qei/fonts/slick.svg:
2026-08-31 10:14:56 ERROR 404: Not Found.
2026-08-31 10:14:57 URL:https://qei.org.au/news/professor-lawrence-hirst-vision-museum/ [117950] -> "raw-site/qei.org.au/news/professor-lawrence-hirst-vision-museum/index.html" [1]
2026-08-31 10:14:57 URL:https://qei.org.au/wp-content/themes/qei/css/custom-styles.css?ver=1788137513 [140055/140055] -> "raw-site/qei.org.au/wp-content/themes/qei/css/custom-styles.css@ver=1788137513.css" [1]
2026-08-31 10:14:58 URL:https://qei.org.au/wp-content/uploads/2026/03/Old-tonometer-1.png [801447/801447] -> "raw-site/qei.org.au/wp-content/uploads/2026/03/Old-tonometer-1.png" [1]
2026-08-31 10:14:59 URL:https://qei.org.au/wp-content/uploads/2026/03/Museum-Cabinet-1000x1024.png [668306/668306] -> "raw-site/qei.org.au/wp-content/uploads/2026/03/Museum-Cabinet-1000x1024.png" [1]
2026-08-31 10:14:59 URL:https://qei.org.au/wp-content/uploads/2026/03/Museum-Cabinet-293x300.png [73940/73940] -> "raw-site/qei.org.au/wp-content/uploads/2026/03/Museum-Cabinet-293x300.png" [1]
2026-08-31 10:15:00 URL:https://qei.org.au/wp-content/uploads/2026/03/Museum-Cabinet-768x786.png [412136/412136] -> "raw-site/qei.org.au/wp-content/uploads/2026/03/Museum-Cabinet-768x786.png" [1]
2026-08-31 10:15:00 URL:https://qei.org.au/wp-content/uploads/2026/03/Museum-Cabinet-1500x1536.png [1399108/1399108] -> "raw-site/qei.org.au/wp-content/uploads/2026/03/Museum-Cabinet-1500x1536.png" [1]
2026-08-31 10:15:01 URL:https://qei.org.au/wp-content/uploads/2026/03/Museum-Cabinet-2000x2048.png [2314546/2314546] -> "raw-site/qei.org.au/wp-content/uploads/2026/03/Museum-Cabinet-2000x2048.png" [1]
2026-08-31 10:15:01 URL:https://qei.org.au/wp-content/uploads/2026/03/Museum-Cabinet-1397x1430.png [1231651/1231651] -> "raw-site/qei.org.au/wp-content/uploads/2026/03/Museum-Cabinet-1397x1430.png" [1]
2026-08-31 10:15:02 URL:https://qei.org.au/wp-content/uploads/2026/03/Museum-Cabinet-800x819.png [443147/443147] -> "raw-site/qei.org.au/wp-content/uploads/2026/03/Museum-Cabinet-800x819.png" [1]
2026-08-31 10:15:03 URL:https://qei.org.au/wp-content/uploads/2026/03/Old-Tonometer-300x251.png [86121/86121] -> "raw-site/qei.org.au/wp-content/uploads/2026/03/Old-Tonometer-300x251.png" [1]
2026-08-31 10:15:03 URL:https://qei.org.au/wp-content/uploads/2026/03/Old-Tonometer-1024x855.png [807471/807471] -> "raw-site/qei.org.au/wp-content/uploads/2026/03/Old-Tonometer-1024x855.png" [1]
2026-08-31 10:15:04 URL:https://qei.org.au/wp-content/uploads/2026/03/Old-Tonometer-768x641.png [485679/485679] -> "raw-site/qei.org.au/wp-content/uploads/2026/03/Old-Tonometer-768x641.png" [1]
2026-08-31 10:15:04 URL:https://qei.org.au/wp-content/uploads/2026/03/Old-Tonometer-1536x1283.png [1614545/1614545] -> "raw-site/qei.org.au/wp-content/uploads/2026/03/Old-Tonometer-1536x1283.png" [1]
2026-08-31 10:15:05 URL:https://qei.org.au/wp-content/uploads/2026/03/Old-Tonometer-1430x1194.png [1432264/1432264] -> "raw-site/qei.org.au/wp-content/uploads/2026/03/Old-Tonometer-1430x1194.png" [1]
2026-08-31 10:15:05 URL:https://qei.org.au/wp-content/uploads/2026/03/Old-Tonometer-800x668.png [521166/521166] -> "raw-site/qei.org.au/wp-content/uploads/2026/03/Old-Tonometer-800x668.png" [1]
2026-08-31 10:15:06 URL:https://qei.org.au/wp-content/uploads/2026/03/Old-Tonometer-359x300.png [120018/120018] -> "raw-site/qei.org.au/wp-content/uploads/2026/03/Old-Tonometer-359x300.png" [1]
2026-08-31 10:15:06 URL:https://qei.org.au/wp-content/uploads/2026/03/Old-Tonometer.png [2051676/2051676] -> "raw-site/qei.org.au/wp-content/uploads/2026/03/Old-Tonometer.png" [1]
2026-08-31 10:15:07 URL:https://qei.org.au/wp-content/uploads/2026/03/New-Tonometer-288x300.png [50716/50716] -> "raw-site/qei.org.au/wp-content/uploads/2026/03/New-Tonometer-288x300.png" [1]
2026-08-31 10:15:07 URL:https://qei.org.au/wp-content/uploads/2026/03/New-Tonometer-984x1024.png [415943/415943] -> "raw-site/qei.org.au/wp-content/uploads/2026/03/New-Tonometer-984x1024.png" [1]
2026-08-31 10:15:08 URL:https://qei.org.au/wp-content/uploads/2026/03/New-Tonometer-768x799.png [271930/271930] -> "raw-site/qei.org.au/wp-content/uploads/2026/03/New-Tonometer-768x799.png" [1]
2026-08-31 10:15:08 URL:https://qei.org.au/wp-content/uploads/2026/03/New-Tonometer-800x832.png [291243/291243] -> "raw-site/qei.org.au/wp-content/uploads/2026/03/New-Tonometer-800x832.png" [1]
2026-08-31 10:15:09 URL:https://qei.org.au/wp-content/uploads/2026/03/New-Tonometer.png [739709/739709] -> "raw-site/qei.org.au/wp-content/uploads/2026/03/New-Tonometer.png" [1]
https://qei.org.au/wp-content/themes/qei/css/owl.video.play.png:
2026-08-31 10:15:10 ERROR 404: Not Found.
https://qei.org.au/wp-content/themes/qei/fonts/slick.eot:
2026-08-31 10:15:12 ERROR 404: Not Found.
https://qei.org.au/wp-content/themes/qei/fonts/slick.eot?:
2026-08-31 10:15:13 ERROR 404: Not Found.
https://qei.org.au/wp-content/themes/qei/fonts/slick.woff:
2026-08-31 10:15:14 ERROR 404: Not Found.
https://qei.org.au/wp-content/themes/qei/fonts/slick.ttf:
2026-08-31 10:15:15 ERROR 404: Not Found.
https://qei.org.au/wp-content/themes/qei/fonts/slick.svg:
2026-08-31 10:15:17 ERROR 404: Not Found.
2026-08-31 10:15:17 URL:https://qei.org.au/news/progress-in-treatments-for-wet-age-related-macula-degeneration/ [122231] -> "raw-site/qei.org.au/news/progress-in-treatments-for-wet-age-related-macula-degeneration/index.html" [1]
2026-08-31 10:15:18 URL:https://qei.org.au/wp-content/themes/qei/css/custom-styles.css?ver=1788137497 [140055/140055] -> "raw-site/qei.org.au/wp-content/themes/qei/css/custom-styles.css@ver=1788137497.css" [1]
2026-08-31 10:15:18 URL:https://qei.org.au/wp-content/uploads/2025/08/shutterstock_258017207-1430x953.jpg [139541/139541] -> "raw-site/qei.org.au/wp-content/uploads/2025/08/shutterstock_258017207-1430x953.jpg" [1]
https://qei.org.au/wp-content/themes/qei/css/owl.video.play.png:
2026-08-31 10:15:20 ERROR 404: Not Found.
https://qei.org.au/wp-content/themes/qei/fonts/slick.eot:
2026-08-31 10:15:21 ERROR 404: Not Found.
https://qei.org.au/wp-content/themes/qei/fonts/slick.eot?:
2026-08-31 10:15:22 ERROR 404: Not Found.
https://qei.org.au/wp-content/themes/qei/fonts/slick.woff:
2026-08-31 10:15:24 ERROR 404: Not Found.
https://qei.org.au/wp-content/themes/qei/fonts/slick.ttf:
2026-08-31 10:15:25 ERROR 404: Not Found.
https://qei.org.au/wp-content/themes/qei/fonts/slick.svg:
2026-08-31 10:15:26 ERROR 404: Not Found.
2026-08-31 10:15:27 URL:https://qei.org.au/news/protect-your-eyes-from-uv-rays-expert-tips-by-dr-brendan-cronin/ [116618] -> "raw-site/qei.org.au/news/protect-your-eyes-from-uv-rays-expert-tips-by-dr-brendan-cronin/index.html" [1]
2026-08-31 10:15:27 URL:https://qei.org.au/wp-content/themes/qei/css/custom-styles.css?ver=1788163397 [140055/140055] -> "raw-site/qei.org.au/wp-content/themes/qei/css/custom-styles.css@ver=1788163397.css" [1]
2026-08-31 10:15:28 URL:https://qei.org.au/wp-content/uploads/2025/04/uv-damage-1.jpg [535945/535945] -> "raw-site/qei.org.au/wp-content/uploads/2025/04/uv-damage-1.jpg" [1]
https://qei.org.au/wp-content/themes/qei/css/owl.video.play.png:
2026-08-31 10:15:29 ERROR 404: Not Found.
https://qei.org.au/wp-content/themes/qei/fonts/slick.eot:
2026-08-31 10:15:30 ERROR 404: Not Found.
https://qei.org.au/wp-content/themes/qei/fonts/slick.eot?:
2026-08-31 10:15:32 ERROR 404: Not Found.
https://qei.org.au/wp-content/themes/qei/fonts/slick.woff:
2026-08-31 10:15:33 ERROR 404: Not Found.
https://qei.org.au/wp-content/themes/qei/fonts/slick.ttf:
2026-08-31 10:15:34 ERROR 404: Not Found.
https://qei.org.au/wp-content/themes/qei/fonts/slick.svg:
2026-08-31 10:15:35 ERROR 404: Not Found.
2026-08-31 10:15:36 URL:https://qei.org.au/news/q-a-with-dr-shuko-suzuki-senior-research-officer-at-qei/ [121954] -> "raw-site/qei.org.au/news/q-a-with-dr-shuko-suzuki-senior-research-officer-at-qei/index.html" [1]
2026-08-31 10:15:36 URL:https://qei.org.au/wp-content/themes/qei/css/custom-styles.css?ver=1788163439 [140055/140055] -> "raw-site/qei.org.au/wp-content/themes/qei/css/custom-styles.css@ver=1788163439.css" [1]
2026-08-31 10:15:37 URL:https://qei.org.au/wp-content/uploads/2021/08/Dr-Shuko-Suzuki-at-Queensland-Eye-Institute-1073x1430.jpg [203176/203176] -> "raw-site/qei.org.au/wp-content/uploads/2021/08/Dr-Shuko-Suzuki-at-Queensland-Eye-Institute-1073x1430.jpg" [1]
2026-08-31 10:15:37 URL:https://qei.org.au/wp-content/uploads/2021/08/Dr-Shuko-Suzuki-at-Queensland-Eye-Institute-225x300.jpg [16797/16797] -> "raw-site/qei.org.au/wp-content/uploads/2021/08/Dr-Shuko-Suzuki-at-Queensland-Eye-Institute-225x300.jpg" [1]
2026-08-31 10:15:38 URL:https://qei.org.au/wp-content/uploads/2021/08/Dr-Shuko-Suzuki-at-Queensland-Eye-Institute-768x1024.jpg [117947/117947] -> "raw-site/qei.org.au/wp-content/uploads/2021/08/Dr-Shuko-Suzuki-at-Queensland-Eye-Institute-768x1024.jpg" [1]
2026-08-31 10:15:38 URL:https://qei.org.au/wp-content/uploads/2021/08/Dr-Shuko-Suzuki-at-Queensland-Eye-Institute-800x1067.jpg [126326/126326] -> "raw-site/qei.org.au/wp-content/uploads/2021/08/Dr-Shuko-Suzuki-at-Queensland-Eye-Institute-800x1067.jpg" [1]
2026-08-31 10:15:39 URL:https://qei.org.au/wp-content/uploads/2021/08/Dr-Shuko-Suzuki-at-Queensland-Eye-Institute.jpg [734802/734802] -> "raw-site/qei.org.au/wp-content/uploads/2021/08/Dr-Shuko-Suzuki-at-Queensland-Eye-Institute.jpg" [1]
2026-08-31 10:15:40 URL:https://qei.org.au/wp-content/uploads/2021/08/Cocoons-and-membrane-at-Queensland-Eye-Institute-225x300.jpg [15431/15431] -> "raw-site/qei.org.au/wp-content/uploads/2021/08/Cocoons-and-membrane-at-Queensland-Eye-Institute-225x300.jpg" [1]
2026-08-31 10:15:40 URL:https://qei.org.au/wp-content/uploads/2021/08/Cocoons-and-membrane-at-Queensland-Eye-Institute-768x1024.jpg [101968/101968] -> "raw-site/qei.org.au/wp-content/uploads/2021/08/Cocoons-and-membrane-at-Queensland-Eye-Institute-768x1024.jpg" [1]
2026-08-31 10:15:41 URL:https://qei.org.au/wp-content/uploads/2021/08/Cocoons-and-membrane-at-Queensland-Eye-Institute-1073x1430.jpg [171444/171444] -> "raw-site/qei.org.au/wp-content/uploads/2021/08/Cocoons-and-membrane-at-Queensland-Eye-Institute-1073x1430.jpg" [1]
2026-08-31 10:15:41 URL:https://qei.org.au/wp-content/uploads/2021/08/Cocoons-and-membrane-at-Queensland-Eye-Institute-800x1067.jpg [108958/108958] -> "raw-site/qei.org.au/wp-content/uploads/2021/08/Cocoons-and-membrane-at-Queensland-Eye-Institute-800x1067.jpg" [1]
2026-08-31 10:15:42 URL:https://qei.org.au/wp-content/uploads/2021/08/Cocoons-and-membrane-at-Queensland-Eye-Institute.jpg [598405/598405] -> "raw-site/qei.org.au/wp-content/uploads/2021/08/Cocoons-and-membrane-at-Queensland-Eye-Institute.jpg" [1]
2026-08-31 10:15:42 URL:https://qei.org.au/wp-content/uploads/2021/08/Dr-Onur-Sakiragaoglu-at-QEI-in-the-tissue-culture-room-225x300.jpg [11404/11404] -> "raw-site/qei.org.au/wp-content/uploads/2021/08/Dr-Onur-Sakiragaoglu-at-QEI-in-the-tissue-culture-room-225x300.jpg" [1]
2026-08-31 10:15:43 URL:https://qei.org.au/wp-content/uploads/2021/08/Dr-Onur-Sakiragaoglu-at-QEI-in-the-tissue-culture-room-768x1024.jpg [76919/76919] -> "raw-site/qei.org.au/wp-content/uploads/2021/08/Dr-Onur-Sakiragaoglu-at-QEI-in-the-tissue-culture-room-768x1024.jpg" [1]
2026-08-31 10:15:43 URL:https://qei.org.au/wp-content/uploads/2021/08/Dr-Onur-Sakiragaoglu-at-QEI-in-the-tissue-culture-room-1073x1430.jpg [135690/135690] -> "raw-site/qei.org.au/wp-content/uploads/2021/08/Dr-Onur-Sakiragaoglu-at-QEI-in-the-tissue-culture-room-1073x1430.jpg" [1]
2026-08-31 10:15:44 URL:https://qei.org.au/wp-content/uploads/2021/08/Dr-Onur-Sakiragaoglu-at-QEI-in-the-tissue-culture-room-800x1067.jpg [82480/82480] -> "raw-site/qei.org.au/wp-content/uploads/2021/08/Dr-Onur-Sakiragaoglu-at-QEI-in-the-tissue-culture-room-800x1067.jpg" [1]
2026-08-31 10:15:44 URL:https://qei.org.au/wp-content/uploads/2021/08/Dr-Onur-Sakiragaoglu-at-QEI-in-the-tissue-culture-room.jpg [584405/584405] -> "raw-site/qei.org.au/wp-content/uploads/2021/08/Dr-Onur-Sakiragaoglu-at-QEI-in-the-tissue-culture-room.jpg" [1]
2026-08-31 10:15:45 URL:https://qei.org.au/wp-content/uploads/2021/08/Dr-Shuko-Suzuki-and-Dr-Onur-Sakiragaoglu-at-Queensland-Eye-Institute-225x300.jpg [15366/15366] -> "raw-site/qei.org.au/wp-content/uploads/2021/08/Dr-Shuko-Suzuki-and-Dr-Onur-Sakiragaoglu-at-Queensland-Eye-Institute-225x300.jpg" [1]
2026-08-31 10:15:45 URL:https://qei.org.au/wp-content/uploads/2021/08/Dr-Shuko-Suzuki-and-Dr-Onur-Sakiragaoglu-at-Queensland-Eye-Institute-768x1024.jpg [105143/105143] -> "raw-site/qei.org.au/wp-content/uploads/2021/08/Dr-Shuko-Suzuki-and-Dr-Onur-Sakiragaoglu-at-Queensland-Eye-Institute-768x1024.jpg" [1]
2026-08-31 10:15:46 URL:https://qei.org.au/wp-content/uploads/2021/08/Dr-Shuko-Suzuki-and-Dr-Onur-Sakiragaoglu-at-Queensland-Eye-Institute-1073x1430.jpg [182893/182893] -> "raw-site/qei.org.au/wp-content/uploads/2021/08/Dr-Shuko-Suzuki-and-Dr-Onur-Sakiragaoglu-at-Queensland-Eye-Institute-1073x1430.jpg" [1]
2026-08-31 10:15:46 URL:https://qei.org.au/wp-content/uploads/2021/08/Dr-Shuko-Suzuki-and-Dr-Onur-Sakiragaoglu-at-Queensland-Eye-Institute-800x1067.jpg [113173/113173] -> "raw-site/qei.org.au/wp-content/uploads/2021/08/Dr-Shuko-Suzuki-and-Dr-Onur-Sakiragaoglu-at-Queensland-Eye-Institute-800x1067.jpg" [1]
2026-08-31 10:15:47 URL:https://qei.org.au/wp-content/uploads/2021/08/Dr-Shuko-Suzuki-and-Dr-Onur-Sakiragaoglu-at-Queensland-Eye-Institute.jpg [680508/680508] -> "raw-site/qei.org.au/wp-content/uploads/2021/08/Dr-Shuko-Suzuki-and-Dr-Onur-Sakiragaoglu-at-Queensland-Eye-Institute.jpg" [1]
https://qei.org.au/wp-content/themes/qei/css/owl.video.play.png:
2026-08-31 10:15:48 ERROR 404: Not Found.
https://qei.org.au/wp-content/themes/qei/fonts/slick.eot:
2026-08-31 10:15:49 ERROR 404: Not Found.
https://qei.org.au/wp-content/themes/qei/fonts/slick.eot?:
2026-08-31 10:15:51 ERROR 404: Not Found.
https://qei.org.au/wp-content/themes/qei/fonts/slick.woff:
2026-08-31 10:15:52 ERROR 404: Not Found.
https://qei.org.au/wp-content/themes/qei/fonts/slick.ttf:
2026-08-31 10:15:53 ERROR 404: Not Found.
https://qei.org.au/wp-content/themes/qei/fonts/slick.svg:
2026-08-31 10:15:55 ERROR 404: Not Found.
2026-08-31 10:15:55 URL:https://qei.org.au/news/qei-clinic-reveals-cutting-edge-cross-linking-technology/ [115812] -> "raw-site/qei.org.au/news/qei-clinic-reveals-cutting-edge-cross-linking-technology/index.html" [1]
2026-08-31 10:15:56 URL:https://qei.org.au/wp-content/themes/qei/css/custom-styles.css?ver=1788169848 [140055/140055] -> "raw-site/qei.org.au/wp-content/themes/qei/css/custom-styles.css@ver=1788169848.css" [1]
2026-08-31 10:15:56 URL:https://qei.org.au/wp-content/uploads/2020/01/Doctors-with-new-machine-1430x1073.jpg [190566/190566] -> "raw-site/qei.org.au/wp-content/uploads/2020/01/Doctors-with-new-machine-1430x1073.jpg" [1]
https://qei.org.au/wp-content/themes/qei/css/owl.video.play.png:
2026-08-31 10:15:57 ERROR 404: Not Found.
https://qei.org.au/wp-content/themes/qei/fonts/slick.eot:
2026-08-31 10:15:59 ERROR 404: Not Found.
https://qei.org.au/wp-content/themes/qei/fonts/slick.eot?:
2026-08-31 10:16:00 ERROR 404: Not Found.
https://qei.org.au/wp-content/themes/qei/fonts/slick.woff:
2026-08-31 10:16:01 ERROR 404: Not Found.
https://qei.org.au/wp-content/themes/qei/fonts/slick.ttf:
2026-08-31 10:16:03 ERROR 404: Not Found.
https://qei.org.au/wp-content/themes/qei/fonts/slick.svg:
2026-08-31 10:16:04 ERROR 404: Not Found.
2026-08-31 10:16:04 URL:https://qei.org.au/news/qei-education-pays-dividends/ [131638] -> "raw-site/qei.org.au/news/qei-education-pays-dividends/index.html" [1]
2026-08-31 10:16:05 URL:https://qei.org.au/wp-content/themes/qei/css/custom-styles.css?ver=1788163533 [140055/140055] -> "raw-site/qei.org.au/wp-content/themes/qei/css/custom-styles.css@ver=1788163533.css" [1]
2026-08-31 10:16:05 URL:https://qei.org.au/wp-content/uploads/2024/01/Dr-Jonathon-Lai-crop.jpg [22681/22681] -> "raw-site/qei.org.au/wp-content/uploads/2024/01/Dr-Jonathon-Lai-crop.jpg" [1]
2026-08-31 10:16:06 URL:https://qei.org.au/wp-content/uploads/2024/04/20240220OptomSkills1.jpg [1043619/1043619] -> "raw-site/qei.org.au/wp-content/uploads/2024/04/20240220OptomSkills1.jpg" [1]
2026-08-31 10:16:07 URL:https://qei.org.au/wp-content/uploads/2024/04/20240220OptomSkills1-300x200.jpg [16485/16485] -> "raw-site/qei.org.au/wp-content/uploads/2024/04/20240220OptomSkills1-300x200.jpg" [1]
2026-08-31 10:16:07 URL:https://qei.org.au/wp-content/uploads/2024/04/20240220OptomSkills1-1024x683.jpg [115875/115875] -> "raw-site/qei.org.au/wp-content/uploads/2024/04/20240220OptomSkills1-1024x683.jpg" [1]
2026-08-31 10:16:08 URL:https://qei.org.au/wp-content/uploads/2024/04/20240220OptomSkills1-768x512.jpg [72098/72098] -> "raw-site/qei.org.au/wp-content/uploads/2024/04/20240220OptomSkills1-768x512.jpg" [1]
2026-08-31 10:16:08 URL:https://qei.org.au/wp-content/uploads/2024/04/20240220OptomSkills1-1536x1024.jpg [228483/228483] -> "raw-site/qei.org.au/wp-content/uploads/2024/04/20240220OptomSkills1-1536x1024.jpg" [1]
2026-08-31 10:16:09 URL:https://qei.org.au/wp-content/uploads/2024/04/20240220OptomSkills1-2048x1366.jpg [379429/379429] -> "raw-site/qei.org.au/wp-content/uploads/2024/04/20240220OptomSkills1-2048x1366.jpg" [1]
2026-08-31 10:16:09 URL:https://qei.org.au/wp-content/uploads/2024/04/20240220OptomSkills1-1430x954.jpg [202851/202851] -> "raw-site/qei.org.au/wp-content/uploads/2024/04/20240220OptomSkills1-1430x954.jpg" [1]
2026-08-31 10:16:10 URL:https://qei.org.au/wp-content/uploads/2024/04/20240220OptomSkills1-800x533.jpg [77381/77381] -> "raw-site/qei.org.au/wp-content/uploads/2024/04/20240220OptomSkills1-800x533.jpg" [1]
2026-08-31 10:16:10 URL:https://qei.org.au/wp-content/uploads/2024/04/20240220OptomSkills1-400x267.jpg [25955/25955] -> "raw-site/qei.org.au/wp-content/uploads/2024/04/20240220OptomSkills1-400x267.jpg" [1]
https://qei.org.au/wp-content/themes/qei/css/owl.video.play.png:
2026-08-31 10:16:11 ERROR 404: Not Found.
https://qei.org.au/wp-content/themes/qei/fonts/slick.eot:
2026-08-31 10:16:13 ERROR 404: Not Found.
https://qei.org.au/wp-content/themes/qei/fonts/slick.eot?:
2026-08-31 10:16:14 ERROR 404: Not Found.
https://qei.org.au/wp-content/themes/qei/fonts/slick.woff:
2026-08-31 10:16:15 ERROR 404: Not Found.
https://qei.org.au/wp-content/themes/qei/fonts/slick.ttf:
2026-08-31 10:16:17 ERROR 404: Not Found.
https://qei.org.au/wp-content/themes/qei/fonts/slick.svg:
2026-08-31 10:16:18 ERROR 404: Not Found.
2026-08-31 10:16:19 URL:https://qei.org.au/news/qeif-welcomes-three-research-interns-from-france/ [113817] -> "raw-site/qei.org.au/news/qeif-welcomes-three-research-interns-from-france/index.html" [1]
2026-08-31 10:16:19 URL:https://qei.org.au/wp-content/themes/qei/css/custom-styles.css?ver=1788133858 [140055/140055] -> "raw-site/qei.org.au/wp-content/themes/qei/css/custom-styles.css@ver=1788133858.css" [1]
2026-08-31 10:16:20 URL:https://qei.org.au/wp-content/uploads/2019/09/IMG_20190716_111337-1430x1073.jpg [230173/230173] -> "raw-site/qei.org.au/wp-content/uploads/2019/09/IMG_20190716_111337-1430x1073.jpg" [1]
https://qei.org.au/wp-content/themes/qei/css/owl.video.play.png:
2026-08-31 10:16:21 ERROR 404: Not Found.
https://qei.org.au/wp-content/themes/qei/fonts/slick.eot:
2026-08-31 10:16:22 ERROR 404: Not Found.
https://qei.org.au/wp-content/themes/qei/fonts/slick.eot?:
2026-08-31 10:16:23 ERROR 404: Not Found.
https://qei.org.au/wp-content/themes/qei/fonts/slick.woff:
2026-08-31 10:16:25 ERROR 404: Not Found.
https://qei.org.au/wp-content/themes/qei/fonts/slick.ttf:
2026-08-31 10:16:26 ERROR 404: Not Found.
https://qei.org.au/wp-content/themes/qei/fonts/slick.svg:
2026-08-31 10:16:27 ERROR 404: Not Found.
2026-08-31 10:16:28 URL:https://qei.org.au/news/qeifs-ceo-talks-last-seen/ [115522] -> "raw-site/qei.org.au/news/qeifs-ceo-talks-last-seen/index.html" [1]
2026-08-31 10:16:28 URL:https://qei.org.au/wp-content/themes/qei/css/custom-styles.css?ver=1788169851 [140055/140055] -> "raw-site/qei.org.au/wp-content/themes/qei/css/custom-styles.css@ver=1788169851.css" [1]
2026-08-31 10:16:29 URL:https://qei.org.au/wp-content/uploads/2019/08/IMG_5302-1430x1073.jpg [265922/265922] -> "raw-site/qei.org.au/wp-content/uploads/2019/08/IMG_5302-1430x1073.jpg" [1]
https://qei.org.au/wp-content/themes/qei/css/owl.video.play.png:
2026-08-31 10:16:30 ERROR 404: Not Found.
https://qei.org.au/wp-content/themes/qei/fonts/slick.eot:
2026-08-31 10:16:31 ERROR 404: Not Found.
https://qei.org.au/wp-content/themes/qei/fonts/slick.eot?:
2026-08-31 10:16:33 ERROR 404: Not Found.
https://qei.org.au/wp-content/themes/qei/fonts/slick.woff:
2026-08-31 10:16:34 ERROR 404: Not Found.
https://qei.org.au/wp-content/themes/qei/fonts/slick.ttf:
2026-08-31 10:16:35 ERROR 404: Not Found.
https://qei.org.au/wp-content/themes/qei/fonts/slick.svg:
2026-08-31 10:16:37 ERROR 404: Not Found.
2026-08-31 10:16:37 URL:https://qei.org.au/news/qeis-dr-alexandra-manta-wins-awards/ [116839] -> "raw-site/qei.org.au/news/qeis-dr-alexandra-manta-wins-awards/index.html" [1]
2026-08-31 10:16:38 URL:https://qei.org.au/wp-content/themes/qei/css/custom-styles.css?ver=1788137511 [140055/140055] -> "raw-site/qei.org.au/wp-content/themes/qei/css/custom-styles.css@ver=1788137511.css" [1]
2026-08-31 10:16:38 URL:https://qei.org.au/wp-content/uploads/2026/01/PHOTO-2025-11-20-10-10-15-1073x1430.jpg [243018/243018] -> "raw-site/qei.org.au/wp-content/uploads/2026/01/PHOTO-2025-11-20-10-10-15-1073x1430.jpg" [1]
2026-08-31 10:16:39 URL:https://qei.org.au/wp-content/uploads/2026/01/Alexandra-Manta-RANZCO-award-for-excellence-in-training-Oct25-1024x768.jpg [131566/131566] -> "raw-site/qei.org.au/wp-content/uploads/2026/01/Alexandra-Manta-RANZCO-award-for-excellence-in-training-Oct25-1024x768.jpg" [1]
2026-08-31 10:16:39 URL:https://qei.org.au/wp-content/uploads/2026/01/Alexandra-Manta-RANZCO-award-for-excellence-in-training-Oct25-300x225.jpg [18652/18652] -> "raw-site/qei.org.au/wp-content/uploads/2026/01/Alexandra-Manta-RANZCO-award-for-excellence-in-training-Oct25-300x225.jpg" [1]
2026-08-31 10:16:40 URL:https://qei.org.au/wp-content/uploads/2026/01/Alexandra-Manta-RANZCO-award-for-excellence-in-training-Oct25-768x576.jpg [83008/83008] -> "raw-site/qei.org.au/wp-content/uploads/2026/01/Alexandra-Manta-RANZCO-award-for-excellence-in-training-Oct25-768x576.jpg" [1]
2026-08-31 10:16:40 URL:https://qei.org.au/wp-content/uploads/2026/01/Alexandra-Manta-RANZCO-award-for-excellence-in-training-Oct25-1536x1152.jpg [249178/249178] -> "raw-site/qei.org.au/wp-content/uploads/2026/01/Alexandra-Manta-RANZCO-award-for-excellence-in-training-Oct25-1536x1152.jpg" [1]
2026-08-31 10:16:41 URL:https://qei.org.au/wp-content/uploads/2026/01/Alexandra-Manta-RANZCO-award-for-excellence-in-training-Oct25-1430x1073.jpg [225518/225518] -> "raw-site/qei.org.au/wp-content/uploads/2026/01/Alexandra-Manta-RANZCO-award-for-excellence-in-training-Oct25-1430x1073.jpg" [1]
2026-08-31 10:16:41 URL:https://qei.org.au/wp-content/uploads/2026/01/Alexandra-Manta-RANZCO-award-for-excellence-in-training-Oct25-800x600.jpg [88521/88521] -> "raw-site/qei.org.au/wp-content/uploads/2026/01/Alexandra-Manta-RANZCO-award-for-excellence-in-training-Oct25-800x600.jpg" [1]
2026-08-31 10:16:42 URL:https://qei.org.au/wp-content/uploads/2026/01/Alexandra-Manta-RANZCO-award-for-excellence-in-training-Oct25-400x300.jpg [28925/28925] -> "raw-site/qei.org.au/wp-content/uploads/2026/01/Alexandra-Manta-RANZCO-award-for-excellence-in-training-Oct25-400x300.jpg" [1]
2026-08-31 10:16:42 URL:https://qei.org.au/wp-content/uploads/2026/01/Alexandra-Manta-RANZCO-award-for-excellence-in-training-Oct25.jpg [547153/547153] -> "raw-site/qei.org.au/wp-content/uploads/2026/01/Alexandra-Manta-RANZCO-award-for-excellence-in-training-Oct25.jpg" [1]
https://qei.org.au/wp-content/themes/qei/css/owl.video.play.png:
2026-08-31 10:16:44 ERROR 404: Not Found.
https://qei.org.au/wp-content/themes/qei/fonts/slick.eot:
2026-08-31 10:16:45 ERROR 404: Not Found.
https://qei.org.au/wp-content/themes/qei/fonts/slick.eot?:
2026-08-31 10:16:46 ERROR 404: Not Found.
https://qei.org.au/wp-content/themes/qei/fonts/slick.woff:
2026-08-31 10:16:47 ERROR 404: Not Found.
https://qei.org.au/wp-content/themes/qei/fonts/slick.ttf:
2026-08-31 10:16:49 ERROR 404: Not Found.
https://qei.org.au/wp-content/themes/qei/fonts/slick.svg:
2026-08-31 10:16:50 ERROR 404: Not Found.
2026-08-31 10:16:50 URL:https://qei.org.au/news/queensland-eye-institute-moves-to-new-premises-and-sets-sights-on-vision-for-the-future/ [116819] -> "raw-site/qei.org.au/news/queensland-eye-institute-moves-to-new-premises-and-sets-sights-on-vision-for-the-future/index.html" [1]
2026-08-31 10:16:51 URL:https://qei.org.au/wp-content/themes/qei/css/custom-styles.css?ver=1788163205 [140055/140055] -> "raw-site/qei.org.au/wp-content/themes/qei/css/custom-styles.css@ver=1788163205.css" [1]
2026-08-31 10:16:52 URL:https://qei.org.au/wp-content/uploads/2015/06/QEI_0618_web-677x450.jpg [20792/20792] -> "raw-site/qei.org.au/wp-content/uploads/2015/06/QEI_0618_web-677x450.jpg" [1]
https://qei.org.au/wp-content/themes/qei/css/owl.video.play.png:
2026-08-31 10:16:53 ERROR 404: Not Found.
https://qei.org.au/wp-content/themes/qei/fonts/slick.eot:
2026-08-31 10:16:54 ERROR 404: Not Found.
https://qei.org.au/wp-content/themes/qei/fonts/slick.eot?:
2026-08-31 10:16:55 ERROR 404: Not Found.
https://qei.org.au/wp-content/themes/qei/fonts/slick.woff:
2026-08-31 10:16:57 ERROR 404: Not Found.
https://qei.org.au/wp-content/themes/qei/fonts/slick.ttf:
2026-08-31 10:16:58 ERROR 404: Not Found.
https://qei.org.au/wp-content/themes/qei/fonts/slick.svg:
2026-08-31 10:16:59 ERROR 404: Not Found.
2026-08-31 10:17:00 URL:https://qei.org.au/news/queensland-first-glaucoma-treatment-device/ [115590] -> "raw-site/qei.org.au/news/queensland-first-glaucoma-treatment-device/index.html" [1]
2026-08-31 10:17:00 URL:https://qei.org.au/wp-content/themes/qei/css/custom-styles.css?ver=1788133909 [140055/140055] -> "raw-site/qei.org.au/wp-content/themes/qei/css/custom-styles.css@ver=1788133909.css" [1]
2026-08-31 10:17:01 URL:https://qei.org.au/wp-content/uploads/2024/01/Dr-Geoff-Ryan-1430x1073.jpg [282202/282202] -> "raw-site/qei.org.au/wp-content/uploads/2024/01/Dr-Geoff-Ryan-1430x1073.jpg" [1]
2026-08-31 10:17:01 URL:https://qei.org.au/wp-content/uploads/2024/01/iSTAR-MINIject-2400x1268-1.png [919212/919212] -> "raw-site/qei.org.au/wp-content/uploads/2024/01/iSTAR-MINIject-2400x1268-1.png" [1]
2026-08-31 10:17:02 URL:https://qei.org.au/wp-content/uploads/2024/01/iSTAR-MINIject-2400x1268-1-300x159.png [62722/62722] -> "raw-site/qei.org.au/wp-content/uploads/2024/01/iSTAR-MINIject-2400x1268-1-300x159.png" [1]
2026-08-31 10:17:02 URL:https://qei.org.au/wp-content/uploads/2024/01/iSTAR-MINIject-2400x1268-1-1024x541.png [671362/671362] -> "raw-site/qei.org.au/wp-content/uploads/2024/01/iSTAR-MINIject-2400x1268-1-1024x541.png" [1]
2026-08-31 10:17:03 URL:https://qei.org.au/wp-content/uploads/2024/01/iSTAR-MINIject-2400x1268-1-768x406.png [381586/381586] -> "raw-site/qei.org.au/wp-content/uploads/2024/01/iSTAR-MINIject-2400x1268-1-768x406.png" [1]
2026-08-31 10:17:04 URL:https://qei.org.au/wp-content/uploads/2024/01/iSTAR-MINIject-2400x1268-1-1536x812.png [1458835/1458835] -> "raw-site/qei.org.au/wp-content/uploads/2024/01/iSTAR-MINIject-2400x1268-1-1536x812.png" [1]
2026-08-31 10:17:04 URL:https://qei.org.au/wp-content/uploads/2024/01/iSTAR-MINIject-2400x1268-1-2048x1082.png [2469767/2469767] -> "raw-site/qei.org.au/wp-content/uploads/2024/01/iSTAR-MINIject-2400x1268-1-2048x1082.png" [1]
2026-08-31 10:17:05 URL:https://qei.org.au/wp-content/uploads/2024/01/iSTAR-MINIject-2400x1268-1-1430x756.png [1274583/1274583] -> "raw-site/qei.org.au/wp-content/uploads/2024/01/iSTAR-MINIject-2400x1268-1-1430x756.png" [1]
2026-08-31 10:17:05 URL:https://qei.org.au/wp-content/uploads/2024/01/iSTAR-MINIject-2400x1268-1-800x423.png [419833/419833] -> "raw-site/qei.org.au/wp-content/uploads/2024/01/iSTAR-MINIject-2400x1268-1-800x423.png" [1]
2026-08-31 10:17:06 URL:https://qei.org.au/wp-content/uploads/2024/01/iSTAR-MINIject-2400x1268-1-400x211.png [106869/106869] -> "raw-site/qei.org.au/wp-content/uploads/2024/01/iSTAR-MINIject-2400x1268-1-400x211.png" [1]
https://qei.org.au/wp-content/themes/qei/css/owl.video.play.png:
2026-08-31 10:17:07 ERROR 404: Not Found.
https://qei.org.au/wp-content/themes/qei/fonts/slick.eot:
2026-08-31 10:17:08 ERROR 404: Not Found.
https://qei.org.au/wp-content/themes/qei/fonts/slick.eot?:
2026-08-31 10:17:10 ERROR 404: Not Found.
https://qei.org.au/wp-content/themes/qei/fonts/slick.woff:
2026-08-31 10:17:11 ERROR 404: Not Found.
https://qei.org.au/wp-content/themes/qei/fonts/slick.ttf:
2026-08-31 10:17:12 ERROR 404: Not Found.
https://qei.org.au/wp-content/themes/qei/fonts/slick.svg:
2026-08-31 10:17:13 ERROR 404: Not Found.
2026-08-31 10:17:14 URL:https://qei.org.au/news/queenslanders-urged-to-not-neglect-vital-eye-appointments-out-of-covid-19-fears/ [115478] -> "raw-site/qei.org.au/news/queenslanders-urged-to-not-neglect-vital-eye-appointments-out-of-covid-19-fears/index.html" [1]
2026-08-31 10:17:14 URL:https://qei.org.au/wp-content/themes/qei/css/custom-styles.css?ver=1788169914 [140055/140055] -> "raw-site/qei.org.au/wp-content/themes/qei/css/custom-styles.css@ver=1788169914.css" [1]
2026-08-31 10:17:15 URL:https://qei.org.au/wp-content/uploads/2020/05/Dr-Kwan-Channel-9-interview-1430x831.jpg [134445/134445] -> "raw-site/qei.org.au/wp-content/uploads/2020/05/Dr-Kwan-Channel-9-interview-1430x831.jpg" [1]
https://qei.org.au/wp-content/themes/qei/css/owl.video.play.png:
2026-08-31 10:17:16 ERROR 404: Not Found.
https://qei.org.au/wp-content/themes/qei/fonts/slick.eot:
2026-08-31 10:17:18 ERROR 404: Not Found.
https://qei.org.au/wp-content/themes/qei/fonts/slick.eot?:
2026-08-31 10:17:19 ERROR 404: Not Found.
https://qei.org.au/wp-content/themes/qei/fonts/slick.woff:
2026-08-31 10:17:20 ERROR 404: Not Found.
https://qei.org.au/wp-content/themes/qei/fonts/slick.ttf:
2026-08-31 10:17:21 ERROR 404: Not Found.
https://qei.org.au/wp-content/themes/qei/fonts/slick.svg:
2026-08-31 10:17:23 ERROR 404: Not Found.
2026-08-31 10:17:23 URL:https://qei.org.au/news/repairing-damaged-eye-tissue-in-amd-steps-towards-the-holy-grail/ [117606] -> "raw-site/qei.org.au/news/repairing-damaged-eye-tissue-in-amd-steps-towards-the-holy-grail/index.html" [1]
2026-08-31 10:17:24 URL:https://qei.org.au/wp-content/themes/qei/css/custom-styles.css?ver=1788163059 [140055/140055] -> "raw-site/qei.org.au/wp-content/themes/qei/css/custom-styles.css@ver=1788163059.css" [1]
2026-08-31 10:17:24 URL:https://qei.org.au/wp-content/uploads/2019/02/QEI_0111_web-674x450.jpg [31595/31595] -> "raw-site/qei.org.au/wp-content/uploads/2019/02/QEI_0111_web-674x450.jpg" [1]
https://qei.org.au/wp-content/themes/qei/css/owl.video.play.png:
2026-08-31 10:17:26 ERROR 404: Not Found.
https://qei.org.au/wp-content/themes/qei/fonts/slick.eot:
2026-08-31 10:17:27 ERROR 404: Not Found.
https://qei.org.au/wp-content/themes/qei/fonts/slick.eot?:
2026-08-31 10:17:28 ERROR 404: Not Found.
https://qei.org.au/wp-content/themes/qei/fonts/slick.woff:
2026-08-31 10:17:29 ERROR 404: Not Found.
https://qei.org.au/wp-content/themes/qei/fonts/slick.ttf:
2026-08-31 10:17:31 ERROR 404: Not Found.
https://qei.org.au/wp-content/themes/qei/fonts/slick.svg:
2026-08-31 10:17:32 ERROR 404: Not Found.
2026-08-31 10:17:33 URL:https://qei.org.au/news/research-on-treating-blindness-caused-by-dermal-fillers/ [113907] -> "raw-site/qei.org.au/news/research-on-treating-blindness-caused-by-dermal-fillers/index.html" [1]
2026-08-31 10:17:33 URL:https://qei.org.au/wp-content/themes/qei/css/custom-styles.css?ver=1788137405 [140055/140055] -> "raw-site/qei.org.au/wp-content/themes/qei/css/custom-styles.css@ver=1788137405.css" [1]
2026-08-31 10:17:34 URL:https://qei.org.au/wp-content/uploads/2025/03/AdobeStock_50428166_resized-for-feature.jpg [325072/325072] -> "raw-site/qei.org.au/wp-content/uploads/2025/03/AdobeStock_50428166_resized-for-feature.jpg" [1]
https://qei.org.au/wp-content/themes/qei/css/owl.video.play.png:
2026-08-31 10:17:35 ERROR 404: Not Found.
https://qei.org.au/wp-content/themes/qei/fonts/slick.eot:
2026-08-31 10:17:36 ERROR 404: Not Found.
https://qei.org.au/wp-content/themes/qei/fonts/slick.eot?:
2026-08-31 10:17:38 ERROR 404: Not Found.
https://qei.org.au/wp-content/themes/qei/fonts/slick.woff:
2026-08-31 10:17:39 ERROR 404: Not Found.
https://qei.org.au/wp-content/themes/qei/fonts/slick.ttf:
2026-08-31 10:17:40 ERROR 404: Not Found.
https://qei.org.au/wp-content/themes/qei/fonts/slick.svg:
2026-08-31 10:17:41 ERROR 404: Not Found.
2026-08-31 10:17:42 URL:https://qei.org.au/news/retinal-eye-disease-first-for-qei-clinic/ [116106] -> "raw-site/qei.org.au/news/retinal-eye-disease-first-for-qei-clinic/index.html" [1]
2026-08-31 10:17:42 URL:https://qei.org.au/wp-content/themes/qei/css/custom-styles.css?ver=1788163203 [140055/140055] -> "raw-site/qei.org.au/wp-content/themes/qei/css/custom-styles.css@ver=1788163203.css" [1]
2026-08-31 10:17:43 URL:https://qei.org.au/wp-content/uploads/2019/03/QEI_0078_web-674x450.jpg [33851/33851] -> "raw-site/qei.org.au/wp-content/uploads/2019/03/QEI_0078_web-674x450.jpg" [1]
2026-08-31 10:17:44 URL:https://qei.org.au/wp-content/uploads/2019/02/sharma2smaller-225x300.jpg [13974/13974] -> "raw-site/qei.org.au/wp-content/uploads/2019/02/sharma2smaller-225x300.jpg" [1]
2026-08-31 10:17:44 URL:https://qei.org.au/wp-content/uploads/2019/02/sharma2smaller-768x1024.jpg [83806/83806] -> "raw-site/qei.org.au/wp-content/uploads/2019/02/sharma2smaller-768x1024.jpg" [1]
2026-08-31 10:17:45 URL:https://qei.org.au/wp-content/uploads/2019/02/sharma2smaller-338x450.jpg [25350/25350] -> "raw-site/qei.org.au/wp-content/uploads/2019/02/sharma2smaller-338x450.jpg" [1]
2026-08-31 10:17:45 URL:https://qei.org.au/wp-content/uploads/2019/02/sharma2smaller.jpg [94389/94389] -> "raw-site/qei.org.au/wp-content/uploads/2019/02/sharma2smaller.jpg" [1]
https://qei.org.au/wp-content/themes/qei/css/owl.video.play.png:
2026-08-31 10:17:46 ERROR 404: Not Found.
https://qei.org.au/wp-content/themes/qei/fonts/slick.eot:
2026-08-31 10:17:48 ERROR 404: Not Found.
https://qei.org.au/wp-content/themes/qei/fonts/slick.eot?:
2026-08-31 10:17:49 ERROR 404: Not Found.
https://qei.org.au/wp-content/themes/qei/fonts/slick.woff:
2026-08-31 10:17:50 ERROR 404: Not Found.
https://qei.org.au/wp-content/themes/qei/fonts/slick.ttf:
2026-08-31 10:17:51 ERROR 404: Not Found.
https://qei.org.au/wp-content/themes/qei/fonts/slick.svg:
2026-08-31 10:17:53 ERROR 404: Not Found.
2026-08-31 10:17:53 URL:https://qei.org.au/news/revolutionizing-treatment-for-keratoconus/ [116447] -> "raw-site/qei.org.au/news/revolutionizing-treatment-for-keratoconus/index.html" [1]
2026-08-31 10:17:54 URL:https://qei.org.au/wp-content/themes/qei/css/custom-styles.css?ver=1788137457 [140055/140055] -> "raw-site/qei.org.au/wp-content/themes/qei/css/custom-styles.css@ver=1788137457.css" [1]
2026-08-31 10:17:54 URL:https://qei.org.au/wp-content/uploads/2025/08/shutterstock_220581238-1430x953.jpg [93575/93575] -> "raw-site/qei.org.au/wp-content/uploads/2025/08/shutterstock_220581238-1430x953.jpg" [1]
https://qei.org.au/wp-content/themes/qei/css/owl.video.play.png:
2026-08-31 10:17:56 ERROR 404: Not Found.
https://qei.org.au/wp-content/themes/qei/fonts/slick.eot:
2026-08-31 10:17:57 ERROR 404: Not Found.
https://qei.org.au/wp-content/themes/qei/fonts/slick.eot?:
2026-08-31 10:17:58 ERROR 404: Not Found.
https://qei.org.au/wp-content/themes/qei/fonts/slick.woff:
2026-08-31 10:17:59 ERROR 404: Not Found.
https://qei.org.au/wp-content/themes/qei/fonts/slick.ttf:
2026-08-31 10:18:01 ERROR 404: Not Found.
https://qei.org.au/wp-content/themes/qei/fonts/slick.svg:
2026-08-31 10:18:02 ERROR 404: Not Found.
2026-08-31 10:18:02 URL:https://qei.org.au/news/run-for-eye-health/ [114652] -> "raw-site/qei.org.au/news/run-for-eye-health/index.html" [1]
2026-08-31 10:18:03 URL:https://qei.org.au/wp-content/themes/qei/css/custom-styles.css?ver=1788163200 [140055/140055] -> "raw-site/qei.org.au/wp-content/themes/qei/css/custom-styles.css@ver=1788163200.css" [1]
2026-08-31 10:18:04 URL:https://qei.org.au/wp-content/uploads/2019/02/run.jpg [47634/47634] -> "raw-site/qei.org.au/wp-content/uploads/2019/02/run.jpg" [1]
2026-08-31 10:18:04 URL:https://qei.org.au/wp-content/uploads/2019/02/run-image.jpg [54893/54893] -> "raw-site/qei.org.au/wp-content/uploads/2019/02/run-image.jpg" [1]
2026-08-31 10:18:05 URL:https://qei.org.au/wp-content/uploads/2019/02/run-image-300x256.jpg [20021/20021] -> "raw-site/qei.org.au/wp-content/uploads/2019/02/run-image-300x256.jpg" [1]
https://qei.org.au/wp-content/themes/qei/css/owl.video.play.png:
2026-08-31 10:18:06 ERROR 404: Not Found.
https://qei.org.au/wp-content/themes/qei/fonts/slick.eot:
2026-08-31 10:18:07 ERROR 404: Not Found.
https://qei.org.au/wp-content/themes/qei/fonts/slick.eot?:
2026-08-31 10:18:08 ERROR 404: Not Found.
https://qei.org.au/wp-content/themes/qei/fonts/slick.woff:
2026-08-31 10:18:10 ERROR 404: Not Found.
https://qei.org.au/wp-content/themes/qei/fonts/slick.ttf:
2026-08-31 10:18:11 ERROR 404: Not Found.
https://qei.org.au/wp-content/themes/qei/fonts/slick.svg:
2026-08-31 10:18:12 ERROR 404: Not Found.
2026-08-31 10:18:13 URL:https://qei.org.au/news/saving-sight-with-electrophysiology/ [117101] -> "raw-site/qei.org.au/news/saving-sight-with-electrophysiology/index.html" [1]
2026-08-31 10:18:13 URL:https://qei.org.au/wp-content/themes/qei/css/custom-styles.css?ver=1788169932 [140055/140055] -> "raw-site/qei.org.au/wp-content/themes/qei/css/custom-styles.css@ver=1788169932.css" [1]
2026-08-31 10:18:14 URL:https://qei.org.au/wp-content/uploads/2019/02/qedic-procedures-675x450.png [512319/512319] -> "raw-site/qei.org.au/wp-content/uploads/2019/02/qedic-procedures-675x450.png" [1]
2026-08-31 10:18:14 URL:https://qei.org.au/wp-content/uploads/2019/02/qedic-procedures.png [369588/369588] -> "raw-site/qei.org.au/wp-content/uploads/2019/02/qedic-procedures.png" [1]
2026-08-31 10:18:15 URL:https://qei.org.au/wp-content/uploads/2019/02/qedic-procedures-300x200.png [111922/111922] -> "raw-site/qei.org.au/wp-content/uploads/2019/02/qedic-procedures-300x200.png" [1]
2026-08-31 10:18:15 URL:https://qei.org.au/wp-content/uploads/2019/02/qedic-procedures-768x512.png [640531/640531] -> "raw-site/qei.org.au/wp-content/uploads/2019/02/qedic-procedures-768x512.png" [1]
2026-08-31 10:18:16 URL:https://qei.org.au/wp-content/uploads/2019/02/qedic-procedures-1024x683.png [1122357/1122357] -> "raw-site/qei.org.au/wp-content/uploads/2019/02/qedic-procedures-1024x683.png" [1]
https://qei.org.au/wp-content/themes/qei/css/owl.video.play.png:
2026-08-31 10:18:17 ERROR 404: Not Found.
https://qei.org.au/wp-content/themes/qei/fonts/slick.eot:
2026-08-31 10:18:19 ERROR 404: Not Found.
https://qei.org.au/wp-content/themes/qei/fonts/slick.eot?:
2026-08-31 10:18:20 ERROR 404: Not Found.
https://qei.org.au/wp-content/themes/qei/fonts/slick.woff:
2026-08-31 10:18:21 ERROR 404: Not Found.
https://qei.org.au/wp-content/themes/qei/fonts/slick.ttf:
2026-08-31 10:18:22 ERROR 404: Not Found.
https://qei.org.au/wp-content/themes/qei/fonts/slick.svg:
2026-08-31 10:18:24 ERROR 404: Not Found.
2026-08-31 10:18:24 URL:https://qei.org.au/news/selective-laser-trabeculoplasty-a-gentler-non-invasive-laser-treatment-for-glaucoma/ [116399] -> "raw-site/qei.org.au/news/selective-laser-trabeculoplasty-a-gentler-non-invasive-laser-treatment-for-glaucoma/index.html" [1]
2026-08-31 10:18:25 URL:https://qei.org.au/wp-content/themes/qei/css/custom-styles.css?ver=1788169954 [140055/140055] -> "raw-site/qei.org.au/wp-content/themes/qei/css/custom-styles.css@ver=1788169954.css" [1]
2026-08-31 10:18:25 URL:https://qei.org.au/wp-content/uploads/2025/08/shutterstock_225098761-1430x953.jpg [150727/150727] -> "raw-site/qei.org.au/wp-content/uploads/2025/08/shutterstock_225098761-1430x953.jpg" [1]
https://qei.org.au/wp-content/themes/qei/css/owl.video.play.png:
2026-08-31 10:18:27 ERROR 404: Not Found.
https://qei.org.au/wp-content/themes/qei/fonts/slick.eot:
2026-08-31 10:18:28 ERROR 404: Not Found.
https://qei.org.au/wp-content/themes/qei/fonts/slick.eot?:
2026-08-31 10:18:29 ERROR 404: Not Found.
https://qei.org.au/wp-content/themes/qei/fonts/slick.woff:
2026-08-31 10:18:30 ERROR 404: Not Found.
https://qei.org.au/wp-content/themes/qei/fonts/slick.ttf:
2026-08-31 10:18:32 ERROR 404: Not Found.
https://qei.org.au/wp-content/themes/qei/fonts/slick.svg:
2026-08-31 10:18:33 ERROR 404: Not Found.
2026-08-31 10:18:34 URL:https://qei.org.au/news/spring-issue-out-now/ [114328] -> "raw-site/qei.org.au/news/spring-issue-out-now/index.html" [1]
2026-08-31 10:18:34 URL:https://qei.org.au/wp-content/themes/qei/css/custom-styles.css?ver=1788133901 [140055/140055] -> "raw-site/qei.org.au/wp-content/themes/qei/css/custom-styles.css@ver=1788133901.css" [1]
2026-08-31 10:18:35 URL:https://qei.org.au/wp-content/uploads/2023/08/Front-cover-of-Eyecure-Spring-2023.png [265899/265899] -> "raw-site/qei.org.au/wp-content/uploads/2023/08/Front-cover-of-Eyecure-Spring-2023.png" [1]
2026-08-31 10:18:35 URL:https://qei.org.au/wp-content/uploads/2023/08/Front-cover-of-Eyecure-Spring-2023-210x300.png [92274/92274] -> "raw-site/qei.org.au/wp-content/uploads/2023/08/Front-cover-of-Eyecure-Spring-2023-210x300.png" [1]
https://qei.org.au/wp-content/themes/qei/css/owl.video.play.png:
2026-08-31 10:18:37 ERROR 404: Not Found.
https://qei.org.au/wp-content/themes/qei/fonts/slick.eot:
2026-08-31 10:18:38 ERROR 404: Not Found.
https://qei.org.au/wp-content/themes/qei/fonts/slick.eot?:
2026-08-31 10:18:39 ERROR 404: Not Found.
https://qei.org.au/wp-content/themes/qei/fonts/slick.woff:
2026-08-31 10:18:40 ERROR 404: Not Found.
https://qei.org.au/wp-content/themes/qei/fonts/slick.ttf:
2026-08-31 10:18:42 ERROR 404: Not Found.
https://qei.org.au/wp-content/themes/qei/fonts/slick.svg:
2026-08-31 10:18:43 ERROR 404: Not Found.
2026-08-31 10:18:44 URL:https://qei.org.au/news/star-student-giving-back-to-qei-research-program/ [130196] -> "raw-site/qei.org.au/news/star-student-giving-back-to-qei-research-program/index.html" [1]
2026-08-31 10:18:44 URL:https://qei.org.au/wp-content/themes/qei/css/custom-styles.css?ver=1788133840 [140055/140055] -> "raw-site/qei.org.au/wp-content/themes/qei/css/custom-styles.css@ver=1788133840.css" [1]
2026-08-31 10:18:45 URL:https://qei.org.au/wp-content/uploads/2023/06/Eva-Susanto-with-QEI-researchers.jpg [422072/422072] -> "raw-site/qei.org.au/wp-content/uploads/2023/06/Eva-Susanto-with-QEI-researchers.jpg" [1]
https://qei.org.au/wp-content/themes/qei/css/owl.video.play.png:
2026-08-31 10:18:46 ERROR 404: Not Found.
https://qei.org.au/wp-content/themes/qei/fonts/slick.eot:
2026-08-31 10:18:47 ERROR 404: Not Found.
https://qei.org.au/wp-content/themes/qei/fonts/slick.eot?:
2026-08-31 10:18:49 ERROR 404: Not Found.
https://qei.org.au/wp-content/themes/qei/fonts/slick.woff:
2026-08-31 10:18:50 ERROR 404: Not Found.
https://qei.org.au/wp-content/themes/qei/fonts/slick.ttf:
2026-08-31 10:18:52 ERROR 404: Not Found.
https://qei.org.au/wp-content/themes/qei/fonts/slick.svg:
2026-08-31 10:18:53 ERROR 404: Not Found.
2026-08-31 10:18:53 URL:https://qei.org.au/news/strengthening-bonds-with-romanian-research-colleagues/ [117940] -> "raw-site/qei.org.au/news/strengthening-bonds-with-romanian-research-colleagues/index.html" [1]
2026-08-31 10:18:54 URL:https://qei.org.au/wp-content/themes/qei/css/custom-styles.css?ver=1788133783 [140055/140055] -> "raw-site/qei.org.au/wp-content/themes/qei/css/custom-styles.css@ver=1788133783.css" [1]
2026-08-31 10:18:54 URL:https://qei.org.au/wp-content/uploads/2023/07/Centre-Virtual-Reality.jpg [121492/121492] -> "raw-site/qei.org.au/wp-content/uploads/2023/07/Centre-Virtual-Reality.jpg" [1]
2026-08-31 10:18:55 URL:https://qei.org.au/wp-content/uploads/2023/07/Laboratory.jpg [371972/371972] -> "raw-site/qei.org.au/wp-content/uploads/2023/07/Laboratory.jpg" [1]
2026-08-31 10:18:55 URL:https://qei.org.au/wp-content/uploads/2023/07/Laboratory-300x225.jpg [20302/20302] -> "raw-site/qei.org.au/wp-content/uploads/2023/07/Laboratory-300x225.jpg" [1]
2026-08-31 10:18:56 URL:https://qei.org.au/wp-content/uploads/2023/07/Laboratory-1024x768.jpg [168910/168910] -> "raw-site/qei.org.au/wp-content/uploads/2023/07/Laboratory-1024x768.jpg" [1]
2026-08-31 10:18:57 URL:https://qei.org.au/wp-content/uploads/2023/07/Laboratory-768x576.jpg [106546/106546] -> "raw-site/qei.org.au/wp-content/uploads/2023/07/Laboratory-768x576.jpg" [1]
2026-08-31 10:18:57 URL:https://qei.org.au/wp-content/uploads/2023/07/Laboratory-800x600.jpg [113449/113449] -> "raw-site/qei.org.au/wp-content/uploads/2023/07/Laboratory-800x600.jpg" [1]
2026-08-31 10:18:58 URL:https://qei.org.au/wp-content/uploads/2023/07/Laboratory-400x300.jpg [33502/33502] -> "raw-site/qei.org.au/wp-content/uploads/2023/07/Laboratory-400x300.jpg" [1]
2026-08-31 10:18:58 URL:https://qei.org.au/wp-content/uploads/2023/07/Dr-Florina-Vultur-and-Dr-Alexandra-Manta.jpg [146965/146965] -> "raw-site/qei.org.au/wp-content/uploads/2023/07/Dr-Florina-Vultur-and-Dr-Alexandra-Manta.jpg" [1]
2026-08-31 10:18:59 URL:https://qei.org.au/wp-content/uploads/2023/07/Dr-Florina-Vultur-and-Dr-Alexandra-Manta-240x300.jpg [16394/16394] -> "raw-site/qei.org.au/wp-content/uploads/2023/07/Dr-Florina-Vultur-and-Dr-Alexandra-Manta-240x300.jpg" [1]
https://qei.org.au/wp-content/themes/qei/css/owl.video.play.png:
2026-08-31 10:19:00 ERROR 404: Not Found.
https://qei.org.au/wp-content/themes/qei/fonts/slick.eot:
2026-08-31 10:19:01 ERROR 404: Not Found.
https://qei.org.au/wp-content/themes/qei/fonts/slick.eot?:
2026-08-31 10:19:03 ERROR 404: Not Found.
https://qei.org.au/wp-content/themes/qei/fonts/slick.woff:
2026-08-31 10:19:04 ERROR 404: Not Found.
https://qei.org.au/wp-content/themes/qei/fonts/slick.ttf:
2026-08-31 10:19:06 ERROR 404: Not Found.
https://qei.org.au/wp-content/themes/qei/fonts/slick.svg:
2026-08-31 10:19:07 ERROR 404: Not Found.
2026-08-31 10:19:07 URL:https://qei.org.au/news/student-plays-valuable-role-in-qei-research/ [116633] -> "raw-site/qei.org.au/news/student-plays-valuable-role-in-qei-research/index.html" [1]
2026-08-31 10:19:08 URL:https://qei.org.au/wp-content/themes/qei/css/custom-styles.css?ver=1788134336 [140055/140055] -> "raw-site/qei.org.au/wp-content/themes/qei/css/custom-styles.css@ver=1788134336.css" [1]
2026-08-31 10:19:08 URL:https://qei.org.au/wp-content/uploads/2025/03/20250130-AishaSajeevan-QEIF-2.jpg [54459/54459] -> "raw-site/qei.org.au/wp-content/uploads/2025/03/20250130-AishaSajeevan-QEIF-2.jpg" [1]
2026-08-31 10:19:09 URL:https://qei.org.au/wp-content/uploads/2025/03/20250130-AishaSajeevan-QEIF-4.jpg [107723/107723] -> "raw-site/qei.org.au/wp-content/uploads/2025/03/20250130-AishaSajeevan-QEIF-4.jpg" [1]
2026-08-31 10:19:10 URL:https://qei.org.au/wp-content/uploads/2025/03/20250130-AishaSajeevan-QEIF-4-300x225.jpg [19434/19434] -> "raw-site/qei.org.au/wp-content/uploads/2025/03/20250130-AishaSajeevan-QEIF-4-300x225.jpg" [1]
2026-08-31 10:19:10 URL:https://qei.org.au/wp-content/uploads/2025/03/20250130-AishaSajeevan-QEIF-4-400x300.jpg [30202/30202] -> "raw-site/qei.org.au/wp-content/uploads/2025/03/20250130-AishaSajeevan-QEIF-4-400x300.jpg" [1]
2026-08-31 10:19:11 URL:https://qei.org.au/wp-content/uploads/2025/03/20250130-AishaSajeevan-QEIF-1.jpg [102689/102689] -> "raw-site/qei.org.au/wp-content/uploads/2025/03/20250130-AishaSajeevan-QEIF-1.jpg" [1]
2026-08-31 10:19:11 URL:https://qei.org.au/wp-content/uploads/2025/03/20250130-AishaSajeevan-QEIF-1-300x225.jpg [18636/18636] -> "raw-site/qei.org.au/wp-content/uploads/2025/03/20250130-AishaSajeevan-QEIF-1-300x225.jpg" [1]
2026-08-31 10:19:12 URL:https://qei.org.au/wp-content/uploads/2025/03/20250130-AishaSajeevan-QEIF-1-400x300.jpg [28905/28905] -> "raw-site/qei.org.au/wp-content/uploads/2025/03/20250130-AishaSajeevan-QEIF-1-400x300.jpg" [1]
https://qei.org.au/wp-content/themes/qei/css/owl.video.play.png:
2026-08-31 10:19:13 ERROR 404: Not Found.
https://qei.org.au/wp-content/themes/qei/fonts/slick.eot:
2026-08-31 10:19:14 ERROR 404: Not Found.
https://qei.org.au/wp-content/themes/qei/fonts/slick.eot?:
2026-08-31 10:19:16 ERROR 404: Not Found.
https://qei.org.au/wp-content/themes/qei/fonts/slick.woff:
2026-08-31 10:19:17 ERROR 404: Not Found.
https://qei.org.au/wp-content/themes/qei/fonts/slick.ttf:
2026-08-31 10:19:18 ERROR 404: Not Found.
https://qei.org.au/wp-content/themes/qei/fonts/slick.svg:
2026-08-31 10:19:20 ERROR 404: Not Found.
2026-08-31 10:19:20 URL:https://qei.org.au/news/sustainability-goals-at-the-qei-clinic/ [118320] -> "raw-site/qei.org.au/news/sustainability-goals-at-the-qei-clinic/index.html" [1]
2026-08-31 10:19:21 URL:https://qei.org.au/wp-content/themes/qei/css/custom-styles.css?ver=1788133895 [140055/140055] -> "raw-site/qei.org.au/wp-content/themes/qei/css/custom-styles.css@ver=1788133895.css" [1]
2026-08-31 10:19:21 URL:https://qei.org.au/wp-content/uploads/2022/04/Donated-glasses-in-foreground-with-QEI-logo-in-background-for-page-7-1073x1430.jpg [98143/98143] -> "raw-site/qei.org.au/wp-content/uploads/2022/04/Donated-glasses-in-foreground-with-QEI-logo-in-background-for-page-7-1073x1430.jpg" [1]
2026-08-31 10:19:22 URL:https://qei.org.au/wp-content/uploads/2022/04/QEI-Sustainable-Goals-Infographic-1024x1024.png [212828/212828] -> "raw-site/qei.org.au/wp-content/uploads/2022/04/QEI-Sustainable-Goals-Infographic-1024x1024.png" [1]
2026-08-31 10:19:22 URL:https://qei.org.au/wp-content/uploads/2022/04/QEI-Sustainable-Goals-Infographic-150x150.png [16052/16052] -> "raw-site/qei.org.au/wp-content/uploads/2022/04/QEI-Sustainable-Goals-Infographic-150x150.png" [1]
2026-08-31 10:19:23 URL:https://qei.org.au/wp-content/uploads/2022/04/QEI-Sustainable-Goals-Infographic-300x300.png [41202/41202] -> "raw-site/qei.org.au/wp-content/uploads/2022/04/QEI-Sustainable-Goals-Infographic-300x300.png" [1]
2026-08-31 10:19:23 URL:https://qei.org.au/wp-content/uploads/2022/04/QEI-Sustainable-Goals-Infographic-768x768.png [147667/147667] -> "raw-site/qei.org.au/wp-content/uploads/2022/04/QEI-Sustainable-Goals-Infographic-768x768.png" [1]
2026-08-31 10:19:24 URL:https://qei.org.au/wp-content/uploads/2022/04/QEI-Sustainable-Goals-Infographic-1430x1430.png [822787/822787] -> "raw-site/qei.org.au/wp-content/uploads/2022/04/QEI-Sustainable-Goals-Infographic-1430x1430.png" [1]
2026-08-31 10:19:24 URL:https://qei.org.au/wp-content/uploads/2022/04/QEI-Sustainable-Goals-Infographic-800x800.png [154486/154486] -> "raw-site/qei.org.au/wp-content/uploads/2022/04/QEI-Sustainable-Goals-Infographic-800x800.png" [1]
2026-08-31 10:19:25 URL:https://qei.org.au/wp-content/uploads/2022/04/Donated-glasses-in-foreground-with-QEI-logo-in-background-for-page-7-768x1024.jpg [58138/58138] -> "raw-site/qei.org.au/wp-content/uploads/2022/04/Donated-glasses-in-foreground-with-QEI-logo-in-background-for-page-7-768x1024.jpg" [1]
2026-08-31 10:19:25 URL:https://qei.org.au/wp-content/uploads/2022/04/Donated-glasses-in-foreground-with-QEI-logo-in-background-for-page-7-225x300.jpg [9997/9997] -> "raw-site/qei.org.au/wp-content/uploads/2022/04/Donated-glasses-in-foreground-with-QEI-logo-in-background-for-page-7-225x300.jpg" [1]
2026-08-31 10:19:26 URL:https://qei.org.au/wp-content/uploads/2022/04/Donated-glasses-in-foreground-with-QEI-logo-in-background-for-page-7-800x1067.jpg [61963/61963] -> "raw-site/qei.org.au/wp-content/uploads/2022/04/Donated-glasses-in-foreground-with-QEI-logo-in-background-for-page-7-800x1067.jpg" [1]
https://qei.org.au/wp-content/themes/qei/css/owl.video.play.png:
2026-08-31 10:19:27 ERROR 404: Not Found.
https://qei.org.au/wp-content/themes/qei/fonts/slick.eot:
2026-08-31 10:19:28 ERROR 404: Not Found.
https://qei.org.au/wp-content/themes/qei/fonts/slick.eot?:
2026-08-31 10:19:30 ERROR 404: Not Found.
https://qei.org.au/wp-content/themes/qei/fonts/slick.woff:
2026-08-31 10:19:31 ERROR 404: Not Found.
https://qei.org.au/wp-content/themes/qei/fonts/slick.ttf:
2026-08-31 10:19:32 ERROR 404: Not Found.
https://qei.org.au/wp-content/themes/qei/fonts/slick.svg:
2026-08-31 10:19:34 ERROR 404: Not Found.
2026-08-31 10:19:34 URL:https://qei.org.au/news/talented-young-qei-scientist-awarded-scholarship-for-ground-breaking-eye-research/ [114340] -> "raw-site/qei.org.au/news/talented-young-qei-scientist-awarded-scholarship-for-ground-breaking-eye-research/index.html" [1]
2026-08-31 10:19:35 URL:https://qei.org.au/wp-content/themes/qei/css/custom-styles.css?ver=1788163197 [140055/140055] -> "raw-site/qei.org.au/wp-content/themes/qei/css/custom-styles.css@ver=1788163197.css" [1]
2026-08-31 10:19:35 URL:https://qei.org.au/wp-content/uploads/2019/03/QEI_0142_web-677x450.jpg [39693/39693] -> "raw-site/qei.org.au/wp-content/uploads/2019/03/QEI_0142_web-677x450.jpg" [1]
https://qei.org.au/wp-content/themes/qei/css/owl.video.play.png:
2026-08-31 10:19:37 ERROR 404: Not Found.
https://qei.org.au/wp-content/themes/qei/fonts/slick.eot:
2026-08-31 10:19:38 ERROR 404: Not Found.
https://qei.org.au/wp-content/themes/qei/fonts/slick.eot?:
2026-08-31 10:19:39 ERROR 404: Not Found.
https://qei.org.au/wp-content/themes/qei/fonts/slick.woff:
2026-08-31 10:19:40 ERROR 404: Not Found.
https://qei.org.au/wp-content/themes/qei/fonts/slick.ttf:
2026-08-31 10:19:42 ERROR 404: Not Found.
https://qei.org.au/wp-content/themes/qei/fonts/slick.svg:
2026-08-31 10:19:43 ERROR 404: Not Found.
2026-08-31 10:19:44 URL:https://qei.org.au/news/tax-appeal-2025/ [131336] -> "raw-site/qei.org.au/news/tax-appeal-2025/index.html" [1]
2026-08-31 10:19:44 URL:https://qei.org.au/wp-content/themes/qei/css/custom-styles.css?ver=1788137442 [140055/140055] -> "raw-site/qei.org.au/wp-content/themes/qei/css/custom-styles.css@ver=1788137442.css" [1]
2026-08-31 10:19:45 URL:https://qei.org.au/wp-content/uploads/2025/06/60years-cropped-1.png [101802/101802] -> "raw-site/qei.org.au/wp-content/uploads/2025/06/60years-cropped-1.png" [1]
2026-08-31 10:19:45 URL:https://qei.org.au/wp-content/uploads/2025/06/Fundraising-banner.png [230101/230101] -> "raw-site/qei.org.au/wp-content/uploads/2025/06/Fundraising-banner.png" [1]
2026-08-31 10:19:46 URL:https://qei.org.au/wp-content/uploads/2025/06/Fundraising-banner-300x73.png [43811/43811] -> "raw-site/qei.org.au/wp-content/uploads/2025/06/Fundraising-banner-300x73.png" [1]
2026-08-31 10:19:46 URL:https://qei.org.au/wp-content/uploads/2025/06/Fundraising-banner-400x97.png [72776/72776] -> "raw-site/qei.org.au/wp-content/uploads/2025/06/Fundraising-banner-400x97.png" [1]
2026-08-31 10:19:47 URL:https://qei.org.au/wp-content/uploads/2025/06/1991.jpg [378075/378075] -> "raw-site/qei.org.au/wp-content/uploads/2025/06/1991.jpg" [1]
2026-08-31 10:19:47 URL:https://qei.org.au/wp-content/uploads/2025/06/Fundraising-stall.jpg [1207736/1207736] -> "raw-site/qei.org.au/wp-content/uploads/2025/06/Fundraising-stall.jpg" [1]
2026-08-31 10:19:48 URL:https://qei.org.au/wp-content/uploads/2025/06/IMG_0276.jpg [1100098/1100098] -> "raw-site/qei.org.au/wp-content/uploads/2025/06/IMG_0276.jpg" [1]
2026-08-31 10:19:48 URL:https://qei.org.au/wp-content/uploads/2025/06/P1000254.jpg [5018829/5018829] -> "raw-site/qei.org.au/wp-content/uploads/2025/06/P1000254.jpg" [1]
2026-08-31 10:19:49 URL:https://qei.org.au/wp-content/uploads/2025/06/IMG_1075.jpg [2123474/2123474] -> "raw-site/qei.org.au/wp-content/uploads/2025/06/IMG_1075.jpg" [1]
2026-08-31 10:19:50 URL:https://qei.org.au/wp-content/uploads/2025/06/CLOUDLAND-EVENT-3.6.11-82.jpg [6396979/6396979] -> "raw-site/qei.org.au/wp-content/uploads/2025/06/CLOUDLAND-EVENT-3.6.11-82.jpg" [1]
2026-08-31 10:19:50 URL:https://qei.org.au/wp-content/uploads/2025/06/DSC_1024.jpg [2601677/2601677] -> "raw-site/qei.org.au/wp-content/uploads/2025/06/DSC_1024.jpg" [1]
2026-08-31 10:19:51 URL:https://qei.org.au/wp-content/uploads/2025/06/QCGU_LASTSEEN_JADEFERGUSON_@VISUALPOETSSOCIETY24.04.23-1586.jpg [182664/182664] -> "raw-site/qei.org.au/wp-content/uploads/2025/06/QCGU_LASTSEEN_JADEFERGUSON_@VISUALPOETSSOCIETY24.04.23-1586.jpg" [1]
https://qei.org.au/wp-content/themes/qei/css/owl.video.play.png:
2026-08-31 10:19:52 ERROR 404: Not Found.
https://qei.org.au/wp-content/themes/qei/fonts/slick.eot:
2026-08-31 10:19:54 ERROR 404: Not Found.
https://qei.org.au/wp-content/themes/qei/fonts/slick.eot?:
2026-08-31 10:19:55 ERROR 404: Not Found.
https://qei.org.au/wp-content/themes/qei/fonts/slick.woff:
2026-08-31 10:19:56 ERROR 404: Not Found.
https://qei.org.au/wp-content/themes/qei/fonts/slick.ttf:
2026-08-31 10:19:58 ERROR 404: Not Found.
https://qei.org.au/wp-content/themes/qei/fonts/slick.svg:
2026-08-31 10:19:59 ERROR 404: Not Found.
2026-08-31 10:19:59 URL:https://qei.org.au/news/tax-appeal/ [127837] -> "raw-site/qei.org.au/news/tax-appeal/index.html" [1]
2026-08-31 10:20:00 URL:https://qei.org.au/wp-content/themes/qei/css/custom-styles.css?ver=1788163535 [140055/140055] -> "raw-site/qei.org.au/wp-content/themes/qei/css/custom-styles.css@ver=1788163535.css" [1]
2026-08-31 10:20:00 URL:https://qei.org.au/wp-content/uploads/2023/08/QEIF_patientstory_Ray-Hibbins-with-artwork_web.jpg [58238/58238] -> "raw-site/qei.org.au/wp-content/uploads/2023/08/QEIF_patientstory_Ray-Hibbins-with-artwork_web.jpg" [1]
2026-08-31 10:20:01 URL:https://qei.org.au/wp-content/uploads/2023/08/QEIF_patientstory_Ray-Hibbins-in-office_web.jpg [194068/194068] -> "raw-site/qei.org.au/wp-content/uploads/2023/08/QEIF_patientstory_Ray-Hibbins-in-office_web.jpg" [1]
2026-08-31 10:20:01 URL:https://qei.org.au/wp-content/uploads/2023/08/QEIF_patientstory_Ray-Hibbins-in-office_web-300x200.jpg [25200/25200] -> "raw-site/qei.org.au/wp-content/uploads/2023/08/QEIF_patientstory_Ray-Hibbins-in-office_web-300x200.jpg" [1]
2026-08-31 10:20:02 URL:https://qei.org.au/wp-content/uploads/2023/08/QEIF_patientstory_Ray-Hibbins-in-office_web-768x512.jpg [118509/118509] -> "raw-site/qei.org.au/wp-content/uploads/2023/08/QEIF_patientstory_Ray-Hibbins-in-office_web-768x512.jpg" [1]
2026-08-31 10:20:02 URL:https://qei.org.au/wp-content/uploads/2023/08/QEIF_patientstory_Ray-Hibbins-in-office_web-800x534.jpg [127151/127151] -> "raw-site/qei.org.au/wp-content/uploads/2023/08/QEIF_patientstory_Ray-Hibbins-in-office_web-800x534.jpg" [1]
2026-08-31 10:20:03 URL:https://qei.org.au/wp-content/uploads/2023/08/QEIF_patientstory_Ray-Hibbins-in-office_web-400x267.jpg [41050/41050] -> "raw-site/qei.org.au/wp-content/uploads/2023/08/QEIF_patientstory_Ray-Hibbins-in-office_web-400x267.jpg" [1]
https://qei.org.au/wp-content/themes/qei/css/owl.video.play.png:
2026-08-31 10:20:04 ERROR 404: Not Found.
https://qei.org.au/wp-content/themes/qei/fonts/slick.eot:
2026-08-31 10:20:06 ERROR 404: Not Found.
https://qei.org.au/wp-content/themes/qei/fonts/slick.eot?:
2026-08-31 10:20:07 ERROR 404: Not Found.
https://qei.org.au/wp-content/themes/qei/fonts/slick.woff:
2026-08-31 10:20:08 ERROR 404: Not Found.
https://qei.org.au/wp-content/themes/qei/fonts/slick.ttf:
2026-08-31 10:20:09 ERROR 404: Not Found.
https://qei.org.au/wp-content/themes/qei/fonts/slick.svg:
2026-08-31 10:20:11 ERROR 404: Not Found.
2026-08-31 10:20:11 URL:https://qei.org.au/news/teaching-tour-in-india/ [115105] -> "raw-site/qei.org.au/news/teaching-tour-in-india/index.html" [1]
2026-08-31 10:20:12 URL:https://qei.org.au/wp-content/themes/qei/css/custom-styles.css?ver=1788163061 [140055/140055] -> "raw-site/qei.org.au/wp-content/themes/qei/css/custom-styles.css@ver=1788163061.css" [1]
2026-08-31 10:20:12 URL:https://qei.org.au/wp-content/uploads/2018/08/Teaching-tour-photo-3_small-676x450.jpg [53419/53419] -> "raw-site/qei.org.au/wp-content/uploads/2018/08/Teaching-tour-photo-3_small-676x450.jpg" [1]
2026-08-31 10:20:13 URL:https://qei.org.au/wp-content/uploads/2019/02/Teaching-tour-photo-3_small.jpg [172204/172204] -> "raw-site/qei.org.au/wp-content/uploads/2019/02/Teaching-tour-photo-3_small.jpg" [1]
2026-08-31 10:20:13 URL:https://qei.org.au/wp-content/uploads/2019/02/Teaching-tour-photo-2_small.jpg [222500/222500] -> "raw-site/qei.org.au/wp-content/uploads/2019/02/Teaching-tour-photo-2_small.jpg" [1]
2026-08-31 10:20:14 URL:https://qei.org.au/wp-content/uploads/2019/02/Teaching-tour-photo-1_small1.jpg [241203/241203] -> "raw-site/qei.org.au/wp-content/uploads/2019/02/Teaching-tour-photo-1_small1.jpg" [1]
https://qei.org.au/wp-content/themes/qei/css/owl.video.play.png:
2026-08-31 10:20:15 ERROR 404: Not Found.
https://qei.org.au/wp-content/themes/qei/fonts/slick.eot:
2026-08-31 10:20:16 ERROR 404: Not Found.
https://qei.org.au/wp-content/themes/qei/fonts/slick.eot?:
2026-08-31 10:20:18 ERROR 404: Not Found.
https://qei.org.au/wp-content/themes/qei/fonts/slick.woff:
2026-08-31 10:20:19 ERROR 404: Not Found.
https://qei.org.au/wp-content/themes/qei/fonts/slick.ttf:
2026-08-31 10:20:20 ERROR 404: Not Found.
https://qei.org.au/wp-content/themes/qei/fonts/slick.svg:
2026-08-31 10:20:22 ERROR 404: Not Found.
2026-08-31 10:20:22 URL:https://qei.org.au/news/the-legacy-of-charles-viertel/ [114036] -> "raw-site/qei.org.au/news/the-legacy-of-charles-viertel/index.html" [1]
2026-08-31 10:20:23 URL:https://qei.org.au/wp-content/themes/qei/css/custom-styles.css?ver=1788133898 [140055/140055] -> "raw-site/qei.org.au/wp-content/themes/qei/css/custom-styles.css@ver=1788133898.css" [1]
2026-08-31 10:20:23 URL:https://qei.org.au/wp-content/uploads/2019/09/Charles-Viertel-e1567399004150-1430x1325.jpg [345798/345798] -> "raw-site/qei.org.au/wp-content/uploads/2019/09/Charles-Viertel-e1567399004150-1430x1325.jpg" [1]
https://qei.org.au/wp-content/themes/qei/css/owl.video.play.png:
2026-08-31 10:20:24 ERROR 404: Not Found.
https://qei.org.au/wp-content/themes/qei/fonts/slick.eot:
2026-08-31 10:20:26 ERROR 404: Not Found.
https://qei.org.au/wp-content/themes/qei/fonts/slick.eot?:
2026-08-31 10:20:27 ERROR 404: Not Found.
https://qei.org.au/wp-content/themes/qei/fonts/slick.woff:
2026-08-31 10:20:28 ERROR 404: Not Found.
https://qei.org.au/wp-content/themes/qei/fonts/slick.ttf:
2026-08-31 10:20:30 ERROR 404: Not Found.
https://qei.org.au/wp-content/themes/qei/fonts/slick.svg:
2026-08-31 10:20:31 ERROR 404: Not Found.
2026-08-31 10:20:31 URL:https://qei.org.au/news/the-perfect-environment-to-foster-excellent-research/ [118055] -> "raw-site/qei.org.au/news/the-perfect-environment-to-foster-excellent-research/index.html" [1]
2026-08-31 10:20:32 URL:https://qei.org.au/wp-content/themes/qei/css/custom-styles.css?ver=1788163194 [140055/140055] -> "raw-site/qei.org.au/wp-content/themes/qei/css/custom-styles.css@ver=1788163194.css" [1]
2026-08-31 10:20:33 URL:https://qei.org.au/wp-content/uploads/2019/02/audra-shadforth-982x450.png [471590/471590] -> "raw-site/qei.org.au/wp-content/uploads/2019/02/audra-shadforth-982x450.png" [1]
https://qei.org.au/wp-content/themes/qei/css/owl.video.play.png:
2026-08-31 10:20:34 ERROR 404: Not Found.
https://qei.org.au/wp-content/themes/qei/fonts/slick.eot:
2026-08-31 10:20:35 ERROR 404: Not Found.
https://qei.org.au/wp-content/themes/qei/fonts/slick.eot?:
2026-08-31 10:20:37 ERROR 404: Not Found.
https://qei.org.au/wp-content/themes/qei/fonts/slick.woff:
2026-08-31 10:20:38 ERROR 404: Not Found.
https://qei.org.au/wp-content/themes/qei/fonts/slick.ttf:
2026-08-31 10:20:39 ERROR 404: Not Found.
https://qei.org.au/wp-content/themes/qei/fonts/slick.svg:
2026-08-31 10:20:40 ERROR 404: Not Found.
2026-08-31 10:20:41 URL:https://qei.org.au/news/the-queensland-eye-institute-remembers-mr-desmond-hancock/ [115984] -> "raw-site/qei.org.au/news/the-queensland-eye-institute-remembers-mr-desmond-hancock/index.html" [1]
2026-08-31 10:20:42 URL:https://qei.org.au/wp-content/themes/qei/css/custom-styles.css?ver=1788163069 [140055/140055] -> "raw-site/qei.org.au/wp-content/themes/qei/css/custom-styles.css@ver=1788163069.css" [1]
2026-08-31 10:20:42 URL:https://qei.org.au/wp-content/uploads/2019/02/deshmod-handcock.jpeg [39335/39335] -> "raw-site/qei.org.au/wp-content/uploads/2019/02/deshmod-handcock.jpeg" [1]
2026-08-31 10:20:43 URL:https://qei.org.au/wp-content/uploads/2019/02/DSCF2676a-201x300.jpg [8552/8552] -> "raw-site/qei.org.au/wp-content/uploads/2019/02/DSCF2676a-201x300.jpg" [1]
2026-08-31 10:20:43 URL:https://qei.org.au/wp-content/uploads/2019/02/DSCF2676a-768x1148.jpg [71736/71736] -> "raw-site/qei.org.au/wp-content/uploads/2019/02/DSCF2676a-768x1148.jpg" [1]
2026-08-31 10:20:44 URL:https://qei.org.au/wp-content/uploads/2019/02/DSCF2676a-685x1024.jpg [59598/59598] -> "raw-site/qei.org.au/wp-content/uploads/2019/02/DSCF2676a-685x1024.jpg" [1]
2026-08-31 10:20:44 URL:https://qei.org.au/wp-content/uploads/2019/02/DSCF2676a-301x450.jpg [15692/15692] -> "raw-site/qei.org.au/wp-content/uploads/2019/02/DSCF2676a-301x450.jpg" [1]
2026-08-31 10:20:45 URL:https://qei.org.au/wp-content/uploads/2019/02/DSCF2676a.jpg [71027/71027] -> "raw-site/qei.org.au/wp-content/uploads/2019/02/DSCF2676a.jpg" [1]
2026-08-31 10:20:45 URL:https://qei.org.au/wp-content/uploads/2019/02/Des_Hancock_2-1024x591.png [950655/950655] -> "raw-site/qei.org.au/wp-content/uploads/2019/02/Des_Hancock_2-1024x591.png" [1]
2026-08-31 10:20:46 URL:https://qei.org.au/wp-content/uploads/2019/02/Des_Hancock_2-300x173.png [98072/98072] -> "raw-site/qei.org.au/wp-content/uploads/2019/02/Des_Hancock_2-300x173.png" [1]
2026-08-31 10:20:46 URL:https://qei.org.au/wp-content/uploads/2019/02/Des_Hancock_2-768x443.png [568166/568166] -> "raw-site/qei.org.au/wp-content/uploads/2019/02/Des_Hancock_2-768x443.png" [1]
2026-08-31 10:20:47 URL:https://qei.org.au/wp-content/uploads/2019/02/Des_Hancock_2-780x450.png [584850/584850] -> "raw-site/qei.org.au/wp-content/uploads/2019/02/Des_Hancock_2-780x450.png" [1]
2026-08-31 10:20:47 URL:https://qei.org.au/wp-content/uploads/2019/02/Des_Hancock_2.png [2188644/2188644] -> "raw-site/qei.org.au/wp-content/uploads/2019/02/Des_Hancock_2.png" [1]
https://qei.org.au/wp-content/themes/qei/css/owl.video.play.png:
2026-08-31 10:20:49 ERROR 404: Not Found.
https://qei.org.au/wp-content/themes/qei/fonts/slick.eot:
2026-08-31 10:20:50 ERROR 404: Not Found.
https://qei.org.au/wp-content/themes/qei/fonts/slick.eot?:
2026-08-31 10:20:51 ERROR 404: Not Found.
https://qei.org.au/wp-content/themes/qei/fonts/slick.woff:
2026-08-31 10:20:52 ERROR 404: Not Found.
https://qei.org.au/wp-content/themes/qei/fonts/slick.ttf:
2026-08-31 10:20:54 ERROR 404: Not Found.
https://qei.org.au/wp-content/themes/qei/fonts/slick.svg:
2026-08-31 10:20:55 ERROR 404: Not Found.
2026-08-31 10:20:55 URL:https://qei.org.au/news/the-queensland-eye-institute-settles-in-for-the-next-50-years/ [116277] -> "raw-site/qei.org.au/news/the-queensland-eye-institute-settles-in-for-the-next-50-years/index.html" [1]
2026-08-31 10:20:56 URL:https://qei.org.au/wp-content/themes/qei/css/custom-styles.css?ver=1788163388 [140055/140055] -> "raw-site/qei.org.au/wp-content/themes/qei/css/custom-styles.css@ver=1788163388.css" [1]
2026-08-31 10:20:56 URL:https://qei.org.au/wp-content/uploads/2019/03/QEI_opening_140603_060-676x450.jpg [42010/42010] -> "raw-site/qei.org.au/wp-content/uploads/2019/03/QEI_opening_140603_060-676x450.jpg" [1]
https://qei.org.au/wp-content/themes/qei/css/owl.video.play.png:
2026-08-31 10:20:58 ERROR 404: Not Found.
https://qei.org.au/wp-content/themes/qei/fonts/slick.eot:
2026-08-31 10:20:59 ERROR 404: Not Found.
https://qei.org.au/wp-content/themes/qei/fonts/slick.eot?:
2026-08-31 10:21:00 ERROR 404: Not Found.
https://qei.org.au/wp-content/themes/qei/fonts/slick.woff:
2026-08-31 10:21:02 ERROR 404: Not Found.
https://qei.org.au/wp-content/themes/qei/fonts/slick.ttf:
2026-08-31 10:21:03 ERROR 404: Not Found.
https://qei.org.au/wp-content/themes/qei/fonts/slick.svg:
2026-08-31 10:21:04 ERROR 404: Not Found.
2026-08-31 10:21:05 URL:https://qei.org.au/news/ukrainian-refugee-finds-safe-haven-and-restored-sight-in-queensland/ [119788] -> "raw-site/qei.org.au/news/ukrainian-refugee-finds-safe-haven-and-restored-sight-in-queensland/index.html" [1]
2026-08-31 10:21:05 URL:https://qei.org.au/wp-content/themes/qei/css/custom-styles.css?ver=1788169946 [140055/140055] -> "raw-site/qei.org.au/wp-content/themes/qei/css/custom-styles.css@ver=1788169946.css" [1]
2026-08-31 10:21:06 URL:https://qei.org.au/wp-content/uploads/2023/06/Small_LCM_0803-copy-1430x953.jpg [235055/235055] -> "raw-site/qei.org.au/wp-content/uploads/2023/06/Small_LCM_0803-copy-1430x953.jpg" [1]
2026-08-31 10:21:06 URL:https://qei.org.au/wp-content/uploads/2023/06/Viktor-and-Zoya-Olepir-in-Poland.jpg [37864/37864] -> "raw-site/qei.org.au/wp-content/uploads/2023/06/Viktor-and-Zoya-Olepir-in-Poland.jpg" [1]
2026-08-31 10:21:07 URL:https://qei.org.au/wp-content/uploads/2023/06/Viktor-and-Zoya-Olepir-in-Poland-300x200.jpg [14563/14563] -> "raw-site/qei.org.au/wp-content/uploads/2023/06/Viktor-and-Zoya-Olepir-in-Poland-300x200.jpg" [1]
2026-08-31 10:21:07 URL:https://qei.org.au/wp-content/uploads/2023/06/Viktor-and-Zoya-Olepir-in-Poland-400x266.jpg [22147/22147] -> "raw-site/qei.org.au/wp-content/uploads/2023/06/Viktor-and-Zoya-Olepir-in-Poland-400x266.jpg" [1]
https://qei.org.au/wp-content/themes/qei/css/owl.video.play.png:
2026-08-31 10:21:08 ERROR 404: Not Found.
https://qei.org.au/wp-content/themes/qei/fonts/slick.eot:
2026-08-31 10:21:10 ERROR 404: Not Found.
https://qei.org.au/wp-content/themes/qei/fonts/slick.eot?:
2026-08-31 10:21:11 ERROR 404: Not Found.
https://qei.org.au/wp-content/themes/qei/fonts/slick.woff:
2026-08-31 10:21:12 ERROR 404: Not Found.
https://qei.org.au/wp-content/themes/qei/fonts/slick.ttf:
2026-08-31 10:21:14 ERROR 404: Not Found.
https://qei.org.au/wp-content/themes/qei/fonts/slick.svg:
2026-08-31 10:21:15 ERROR 404: Not Found.
2026-08-31 10:21:16 URL:https://qei.org.au/news/umphst-visit/ [113456] -> "raw-site/qei.org.au/news/umphst-visit/index.html" [1]
2026-08-31 10:21:16 URL:https://qei.org.au/wp-content/themes/qei/css/custom-styles.css?ver=1788166316 [140055/140055] -> "raw-site/qei.org.au/wp-content/themes/qei/css/custom-styles.css@ver=1788166316.css" [1]
2026-08-31 10:21:17 URL:https://qei.org.au/wp-content/uploads/2019/10/UMPhST-visit.jpg [70443/70443] -> "raw-site/qei.org.au/wp-content/uploads/2019/10/UMPhST-visit.jpg" [1]
https://qei.org.au/wp-content/themes/qei/css/owl.video.play.png:
2026-08-31 10:21:18 ERROR 404: Not Found.
https://qei.org.au/wp-content/themes/qei/fonts/slick.eot:
2026-08-31 10:21:19 ERROR 404: Not Found.
https://qei.org.au/wp-content/themes/qei/fonts/slick.eot?:
2026-08-31 10:21:21 ERROR 404: Not Found.
https://qei.org.au/wp-content/themes/qei/fonts/slick.woff:
2026-08-31 10:21:22 ERROR 404: Not Found.
https://qei.org.au/wp-content/themes/qei/fonts/slick.ttf:
2026-08-31 10:21:23 ERROR 404: Not Found.
https://qei.org.au/wp-content/themes/qei/fonts/slick.svg:
2026-08-31 10:21:24 ERROR 404: Not Found.
2026-08-31 10:21:25 URL:https://qei.org.au/news/vale-professor-ravi-thomas/ [131584] -> "raw-site/qei.org.au/news/vale-professor-ravi-thomas/index.html" [1]
2026-08-31 10:21:25 URL:https://qei.org.au/wp-content/themes/qei/css/custom-styles.css?ver=1788133915 [140055/140055] -> "raw-site/qei.org.au/wp-content/themes/qei/css/custom-styles.css@ver=1788133915.css" [1]
2026-08-31 10:21:26 URL:https://qei.org.au/wp-content/uploads/2020/04/Ravi-Thomas-236x300.jpg [10654/10654] -> "raw-site/qei.org.au/wp-content/uploads/2020/04/Ravi-Thomas-236x300.jpg" [1]
2026-08-31 10:21:26 URL:https://qei.org.au/wp-content/uploads/2018/08/Teaching-tour-photo-3_small.jpg [260219/260219] -> "raw-site/qei.org.au/wp-content/uploads/2018/08/Teaching-tour-photo-3_small.jpg" [1]
https://qei.org.au/wp-content/themes/qei/css/owl.video.play.png:
2026-08-31 10:21:28 ERROR 404: Not Found.
https://qei.org.au/wp-content/themes/qei/fonts/slick.eot:
2026-08-31 10:21:29 ERROR 404: Not Found.
https://qei.org.au/wp-content/themes/qei/fonts/slick.eot?:
2026-08-31 10:21:30 ERROR 404: Not Found.
https://qei.org.au/wp-content/themes/qei/fonts/slick.woff:
2026-08-31 10:21:32 ERROR 404: Not Found.
https://qei.org.au/wp-content/themes/qei/fonts/slick.ttf:
2026-08-31 10:21:33 ERROR 404: Not Found.
https://qei.org.au/wp-content/themes/qei/fonts/slick.svg:
2026-08-31 10:21:34 ERROR 404: Not Found.
2026-08-31 10:21:35 URL:https://qei.org.au/news/were-two-people-with-one-pair-of-eyes/ [117293] -> "raw-site/qei.org.au/news/were-two-people-with-one-pair-of-eyes/index.html" [1]
2026-08-31 10:21:35 URL:https://qei.org.au/wp-content/themes/qei/css/custom-styles.css?ver=1788163067 [140055/140055] -> "raw-site/qei.org.au/wp-content/themes/qei/css/custom-styles.css@ver=1788163067.css" [1]
2026-08-31 10:21:36 URL:https://qei.org.au/wp-content/uploads/2019/02/peoples.jpg [39353/39353] -> "raw-site/qei.org.au/wp-content/uploads/2019/02/peoples.jpg" [1]
https://qei.org.au/wp-content/themes/qei/css/owl.video.play.png:
2026-08-31 10:21:37 ERROR 404: Not Found.
https://qei.org.au/wp-content/themes/qei/fonts/slick.eot:
2026-08-31 10:21:38 ERROR 404: Not Found.
https://qei.org.au/wp-content/themes/qei/fonts/slick.eot?:
2026-08-31 10:21:40 ERROR 404: Not Found.
https://qei.org.au/wp-content/themes/qei/fonts/slick.woff:
2026-08-31 10:21:41 ERROR 404: Not Found.
https://qei.org.au/wp-content/themes/qei/fonts/slick.ttf:
2026-08-31 10:21:42 ERROR 404: Not Found.
https://qei.org.au/wp-content/themes/qei/fonts/slick.svg:
2026-08-31 10:21:43 ERROR 404: Not Found.
2026-08-31 10:21:44 URL:https://qei.org.au/news/why-viertels-vision/ [115896] -> "raw-site/qei.org.au/news/why-viertels-vision/index.html" [1]
2026-08-31 10:21:44 URL:https://qei.org.au/wp-content/themes/qei/css/custom-styles.css?ver=1788134270 [140055/140055] -> "raw-site/qei.org.au/wp-content/themes/qei/css/custom-styles.css@ver=1788134270.css" [1]
https://qei.org.au/wp-content/themes/qei/css/owl.video.play.png:
2026-08-31 10:21:46 ERROR 404: Not Found.
https://qei.org.au/wp-content/themes/qei/fonts/slick.eot:
2026-08-31 10:21:47 ERROR 404: Not Found.
https://qei.org.au/wp-content/themes/qei/fonts/slick.eot?:
2026-08-31 10:21:48 ERROR 404: Not Found.
https://qei.org.au/wp-content/themes/qei/fonts/slick.woff:
2026-08-31 10:21:50 ERROR 404: Not Found.
https://qei.org.au/wp-content/themes/qei/fonts/slick.ttf:
2026-08-31 10:21:51 ERROR 404: Not Found.
https://qei.org.au/wp-content/themes/qei/fonts/slick.svg:
2026-08-31 10:21:52 ERROR 404: Not Found.
2026-08-31 10:21:53 URL:https://qei.org.au/news/world-first-global-research-registry-for-eye-lymphoma/ [131010] -> "raw-site/qei.org.au/news/world-first-global-research-registry-for-eye-lymphoma/index.html" [1]
2026-08-31 10:21:53 URL:https://qei.org.au/wp-content/themes/qei/css/custom-styles.css?ver=1788133727 [140055/140055] -> "raw-site/qei.org.au/wp-content/themes/qei/css/custom-styles.css@ver=1788133727.css" [1]
2026-08-31 10:21:54 URL:https://qei.org.au/wp-content/uploads/2023/06/Vitreoretinal-lymphoma-registry-W1000.jpg [33629/33629] -> "raw-site/qei.org.au/wp-content/uploads/2023/06/Vitreoretinal-lymphoma-registry-W1000.jpg" [1]
https://qei.org.au/wp-content/themes/qei/css/owl.video.play.png:
2026-08-31 10:21:55 ERROR 404: Not Found.
https://qei.org.au/wp-content/themes/qei/fonts/slick.eot:
2026-08-31 10:21:57 ERROR 404: Not Found.
https://qei.org.au/wp-content/themes/qei/fonts/slick.eot?:
2026-08-31 10:21:58 ERROR 404: Not Found.
https://qei.org.au/wp-content/themes/qei/fonts/slick.woff:
2026-08-31 10:21:59 ERROR 404: Not Found.
https://qei.org.au/wp-content/themes/qei/fonts/slick.ttf:
2026-08-31 10:22:00 ERROR 404: Not Found.
https://qei.org.au/wp-content/themes/qei/fonts/slick.svg:
2026-08-31 10:22:02 ERROR 404: Not Found.
2026-08-31 10:22:02 URL:https://qei.org.au/news/world-first-international-eye-lymphoma-registry/ [117726] -> "raw-site/qei.org.au/news/world-first-international-eye-lymphoma-registry/index.html" [1]
2026-08-31 10:22:03 URL:https://qei.org.au/wp-content/themes/qei/css/custom-styles.css?ver=1788166377 [140055/140055] -> "raw-site/qei.org.au/wp-content/themes/qei/css/custom-styles.css@ver=1788166377.css" [1]
2026-08-31 10:22:03 URL:https://qei.org.au/wp-content/uploads/2020/05/QEI_0408_web.jpg [79054/79054] -> "raw-site/qei.org.au/wp-content/uploads/2020/05/QEI_0408_web.jpg" [1]
2026-08-31 10:22:04 URL:https://qei.org.au/wp-content/uploads/2021/02/Justine-and-Alix.jpg [531058/531058] -> "raw-site/qei.org.au/wp-content/uploads/2021/02/Justine-and-Alix.jpg" [1]
2026-08-31 10:22:04 URL:https://qei.org.au/wp-content/uploads/2021/02/Justine-and-Alix-300x158.jpg [15911/15911] -> "raw-site/qei.org.au/wp-content/uploads/2021/02/Justine-and-Alix-300x158.jpg" [1]
2026-08-31 10:22:05 URL:https://qei.org.au/wp-content/uploads/2021/02/Justine-and-Alix-768x404.jpg [75682/75682] -> "raw-site/qei.org.au/wp-content/uploads/2021/02/Justine-and-Alix-768x404.jpg" [1]
2026-08-31 10:22:05 URL:https://qei.org.au/wp-content/uploads/2021/02/Justine-and-Alix-1024x538.jpg [122596/122596] -> "raw-site/qei.org.au/wp-content/uploads/2021/02/Justine-and-Alix-1024x538.jpg" [1]
2026-08-31 10:22:06 URL:https://qei.org.au/wp-content/uploads/2021/02/Justine-and-Alix-1430x752.jpg [212398/212398] -> "raw-site/qei.org.au/wp-content/uploads/2021/02/Justine-and-Alix-1430x752.jpg" [1]
2026-08-31 10:22:06 URL:https://qei.org.au/wp-content/uploads/2021/02/Justine-and-Alix-800x421.jpg [80963/80963] -> "raw-site/qei.org.au/wp-content/uploads/2021/02/Justine-and-Alix-800x421.jpg" [1]
2026-08-31 10:22:07 URL:https://qei.org.au/wp-content/uploads/2021/02/Justine-and-Alix-400x210.jpg [25241/25241] -> "raw-site/qei.org.au/wp-content/uploads/2021/02/Justine-and-Alix-400x210.jpg" [1]
https://qei.org.au/wp-content/themes/qei/css/owl.video.play.png:
2026-08-31 10:22:08 ERROR 404: Not Found.
https://qei.org.au/wp-content/themes/qei/fonts/slick.eot:
2026-08-31 10:22:10 ERROR 404: Not Found.
https://qei.org.au/wp-content/themes/qei/fonts/slick.eot?:
2026-08-31 10:22:11 ERROR 404: Not Found.
https://qei.org.au/wp-content/themes/qei/fonts/slick.woff:
2026-08-31 10:22:12 ERROR 404: Not Found.
https://qei.org.au/wp-content/themes/qei/fonts/slick.ttf:
2026-08-31 10:22:13 ERROR 404: Not Found.
https://qei.org.au/wp-content/themes/qei/fonts/slick.svg:
2026-08-31 10:22:15 ERROR 404: Not Found.
2026-08-31 10:22:15 URL:https://qei.org.au/news/world-first-research-to-treat-floppy-eyelid-syndrome/ [114433] -> "raw-site/qei.org.au/news/world-first-research-to-treat-floppy-eyelid-syndrome/index.html" [1]
2026-08-31 10:22:16 URL:https://qei.org.au/wp-content/themes/qei/css/custom-styles.css?ver=1788163064 [140055/140055] -> "raw-site/qei.org.au/wp-content/themes/qei/css/custom-styles.css@ver=1788163064.css" [1]
2026-08-31 10:22:16 URL:https://qei.org.au/wp-content/uploads/2019/02/eye-bg.jpg [43155/43155] -> "raw-site/qei.org.au/wp-content/uploads/2019/02/eye-bg.jpg" [1]
https://qei.org.au/wp-content/themes/qei/css/owl.video.play.png:
2026-08-31 10:22:18 ERROR 404: Not Found.
https://qei.org.au/wp-content/themes/qei/fonts/slick.eot:
2026-08-31 10:22:19 ERROR 404: Not Found.
https://qei.org.au/wp-content/themes/qei/fonts/slick.eot?:
2026-08-31 10:22:20 ERROR 404: Not Found.
https://qei.org.au/wp-content/themes/qei/fonts/slick.woff:
2026-08-31 10:22:22 ERROR 404: Not Found.
https://qei.org.au/wp-content/themes/qei/fonts/slick.ttf:
2026-08-31 10:22:23 ERROR 404: Not Found.
https://qei.org.au/wp-content/themes/qei/fonts/slick.svg:
2026-08-31 10:22:24 ERROR 404: Not Found.
2026-08-31 10:22:25 URL:https://qei.org.au/news/world-sight-day-2025/ [115210] -> "raw-site/qei.org.au/news/world-sight-day-2025/index.html" [1]
2026-08-31 10:22:25 URL:https://qei.org.au/wp-content/themes/qei/css/custom-styles.css?ver=1788163386 [140055/140055] -> "raw-site/qei.org.au/wp-content/themes/qei/css/custom-styles.css@ver=1788163386.css" [1]
2026-08-31 10:22:26 URL:https://qei.org.au/wp-content/uploads/2025/10/LYE-Heart_heart-Instagram-1080x1080-1.png [125432/125432] -> "raw-site/qei.org.au/wp-content/uploads/2025/10/LYE-Heart_heart-Instagram-1080x1080-1.png" [1]
2026-08-31 10:22:26 URL:https://qei.org.au/wp-content/uploads/2025/10/WSD-logo-Horizontal_English.png [13229/13229] -> "raw-site/qei.org.au/wp-content/uploads/2025/10/WSD-logo-Horizontal_English.png" [1]
2026-08-31 10:22:27 URL:https://qei.org.au/wp-content/uploads/2025/10/WSD-logo-Horizontal_English-300x65.png [7130/7130] -> "raw-site/qei.org.au/wp-content/uploads/2025/10/WSD-logo-Horizontal_English-300x65.png" [1]
2026-08-31 10:22:27 URL:https://qei.org.au/wp-content/uploads/2025/10/WSD-logo-Horizontal_English-768x167.png [22028/22028] -> "raw-site/qei.org.au/wp-content/uploads/2025/10/WSD-logo-Horizontal_English-768x167.png" [1]
2026-08-31 10:22:28 URL:https://qei.org.au/wp-content/uploads/2025/10/WSD-logo-Horizontal_English-400x87.png [8147/8147] -> "raw-site/qei.org.au/wp-content/uploads/2025/10/WSD-logo-Horizontal_English-400x87.png" [1]
2026-08-31 10:22:28 URL:https://qei.org.au/wp-content/uploads/2025/10/LYE_Indigo-Horizontal.png [17622/17622] -> "raw-site/qei.org.au/wp-content/uploads/2025/10/LYE_Indigo-Horizontal.png" [1]
2026-08-31 10:22:29 URL:https://qei.org.au/wp-content/uploads/2025/10/LYE_Indigo-Horizontal-300x48.png [6499/6499] -> "raw-site/qei.org.au/wp-content/uploads/2025/10/LYE_Indigo-Horizontal-300x48.png" [1]
2026-08-31 10:22:29 URL:https://qei.org.au/wp-content/uploads/2025/10/LYE_Indigo-Horizontal-768x124.png [20923/20923] -> "raw-site/qei.org.au/wp-content/uploads/2025/10/LYE_Indigo-Horizontal-768x124.png" [1]
2026-08-31 10:22:30 URL:https://qei.org.au/wp-content/uploads/2025/10/LYE_Indigo-Horizontal-800x129.png [22299/22299] -> "raw-site/qei.org.au/wp-content/uploads/2025/10/LYE_Indigo-Horizontal-800x129.png" [1]
2026-08-31 10:22:30 URL:https://qei.org.au/wp-content/uploads/2025/10/LYE_Indigo-Horizontal-400x64.png [9014/9014] -> "raw-site/qei.org.au/wp-content/uploads/2025/10/LYE_Indigo-Horizontal-400x64.png" [1]
https://qei.org.au/wp-content/themes/qei/css/owl.video.play.png:
2026-08-31 10:22:32 ERROR 404: Not Found.
https://qei.org.au/wp-content/themes/qei/fonts/slick.eot:
2026-08-31 10:22:33 ERROR 404: Not Found.
https://qei.org.au/wp-content/themes/qei/fonts/slick.eot?:
2026-08-31 10:22:34 ERROR 404: Not Found.
https://qei.org.au/wp-content/themes/qei/fonts/slick.woff:
2026-08-31 10:22:35 ERROR 404: Not Found.
https://qei.org.au/wp-content/themes/qei/fonts/slick.ttf:
2026-08-31 10:22:37 ERROR 404: Not Found.
https://qei.org.au/wp-content/themes/qei/fonts/slick.svg:
2026-08-31 10:22:38 ERROR 404: Not Found.
2026-08-31 10:22:39 URL:https://qei.org.au/newscategories/education/ [118886] -> "raw-site/qei.org.au/newscategories/education/index.html" [1]
2026-08-31 10:22:39 URL:https://qei.org.au/wp-content/themes/qei/css/custom-styles.css?ver=1788134142 [140055/140055] -> "raw-site/qei.org.au/wp-content/themes/qei/css/custom-styles.css@ver=1788134142.css" [1]
2026-08-31 10:22:40 URL:https://qei.org.au/wp-content/uploads/2026/01/PHOTO-2025-11-20-10-10-15.jpg [975860/975860] -> "raw-site/qei.org.au/wp-content/uploads/2026/01/PHOTO-2025-11-20-10-10-15.jpg" [1]
2026-08-31 10:22:40 URL:https://qei.org.au/wp-content/uploads/2024/09/Book_Dust_Jacket_Mockup_2-QEI-BOOK.jpg [1784195/1784195] -> "raw-site/qei.org.au/wp-content/uploads/2024/09/Book_Dust_Jacket_Mockup_2-QEI-BOOK.jpg" [1]
https://qei.org.au/wp-content/themes/qei/css/owl.video.play.png:
2026-08-31 10:22:42 ERROR 404: Not Found.
https://qei.org.au/wp-content/themes/qei/fonts/slick.eot:
2026-08-31 10:22:43 ERROR 404: Not Found.
https://qei.org.au/wp-content/themes/qei/fonts/slick.eot?:
2026-08-31 10:22:44 ERROR 404: Not Found.
https://qei.org.au/wp-content/themes/qei/fonts/slick.woff:
2026-08-31 10:22:46 ERROR 404: Not Found.
https://qei.org.au/wp-content/themes/qei/fonts/slick.ttf:
2026-08-31 10:22:47 ERROR 404: Not Found.
https://qei.org.au/wp-content/themes/qei/fonts/slick.svg:
2026-08-31 10:22:48 ERROR 404: Not Found.
2026-08-31 10:22:49 URL:https://qei.org.au/newscategories/events/ [113803] -> "raw-site/qei.org.au/newscategories/events/index.html" [1]
2026-08-31 10:22:49 URL:https://qei.org.au/wp-content/themes/qei/css/custom-styles.css?ver=1788134144 [140055/140055] -> "raw-site/qei.org.au/wp-content/themes/qei/css/custom-styles.css@ver=1788134144.css" [1]
2026-08-31 10:22:50 URL:https://qei.org.au/wp-content/uploads/2023/02/Group-photo-of-three-artists-three-participants-Leeanne-Enoch-MP-and-Professor-Mark-Radford.jpg [12303740/12303740] -> "raw-site/qei.org.au/wp-content/uploads/2023/02/Group-photo-of-three-artists-three-participants-Leeanne-Enoch-MP-and-Professor-Mark-Radford.jpg" [1]
2026-08-31 10:22:51 URL:https://qei.org.au/wp-content/uploads/2020/03/IMG_2750.jpeg [3392224/3392224] -> "raw-site/qei.org.au/wp-content/uploads/2020/03/IMG_2750.jpeg" [1]
2026-08-31 10:22:51 URL:https://qei.org.au/wp-content/uploads/2019/12/DSC01688.jpg [3828869/3828869] -> "raw-site/qei.org.au/wp-content/uploads/2019/12/DSC01688.jpg" [1]
2026-08-31 10:22:52 URL:https://qei.org.au/wp-content/uploads/2019/08/IMG_5302.jpg [3713252/3713252] -> "raw-site/qei.org.au/wp-content/uploads/2019/08/IMG_5302.jpg" [1]
2026-08-31 10:22:52 URL:https://qei.org.au/wp-content/uploads/2017/02/ARVO-Asia-2017050.jpg [33375/33375] -> "raw-site/qei.org.au/wp-content/uploads/2017/02/ARVO-Asia-2017050.jpg" [1]
https://qei.org.au/wp-content/themes/qei/css/owl.video.play.png:
2026-08-31 10:22:53 ERROR 404: Not Found.
https://qei.org.au/wp-content/themes/qei/fonts/slick.eot:
2026-08-31 10:22:55 ERROR 404: Not Found.
https://qei.org.au/wp-content/themes/qei/fonts/slick.eot?:
2026-08-31 10:22:56 ERROR 404: Not Found.
https://qei.org.au/wp-content/themes/qei/fonts/slick.woff:
2026-08-31 10:22:57 ERROR 404: Not Found.
https://qei.org.au/wp-content/themes/qei/fonts/slick.ttf:
2026-08-31 10:22:59 ERROR 404: Not Found.
https://qei.org.au/wp-content/themes/qei/fonts/slick.svg:
2026-08-31 10:23:00 ERROR 404: Not Found.
2026-08-31 10:23:01 URL:https://qei.org.au/newscategories/patient-story/ [114071] -> "raw-site/qei.org.au/newscategories/patient-story/index.html" [1]
2026-08-31 10:23:01 URL:https://qei.org.au/wp-content/themes/qei/css/custom-styles.css?ver=1788134147 [140055/140055] -> "raw-site/qei.org.au/wp-content/themes/qei/css/custom-styles.css@ver=1788134147.css" [1]
2026-08-31 10:23:02 URL:https://qei.org.au/wp-content/uploads/2023/06/Small_LCM_0803-copy.jpg [906750/906750] -> "raw-site/qei.org.au/wp-content/uploads/2023/06/Small_LCM_0803-copy.jpg" [1]
2026-08-31 10:23:02 URL:https://qei.org.au/wp-content/uploads/2021/05/For-featured-image-Max-smiling-wearing-glasses-in-teddy-dungarees-1.jpg [1948242/1948242] -> "raw-site/qei.org.au/wp-content/uploads/2021/05/For-featured-image-Max-smiling-wearing-glasses-in-teddy-dungarees-1.jpg" [1]
2026-08-31 10:23:03 URL:https://qei.org.au/wp-content/uploads/2019/05/Oscar-1.jpg [544946/544946] -> "raw-site/qei.org.au/wp-content/uploads/2019/05/Oscar-1.jpg" [1]
2026-08-31 10:23:03 URL:https://qei.org.au/wp-content/uploads/2019/02/DSC_0626-copy-e1553732080324.jpg [241053/241053] -> "raw-site/qei.org.au/wp-content/uploads/2019/02/DSC_0626-copy-e1553732080324.jpg" [1]
2026-08-31 10:23:04 URL:https://qei.org.au/wp-content/uploads/2018/03/Pam-Noel-cells-.jpg [182344/182344] -> "raw-site/qei.org.au/wp-content/uploads/2018/03/Pam-Noel-cells-.jpg" [1]
https://qei.org.au/wp-content/themes/qei/css/owl.video.play.png:
2026-08-31 10:23:05 ERROR 404: Not Found.
https://qei.org.au/wp-content/themes/qei/fonts/slick.eot:
2026-08-31 10:23:07 ERROR 404: Not Found.
https://qei.org.au/wp-content/themes/qei/fonts/slick.eot?:
2026-08-31 10:23:08 ERROR 404: Not Found.
https://qei.org.au/wp-content/themes/qei/fonts/slick.woff:
2026-08-31 10:23:09 ERROR 404: Not Found.
https://qei.org.au/wp-content/themes/qei/fonts/slick.ttf:
2026-08-31 10:23:11 ERROR 404: Not Found.
https://qei.org.au/wp-content/themes/qei/fonts/slick.svg:
2026-08-31 10:23:12 ERROR 404: Not Found.
2026-08-31 10:23:13 URL:https://qei.org.au/newscategories/qei-clinic/ [113895] -> "raw-site/qei.org.au/newscategories/qei-clinic/index.html" [1]
2026-08-31 10:23:13 URL:https://qei.org.au/wp-content/themes/qei/css/custom-styles.css?ver=1788140947 [140055/140055] -> "raw-site/qei.org.au/wp-content/themes/qei/css/custom-styles.css@ver=1788140947.css" [1]
2026-08-31 10:23:14 URL:https://qei.org.au/wp-content/uploads/2026/08/Dr-Geoff-Ryan.jpg [252685/252685] -> "raw-site/qei.org.au/wp-content/uploads/2026/08/Dr-Geoff-Ryan.jpg" [1]
2026-08-31 10:23:14 URL:https://qei.org.au/wp-content/uploads/2026/03/eBook-Mockup-1.png [2278134/2278134] -> "raw-site/qei.org.au/wp-content/uploads/2026/03/eBook-Mockup-1.png" [1]
2026-08-31 10:23:15 URL:https://qei.org.au/wp-content/uploads/2025/08/sbdhlisting-1.jpg [3809464/3809464] -> "raw-site/qei.org.au/wp-content/uploads/2025/08/sbdhlisting-1.jpg" [1]
2026-08-31 10:23:16 URL:https://qei.org.au/wp-content/uploads/2025/08/shutterstock_225098761.jpg [11848693/11848693] -> "raw-site/qei.org.au/wp-content/uploads/2025/08/shutterstock_225098761.jpg" [1]
2026-08-31 10:23:16 URL:https://qei.org.au/wp-content/uploads/2025/08/shutterstock_258017207.jpg [11800588/11800588] -> "raw-site/qei.org.au/wp-content/uploads/2025/08/shutterstock_258017207.jpg" [1]
2026-08-31 10:23:17 URL:https://qei.org.au/wp-content/uploads/2025/08/shutterstock_139543490.jpg [1739985/1739985] -> "raw-site/qei.org.au/wp-content/uploads/2025/08/shutterstock_139543490.jpg" [1]
2026-08-31 10:23:17 URL:https://qei.org.au/wp-content/uploads/2025/08/shutterstock_220581238.jpg [7162283/7162283] -> "raw-site/qei.org.au/wp-content/uploads/2025/08/shutterstock_220581238.jpg" [1]
https://qei.org.au/wp-content/themes/qei/css/owl.video.play.png:
2026-08-31 10:23:18 ERROR 404: Not Found.
https://qei.org.au/wp-content/themes/qei/fonts/slick.eot:
2026-08-31 10:23:20 ERROR 404: Not Found.
https://qei.org.au/wp-content/themes/qei/fonts/slick.eot?:
2026-08-31 10:23:21 ERROR 404: Not Found.
https://qei.org.au/wp-content/themes/qei/fonts/slick.woff:
2026-08-31 10:23:22 ERROR 404: Not Found.
https://qei.org.au/wp-content/themes/qei/fonts/slick.ttf:
2026-08-31 10:23:24 ERROR 404: Not Found.
https://qei.org.au/wp-content/themes/qei/fonts/slick.svg:
2026-08-31 10:23:25 ERROR 404: Not Found.
2026-08-31 10:23:25 URL:https://qei.org.au/newscategories/qeif/ [116282] -> "raw-site/qei.org.au/newscategories/qeif/index.html" [1]
2026-08-31 10:23:26 URL:https://qei.org.au/wp-content/themes/qei/css/custom-styles.css?ver=1788134150 [140055/140055] -> "raw-site/qei.org.au/wp-content/themes/qei/css/custom-styles.css@ver=1788134150.css" [1]
2026-08-31 10:23:26 URL:https://qei.org.au/wp-content/uploads/2019/09/Charles-Viertel-e1567399004150.jpg [542009/542009] -> "raw-site/qei.org.au/wp-content/uploads/2019/09/Charles-Viertel-e1567399004150.jpg" [1]
2026-08-31 10:23:27 URL:https://qei.org.au/wp-content/uploads/2020/06/QEI_0245_A2.jpg [10580669/10580669] -> "raw-site/qei.org.au/wp-content/uploads/2020/06/QEI_0245_A2.jpg" [1]
https://qei.org.au/wp-content/themes/qei/css/owl.video.play.png:
2026-08-31 10:23:28 ERROR 404: Not Found.
https://qei.org.au/wp-content/themes/qei/fonts/slick.eot:
2026-08-31 10:23:30 ERROR 404: Not Found.
https://qei.org.au/wp-content/themes/qei/fonts/slick.eot?:
2026-08-31 10:23:31 ERROR 404: Not Found.
https://qei.org.au/wp-content/themes/qei/fonts/slick.woff:
2026-08-31 10:23:32 ERROR 404: Not Found.
https://qei.org.au/wp-content/themes/qei/fonts/slick.ttf:
2026-08-31 10:23:33 ERROR 404: Not Found.
https://qei.org.au/wp-content/themes/qei/fonts/slick.svg:
2026-08-31 10:23:35 ERROR 404: Not Found.
2026-08-31 10:23:35 URL:https://qei.org.au/newscategories/research/ [114093] -> "raw-site/qei.org.au/newscategories/research/index.html" [1]
2026-08-31 10:23:36 URL:https://qei.org.au/wp-content/themes/qei/css/custom-styles.css?ver=1788134153 [140055/140055] -> "raw-site/qei.org.au/wp-content/themes/qei/css/custom-styles.css@ver=1788134153.css" [1]
2026-08-31 10:23:36 URL:https://qei.org.au/wp-content/uploads/2021/02/QEI_0275_A3-e1613354744457.jpg [278677/278677] -> "raw-site/qei.org.au/wp-content/uploads/2021/02/QEI_0275_A3-e1613354744457.jpg" [1]
2026-08-31 10:23:37 URL:https://qei.org.au/wp-content/uploads/2025/07/20250626_QEI-Aix-Marseille-Universite-1_Web.jpg [1524309/1524309] -> "raw-site/qei.org.au/wp-content/uploads/2025/07/20250626_QEI-Aix-Marseille-Universite-1_Web.jpg" [1]
https://qei.org.au/wp-content/themes/qei/css/owl.video.play.png:
2026-08-31 10:23:38 ERROR 404: Not Found.
https://qei.org.au/wp-content/themes/qei/fonts/slick.eot:
2026-08-31 10:23:39 ERROR 404: Not Found.
https://qei.org.au/wp-content/themes/qei/fonts/slick.eot?:
2026-08-31 10:23:41 ERROR 404: Not Found.
https://qei.org.au/wp-content/themes/qei/fonts/slick.woff:
2026-08-31 10:23:42 ERROR 404: Not Found.
https://qei.org.au/wp-content/themes/qei/fonts/slick.ttf:
2026-08-31 10:23:43 ERROR 404: Not Found.
https://qei.org.au/wp-content/themes/qei/fonts/slick.svg:
2026-08-31 10:23:44 ERROR 404: Not Found.
2026-08-31 10:23:45 URL:https://qei.org.au/ophthalmologists/ [117752] -> "raw-site/qei.org.au/ophthalmologists/index.html" [1]
2026-08-31 10:23:45 URL:https://qei.org.au/wp-content/themes/qei/css/custom-styles.css?ver=1788155469 [140055/140055] -> "raw-site/qei.org.au/wp-content/themes/qei/css/custom-styles.css@ver=1788155469.css" [1]
2026-08-31 10:23:46 URL:https://qei.org.au/wp-content/uploads/2026/03/Dr-Brendan-Cronin-3-1.png [901261/901261] -> "raw-site/qei.org.au/wp-content/uploads/2026/03/Dr-Brendan-Cronin-3-1.png" [1]
2026-08-31 10:23:46 URL:https://qei.org.au/wp-content/uploads/2026/03/Dr-David-Gunn-1-1.png [630734/630734] -> "raw-site/qei.org.au/wp-content/uploads/2026/03/Dr-David-Gunn-1-1.png" [1]
2026-08-31 10:23:47 URL:https://qei.org.au/wp-content/uploads/2026/03/LeeHolland_0L6A0738H-reduced-2.png [833984/833984] -> "raw-site/qei.org.au/wp-content/uploads/2026/03/LeeHolland_0L6A0738H-reduced-2.png" [1]
2026-08-31 10:23:47 URL:https://qei.org.au/wp-content/uploads/2026/03/Dr-Anthony-Kwan-1.png [1104083/1104083] -> "raw-site/qei.org.au/wp-content/uploads/2026/03/Dr-Anthony-Kwan-1.png" [1]
2026-08-31 10:23:48 URL:https://qei.org.au/wp-content/uploads/2026/03/Dr-Jonathon-Lai-1.png [171385/171385] -> "raw-site/qei.org.au/wp-content/uploads/2026/03/Dr-Jonathon-Lai-1.png" [1]
2026-08-31 10:23:49 URL:https://qei.org.au/wp-content/uploads/2026/03/20240411DrAlexandraManta1-1-1.png [835936/835936] -> "raw-site/qei.org.au/wp-content/uploads/2026/03/20240411DrAlexandraManta1-1-1.png" [1]
2026-08-31 10:23:49 URL:https://qei.org.au/wp-content/uploads/2026/03/DrAlexNewman-1-1.png [389507/389507] -> "raw-site/qei.org.au/wp-content/uploads/2026/03/DrAlexNewman-1-1.png" [1]
2026-08-31 10:23:50 URL:https://qei.org.au/wp-content/uploads/2026/03/Anthony-Pane-2-1.png [419472/419472] -> "raw-site/qei.org.au/wp-content/uploads/2026/03/Anthony-Pane-2-1.png" [1]
2026-08-31 10:23:50 URL:https://qei.org.au/wp-content/uploads/2026/03/Dr-Angela-Richards-Photo-e1688957661719-2.png [622061/622061] -> "raw-site/qei.org.au/wp-content/uploads/2026/03/Dr-Angela-Richards-Photo-e1688957661719-2.png" [1]
2026-08-31 10:23:51 URL:https://qei.org.au/wp-content/uploads/2026/03/Geoffrey_0134_Headshot.png [1074754/1074754] -> "raw-site/qei.org.au/wp-content/uploads/2026/03/Geoffrey_0134_Headshot.png" [1]
2026-08-31 10:23:51 URL:https://qei.org.au/wp-content/uploads/2026/03/Dr-Abhishek-Sharma-1-1.png [1510508/1510508] -> "raw-site/qei.org.au/wp-content/uploads/2026/03/Dr-Abhishek-Sharma-1-1.png" [1]
https://qei.org.au/wp-content/themes/qei/css/owl.video.play.png:
2026-08-31 10:23:52 ERROR 404: Not Found.
https://qei.org.au/wp-content/themes/qei/fonts/slick.eot:
2026-08-31 10:23:54 ERROR 404: Not Found.
https://qei.org.au/wp-content/themes/qei/fonts/slick.eot?:
2026-08-31 10:23:55 ERROR 404: Not Found.
https://qei.org.au/wp-content/themes/qei/fonts/slick.woff:
2026-08-31 10:23:56 ERROR 404: Not Found.
https://qei.org.au/wp-content/themes/qei/fonts/slick.ttf:
2026-08-31 10:23:57 ERROR 404: Not Found.
https://qei.org.au/wp-content/themes/qei/fonts/slick.svg:
2026-08-31 10:23:59 ERROR 404: Not Found.
2026-08-31 10:23:59 URL:https://qei.org.au/ophthalmologists/associate-professor-anthony-kwan/ [119137] -> "raw-site/qei.org.au/ophthalmologists/associate-professor-anthony-kwan/index.html" [1]
2026-08-31 10:24:00 URL:https://qei.org.au/wp-content/themes/qei/css/custom-styles.css?ver=1788162827 [140055/140055] -> "raw-site/qei.org.au/wp-content/themes/qei/css/custom-styles.css@ver=1788162827.css" [1]
https://qei.org.au/wp-content/themes/qei/images/mask-bg.png:
2026-08-31 10:24:01 ERROR 404: Not Found.
https://qei.org.au/wp-content/themes/qei/css/owl.video.play.png:
2026-08-31 10:24:02 ERROR 404: Not Found.
https://qei.org.au/wp-content/themes/qei/fonts/slick.eot:
2026-08-31 10:24:04 ERROR 404: Not Found.
https://qei.org.au/wp-content/themes/qei/fonts/slick.eot?:
2026-08-31 10:24:05 ERROR 404: Not Found.
https://qei.org.au/wp-content/themes/qei/fonts/slick.woff:
2026-08-31 10:24:06 ERROR 404: Not Found.
https://qei.org.au/wp-content/themes/qei/fonts/slick.ttf:
2026-08-31 10:24:07 ERROR 404: Not Found.
https://qei.org.au/wp-content/themes/qei/fonts/slick.svg:
2026-08-31 10:24:09 ERROR 404: Not Found.
2026-08-31 10:24:09 URL:https://qei.org.au/ophthalmologists/dr-abhishek-sharma/ [116394] -> "raw-site/qei.org.au/ophthalmologists/dr-abhishek-sharma/index.html" [1]
2026-08-31 10:24:10 URL:https://qei.org.au/wp-content/themes/qei/css/custom-styles.css?ver=1788155467 [140055/140055] -> "raw-site/qei.org.au/wp-content/themes/qei/css/custom-styles.css@ver=1788155467.css" [1]
https://qei.org.au/wp-content/themes/qei/images/mask-bg.png:
2026-08-31 10:24:11 ERROR 404: Not Found.
https://qei.org.au/wp-content/themes/qei/css/owl.video.play.png:
2026-08-31 10:24:12 ERROR 404: Not Found.
https://qei.org.au/wp-content/themes/qei/fonts/slick.eot:
2026-08-31 10:24:14 ERROR 404: Not Found.
https://qei.org.au/wp-content/themes/qei/fonts/slick.eot?:
2026-08-31 10:24:15 ERROR 404: Not Found.
https://qei.org.au/wp-content/themes/qei/fonts/slick.woff:
2026-08-31 10:24:16 ERROR 404: Not Found.
https://qei.org.au/wp-content/themes/qei/fonts/slick.ttf:
2026-08-31 10:24:18 ERROR 404: Not Found.
https://qei.org.au/wp-content/themes/qei/fonts/slick.svg:
2026-08-31 10:24:19 ERROR 404: Not Found.
2026-08-31 10:24:19 URL:https://qei.org.au/ophthalmologists/dr-alexander-newman/ [114117] -> "raw-site/qei.org.au/ophthalmologists/dr-alexander-newman/index.html" [1]
2026-08-31 10:24:20 URL:https://qei.org.au/wp-content/themes/qei/css/custom-styles.css?ver=1788155526 [140055/140055] -> "raw-site/qei.org.au/wp-content/themes/qei/css/custom-styles.css@ver=1788155526.css" [1]
https://qei.org.au/wp-content/themes/qei/images/mask-bg.png:
2026-08-31 10:24:21 ERROR 404: Not Found.
https://qei.org.au/wp-content/themes/qei/css/owl.video.play.png:
2026-08-31 10:24:22 ERROR 404: Not Found.
https://qei.org.au/wp-content/themes/qei/fonts/slick.eot:
2026-08-31 10:24:24 ERROR 404: Not Found.
https://qei.org.au/wp-content/themes/qei/fonts/slick.eot?:
2026-08-31 10:24:25 ERROR 404: Not Found.
https://qei.org.au/wp-content/themes/qei/fonts/slick.woff:
2026-08-31 10:24:26 ERROR 404: Not Found.
https://qei.org.au/wp-content/themes/qei/fonts/slick.ttf:
2026-08-31 10:24:28 ERROR 404: Not Found.
https://qei.org.au/wp-content/themes/qei/fonts/slick.svg:
2026-08-31 10:24:29 ERROR 404: Not Found.
2026-08-31 10:24:29 URL:https://qei.org.au/ophthalmologists/dr-alexandra-manta/ [118066] -> "raw-site/qei.org.au/ophthalmologists/dr-alexandra-manta/index.html" [1]
2026-08-31 10:24:30 URL:https://qei.org.au/wp-content/themes/qei/css/custom-styles.css?ver=1788163610 [140055/140055] -> "raw-site/qei.org.au/wp-content/themes/qei/css/custom-styles.css@ver=1788163610.css" [1]
https://qei.org.au/wp-content/themes/qei/images/mask-bg.png:
2026-08-31 10:24:31 ERROR 404: Not Found.
https://qei.org.au/wp-content/themes/qei/css/owl.video.play.png:
2026-08-31 10:24:32 ERROR 404: Not Found.
https://qei.org.au/wp-content/themes/qei/fonts/slick.eot:
2026-08-31 10:24:34 ERROR 404: Not Found.
https://qei.org.au/wp-content/themes/qei/fonts/slick.eot?:
2026-08-31 10:24:35 ERROR 404: Not Found.
https://qei.org.au/wp-content/themes/qei/fonts/slick.woff:
2026-08-31 10:24:36 ERROR 404: Not Found.
https://qei.org.au/wp-content/themes/qei/fonts/slick.ttf:
2026-08-31 10:24:38 ERROR 404: Not Found.
https://qei.org.au/wp-content/themes/qei/fonts/slick.svg:
2026-08-31 10:24:39 ERROR 404: Not Found.
2026-08-31 10:24:39 URL:https://qei.org.au/ophthalmologists/dr-angela-richards/ [117741] -> "raw-site/qei.org.au/ophthalmologists/dr-angela-richards/index.html" [1]
2026-08-31 10:24:40 URL:https://qei.org.au/wp-content/themes/qei/css/custom-styles.css?ver=1788169794 [140055/140055] -> "raw-site/qei.org.au/wp-content/themes/qei/css/custom-styles.css@ver=1788169794.css" [1]
https://qei.org.au/wp-content/themes/qei/images/mask-bg.png:
2026-08-31 10:24:42 ERROR 404: Not Found.
https://qei.org.au/wp-content/themes/qei/css/owl.video.play.png:
2026-08-31 10:24:43 ERROR 404: Not Found.
https://qei.org.au/wp-content/themes/qei/fonts/slick.eot:
2026-08-31 10:24:44 ERROR 404: Not Found.
https://qei.org.au/wp-content/themes/qei/fonts/slick.eot?:
2026-08-31 10:24:46 ERROR 404: Not Found.
https://qei.org.au/wp-content/themes/qei/fonts/slick.woff:
2026-08-31 10:24:47 ERROR 404: Not Found.
https://qei.org.au/wp-content/themes/qei/fonts/slick.ttf:
2026-08-31 10:24:48 ERROR 404: Not Found.
https://qei.org.au/wp-content/themes/qei/fonts/slick.svg:
2026-08-31 10:24:50 ERROR 404: Not Found.
2026-08-31 10:24:50 URL:https://qei.org.au/ophthalmologists/dr-anthony-pane/ [115882] -> "raw-site/qei.org.au/ophthalmologists/dr-anthony-pane/index.html" [1]
2026-08-31 10:24:51 URL:https://qei.org.au/wp-content/themes/qei/css/custom-styles.css?ver=1788137387 [140055/140055] -> "raw-site/qei.org.au/wp-content/themes/qei/css/custom-styles.css@ver=1788137387.css" [1]
https://qei.org.au/wp-content/themes/qei/images/mask-bg.png:
2026-08-31 10:24:52 ERROR 404: Not Found.
https://qei.org.au/wp-content/themes/qei/css/owl.video.play.png:
2026-08-31 10:24:53 ERROR 404: Not Found.
https://qei.org.au/wp-content/themes/qei/fonts/slick.eot:
2026-08-31 10:24:54 ERROR 404: Not Found.
https://qei.org.au/wp-content/themes/qei/fonts/slick.eot?:
2026-08-31 10:24:56 ERROR 404: Not Found.
https://qei.org.au/wp-content/themes/qei/fonts/slick.woff:
2026-08-31 10:24:57 ERROR 404: Not Found.
https://qei.org.au/wp-content/themes/qei/fonts/slick.ttf:
2026-08-31 10:24:58 ERROR 404: Not Found.
https://qei.org.au/wp-content/themes/qei/fonts/slick.svg:
2026-08-31 10:24:59 ERROR 404: Not Found.
2026-08-31 10:25:00 URL:https://qei.org.au/ophthalmologists/dr-brendan-cronin/ [117553] -> "raw-site/qei.org.au/ophthalmologists/dr-brendan-cronin/index.html" [1]
2026-08-31 10:25:01 URL:https://qei.org.au/wp-content/themes/qei/css/custom-styles.css?ver=1788162825 [140055/140055] -> "raw-site/qei.org.au/wp-content/themes/qei/css/custom-styles.css@ver=1788162825.css" [1]
https://qei.org.au/wp-content/themes/qei/images/mask-bg.png:
2026-08-31 10:25:02 ERROR 404: Not Found.
https://qei.org.au/wp-content/themes/qei/css/owl.video.play.png:
2026-08-31 10:25:03 ERROR 404: Not Found.
https://qei.org.au/wp-content/themes/qei/fonts/slick.eot:
2026-08-31 10:25:04 ERROR 404: Not Found.
https://qei.org.au/wp-content/themes/qei/fonts/slick.eot?:
2026-08-31 10:25:06 ERROR 404: Not Found.
https://qei.org.au/wp-content/themes/qei/fonts/slick.woff:
2026-08-31 10:25:07 ERROR 404: Not Found.
https://qei.org.au/wp-content/themes/qei/fonts/slick.ttf:
2026-08-31 10:25:08 ERROR 404: Not Found.
https://qei.org.au/wp-content/themes/qei/fonts/slick.svg:
2026-08-31 10:25:09 ERROR 404: Not Found.
2026-08-31 10:25:10 URL:https://qei.org.au/ophthalmologists/dr-david-gunn/ [116066] -> "raw-site/qei.org.au/ophthalmologists/dr-david-gunn/index.html" [1]
2026-08-31 10:25:11 URL:https://qei.org.au/wp-content/themes/qei/css/custom-styles.css?ver=1788162918 [140055/140055] -> "raw-site/qei.org.au/wp-content/themes/qei/css/custom-styles.css@ver=1788162918.css" [1]
https://qei.org.au/wp-content/themes/qei/images/mask-bg.png:
2026-08-31 10:25:12 ERROR 404: Not Found.
https://qei.org.au/wp-content/themes/qei/css/owl.video.play.png:
2026-08-31 10:25:13 ERROR 404: Not Found.
https://qei.org.au/wp-content/themes/qei/fonts/slick.eot:
2026-08-31 10:25:14 ERROR 404: Not Found.
https://qei.org.au/wp-content/themes/qei/fonts/slick.eot?:
2026-08-31 10:25:16 ERROR 404: Not Found.
https://qei.org.au/wp-content/themes/qei/fonts/slick.woff:
2026-08-31 10:25:17 ERROR 404: Not Found.
https://qei.org.au/wp-content/themes/qei/fonts/slick.ttf:
2026-08-31 10:25:18 ERROR 404: Not Found.
https://qei.org.au/wp-content/themes/qei/fonts/slick.svg:
2026-08-31 10:25:20 ERROR 404: Not Found.
2026-08-31 10:25:20 URL:https://qei.org.au/ophthalmologists/dr-geoffrey-ryan/ [116250] -> "raw-site/qei.org.au/ophthalmologists/dr-geoffrey-ryan/index.html" [1]
2026-08-31 10:25:21 URL:https://qei.org.au/wp-content/themes/qei/css/custom-styles.css?ver=1788162955 [140055/140055] -> "raw-site/qei.org.au/wp-content/themes/qei/css/custom-styles.css@ver=1788162955.css" [1]
https://qei.org.au/wp-content/themes/qei/images/mask-bg.png:
2026-08-31 10:25:22 ERROR 404: Not Found.
https://qei.org.au/wp-content/themes/qei/css/owl.video.play.png:
2026-08-31 10:25:23 ERROR 404: Not Found.
https://qei.org.au/wp-content/themes/qei/fonts/slick.eot:
2026-08-31 10:25:25 ERROR 404: Not Found.
https://qei.org.au/wp-content/themes/qei/fonts/slick.eot?:
2026-08-31 10:25:26 ERROR 404: Not Found.
https://qei.org.au/wp-content/themes/qei/fonts/slick.woff:
2026-08-31 10:25:27 ERROR 404: Not Found.
https://qei.org.au/wp-content/themes/qei/fonts/slick.ttf:
2026-08-31 10:25:29 ERROR 404: Not Found.
https://qei.org.au/wp-content/themes/qei/fonts/slick.svg:
2026-08-31 10:25:30 ERROR 404: Not Found.
2026-08-31 10:25:30 URL:https://qei.org.au/ophthalmologists/dr-jonathan-lai/ [115039] -> "raw-site/qei.org.au/ophthalmologists/dr-jonathan-lai/index.html" [1]
2026-08-31 10:25:31 URL:https://qei.org.au/wp-content/themes/qei/css/custom-styles.css?ver=1788155474 [140055/140055] -> "raw-site/qei.org.au/wp-content/themes/qei/css/custom-styles.css@ver=1788155474.css" [1]
https://qei.org.au/wp-content/themes/qei/images/mask-bg.png:
2026-08-31 10:25:32 ERROR 404: Not Found.
https://qei.org.au/wp-content/themes/qei/css/owl.video.play.png:
2026-08-31 10:25:34 ERROR 404: Not Found.
https://qei.org.au/wp-content/themes/qei/fonts/slick.eot:
2026-08-31 10:25:35 ERROR 404: Not Found.
https://qei.org.au/wp-content/themes/qei/fonts/slick.eot?:
2026-08-31 10:25:37 ERROR 404: Not Found.
https://qei.org.au/wp-content/themes/qei/fonts/slick.woff:
2026-08-31 10:25:38 ERROR 404: Not Found.
https://qei.org.au/wp-content/themes/qei/fonts/slick.ttf:
2026-08-31 10:25:40 ERROR 404: Not Found.
https://qei.org.au/wp-content/themes/qei/fonts/slick.svg:
2026-08-31 10:25:41 ERROR 404: Not Found.
2026-08-31 10:25:41 URL:https://qei.org.au/ophthalmologists/dr-lee-holland/ [117859] -> "raw-site/qei.org.au/ophthalmologists/dr-lee-holland/index.html" [1]
2026-08-31 10:25:42 URL:https://qei.org.au/wp-content/themes/qei/css/custom-styles.css?ver=1788155472 [140055/140055] -> "raw-site/qei.org.au/wp-content/themes/qei/css/custom-styles.css@ver=1788155472.css" [1]
https://qei.org.au/wp-content/themes/qei/images/mask-bg.png:
2026-08-31 10:25:43 ERROR 404: Not Found.
https://qei.org.au/wp-content/themes/qei/css/owl.video.play.png:
2026-08-31 10:25:45 ERROR 404: Not Found.
https://qei.org.au/wp-content/themes/qei/fonts/slick.eot:
2026-08-31 10:25:46 ERROR 404: Not Found.
https://qei.org.au/wp-content/themes/qei/fonts/slick.eot?:
2026-08-31 10:25:47 ERROR 404: Not Found.
https://qei.org.au/wp-content/themes/qei/fonts/slick.woff:
2026-08-31 10:25:48 ERROR 404: Not Found.
https://qei.org.au/wp-content/themes/qei/fonts/slick.ttf:
2026-08-31 10:25:50 ERROR 404: Not Found.
https://qei.org.au/wp-content/themes/qei/fonts/slick.svg:
2026-08-31 10:25:51 ERROR 404: Not Found.
2026-08-31 10:25:51 URL:https://qei.org.au/ophthalmologists/refer-a-patient-form/ [140603] -> "raw-site/qei.org.au/ophthalmologists/refer-a-patient-form/index.html" [1]
2026-08-31 10:25:52 URL:https://qei.org.au/wp-content/themes/qei/css/custom-styles.css?ver=1788162754 [140055/140055] -> "raw-site/qei.org.au/wp-content/themes/qei/css/custom-styles.css@ver=1788162754.css" [1]
https://qei.org.au/wp-content/themes/qei/css/owl.video.play.png:
2026-08-31 10:25:53 ERROR 404: Not Found.
https://qei.org.au/wp-content/themes/qei/fonts/slick.eot:
2026-08-31 10:25:55 ERROR 404: Not Found.
https://qei.org.au/wp-content/themes/qei/fonts/slick.eot?:
2026-08-31 10:25:56 ERROR 404: Not Found.
https://qei.org.au/wp-content/themes/qei/fonts/slick.woff:
2026-08-31 10:25:57 ERROR 404: Not Found.
https://qei.org.au/wp-content/themes/qei/fonts/slick.ttf:
2026-08-31 10:25:58 ERROR 404: Not Found.
https://qei.org.au/wp-content/themes/qei/fonts/slick.svg:
2026-08-31 10:26:00 ERROR 404: Not Found.
2026-08-31 10:26:00 URL:https://qei.org.au/our-vision/ [115971] -> "raw-site/qei.org.au/our-vision/index.html" [1]
2026-08-31 10:26:01 URL:https://qei.org.au/wp-content/themes/qei/css/custom-styles.css?ver=1788169728 [140055/140055] -> "raw-site/qei.org.au/wp-content/themes/qei/css/custom-styles.css@ver=1788169728.css" [1]
2026-08-31 10:26:01 URL:https://qei.org.au/wp-content/uploads/2019/02/our-vision-banner-982x450.png [539110/539110] -> "raw-site/qei.org.au/wp-content/uploads/2019/02/our-vision-banner-982x450.png" [1]
https://qei.org.au/wp-content/themes/qei/css/owl.video.play.png:
2026-08-31 10:26:03 ERROR 404: Not Found.
https://qei.org.au/wp-content/themes/qei/fonts/slick.eot:
2026-08-31 10:26:04 ERROR 404: Not Found.
https://qei.org.au/wp-content/themes/qei/fonts/slick.eot?:
2026-08-31 10:26:05 ERROR 404: Not Found.
https://qei.org.au/wp-content/themes/qei/fonts/slick.woff:
2026-08-31 10:26:07 ERROR 404: Not Found.
https://qei.org.au/wp-content/themes/qei/fonts/slick.ttf:
2026-08-31 10:26:08 ERROR 404: Not Found.
https://qei.org.au/wp-content/themes/qei/fonts/slick.svg:
2026-08-31 10:26:09 ERROR 404: Not Found.
2026-08-31 10:26:10 URL:https://qei.org.au/patient-info/ [109102] -> "raw-site/qei.org.au/patient-info/index.html" [1]
2026-08-31 10:26:10 URL:https://qei.org.au/wp-content/themes/qei/css/custom-styles.css?ver=1788169783 [140055/140055] -> "raw-site/qei.org.au/wp-content/themes/qei/css/custom-styles.css@ver=1788169783.css" [1]
2026-08-31 10:26:11 URL:https://qei.org.au/wp-content/uploads/2020/05/QEI_0408_web-400x266.jpg [18595/18595] -> "raw-site/qei.org.au/wp-content/uploads/2020/05/QEI_0408_web-400x266.jpg" [1]
2026-08-31 10:26:11 URL:https://qei.org.au/wp-content/uploads/2019/02/findus-e1554346678464.jpg [103962/103962] -> "raw-site/qei.org.au/wp-content/uploads/2019/02/findus-e1554346678464.jpg" [1]
https://qei.org.au/wp-content/themes/qei/css/owl.video.play.png:
2026-08-31 10:26:13 ERROR 404: Not Found.
https://qei.org.au/wp-content/themes/qei/fonts/slick.eot:
2026-08-31 10:26:14 ERROR 404: Not Found.
https://qei.org.au/wp-content/themes/qei/fonts/slick.eot?:
2026-08-31 10:26:15 ERROR 404: Not Found.
https://qei.org.au/wp-content/themes/qei/fonts/slick.woff:
2026-08-31 10:26:16 ERROR 404: Not Found.
https://qei.org.au/wp-content/themes/qei/fonts/slick.ttf:
2026-08-31 10:26:18 ERROR 404: Not Found.
https://qei.org.au/wp-content/themes/qei/fonts/slick.svg:
2026-08-31 10:26:19 ERROR 404: Not Found.
2026-08-31 10:26:19 URL:https://qei.org.au/patient-info/book-cataract-or-pterygium-assessment/ [110138] -> "raw-site/qei.org.au/patient-info/book-cataract-or-pterygium-assessment/index.html" [1]
2026-08-31 10:26:20 URL:https://qei.org.au/wp-content/themes/qei/css/custom-styles.css?ver=1788137507 [140055/140055] -> "raw-site/qei.org.au/wp-content/themes/qei/css/custom-styles.css@ver=1788137507.css" [1]
https://qei.org.au/wp-content/themes/qei/css/owl.video.play.png:
2026-08-31 10:26:21 ERROR 404: Not Found.
https://qei.org.au/wp-content/themes/qei/fonts/slick.eot:
2026-08-31 10:26:23 ERROR 404: Not Found.
https://qei.org.au/wp-content/themes/qei/fonts/slick.eot?:
2026-08-31 10:26:24 ERROR 404: Not Found.
https://qei.org.au/wp-content/themes/qei/fonts/slick.woff:
2026-08-31 10:26:25 ERROR 404: Not Found.
https://qei.org.au/wp-content/themes/qei/fonts/slick.ttf:
2026-08-31 10:26:27 ERROR 404: Not Found.
https://qei.org.au/wp-content/themes/qei/fonts/slick.svg:
2026-08-31 10:26:28 ERROR 404: Not Found.
2026-08-31 10:26:28 URL:https://qei.org.au/patient-info/how-to-find-us/ [108959] -> "raw-site/qei.org.au/patient-info/how-to-find-us/index.html" [1]
2026-08-31 10:26:29 URL:https://qei.org.au/wp-content/themes/qei/css/custom-styles.css?ver=1788144754 [140055/140055] -> "raw-site/qei.org.au/wp-content/themes/qei/css/custom-styles.css@ver=1788144754.css" [1]
2026-08-31 10:26:29 URL:https://qei.org.au/wp-content/uploads/2019/02/findus-e1554346678464-800x450.jpg [29451/29451] -> "raw-site/qei.org.au/wp-content/uploads/2019/02/findus-e1554346678464-800x450.jpg" [1]
https://qei.org.au/wp-content/themes/qei/css/owl.video.play.png:
2026-08-31 10:26:31 ERROR 404: Not Found.
https://qei.org.au/wp-content/themes/qei/fonts/slick.eot:
2026-08-31 10:26:32 ERROR 404: Not Found.
https://qei.org.au/wp-content/themes/qei/fonts/slick.eot?:
2026-08-31 10:26:33 ERROR 404: Not Found.
https://qei.org.au/wp-content/themes/qei/fonts/slick.woff:
2026-08-31 10:26:35 ERROR 404: Not Found.
https://qei.org.au/wp-content/themes/qei/fonts/slick.ttf:
2026-08-31 10:26:36 ERROR 404: Not Found.
https://qei.org.au/wp-content/themes/qei/fonts/slick.svg:
2026-08-31 10:26:37 ERROR 404: Not Found.
2026-08-31 10:26:38 URL:https://qei.org.au/patient-info/preparing-for-your-visit/ [112876] -> "raw-site/qei.org.au/patient-info/preparing-for-your-visit/index.html" [1]
2026-08-31 10:26:38 URL:https://qei.org.au/wp-content/themes/qei/css/custom-styles.css?ver=1788144757 [140055/140055] -> "raw-site/qei.org.au/wp-content/themes/qei/css/custom-styles.css@ver=1788144757.css" [1]
2026-08-31 10:26:39 URL:https://qei.org.au/wp-content/uploads/2019/04/QEI_0489_A1-676x450.jpg [39609/39609] -> "raw-site/qei.org.au/wp-content/uploads/2019/04/QEI_0489_A1-676x450.jpg" [1]
https://qei.org.au/wp-content/themes/qei/css/owl.video.play.png:
2026-08-31 10:26:40 ERROR 404: Not Found.
https://qei.org.au/wp-content/themes/qei/fonts/slick.eot:
2026-08-31 10:26:42 ERROR 404: Not Found.
https://qei.org.au/wp-content/themes/qei/fonts/slick.eot?:
2026-08-31 10:26:43 ERROR 404: Not Found.
https://qei.org.au/wp-content/themes/qei/fonts/slick.woff:
2026-08-31 10:26:44 ERROR 404: Not Found.
https://qei.org.au/wp-content/themes/qei/fonts/slick.ttf:
2026-08-31 10:26:45 ERROR 404: Not Found.
https://qei.org.au/wp-content/themes/qei/fonts/slick.svg:
2026-08-31 10:26:47 ERROR 404: Not Found.
2026-08-31 10:26:47 URL:https://qei.org.au/patient-info/request-medical-record/ [152651] -> "raw-site/qei.org.au/patient-info/request-medical-record/index.html" [1]
2026-08-31 10:26:48 URL:https://qei.org.au/wp-content/themes/qei/css/custom-styles.css?ver=1788163540 [140055/140055] -> "raw-site/qei.org.au/wp-content/themes/qei/css/custom-styles.css@ver=1788163540.css" [1]
https://qei.org.au/wp-content/themes/qei/css/owl.video.play.png:
2026-08-31 10:26:49 ERROR 404: Not Found.
https://qei.org.au/wp-content/themes/qei/fonts/slick.eot:
2026-08-31 10:26:50 ERROR 404: Not Found.
https://qei.org.au/wp-content/themes/qei/fonts/slick.eot?:
2026-08-31 10:26:51 ERROR 404: Not Found.
https://qei.org.au/wp-content/themes/qei/fonts/slick.woff:
2026-08-31 10:26:53 ERROR 404: Not Found.
https://qei.org.au/wp-content/themes/qei/fonts/slick.ttf:
2026-08-31 10:26:54 ERROR 404: Not Found.
https://qei.org.au/wp-content/themes/qei/fonts/slick.svg:
2026-08-31 10:26:55 ERROR 404: Not Found.
2026-08-31 10:26:56 URL:https://qei.org.au/patient-info/send-enquiry/ [136361] -> "raw-site/qei.org.au/patient-info/send-enquiry/index.html" [1]
2026-08-31 10:26:56 URL:https://qei.org.au/wp-content/themes/qei/css/custom-styles.css?ver=1788137505 [140055/140055] -> "raw-site/qei.org.au/wp-content/themes/qei/css/custom-styles.css@ver=1788137505.css" [1]
https://qei.org.au/wp-content/themes/qei/css/owl.video.play.png:
2026-08-31 10:26:58 ERROR 404: Not Found.
https://qei.org.au/wp-content/themes/qei/fonts/slick.eot:
2026-08-31 10:26:59 ERROR 404: Not Found.
https://qei.org.au/wp-content/themes/qei/fonts/slick.eot?:
2026-08-31 10:27:00 ERROR 404: Not Found.
https://qei.org.au/wp-content/themes/qei/fonts/slick.woff:
2026-08-31 10:27:01 ERROR 404: Not Found.
https://qei.org.au/wp-content/themes/qei/fonts/slick.ttf:
2026-08-31 10:27:03 ERROR 404: Not Found.
https://qei.org.au/wp-content/themes/qei/fonts/slick.svg:
2026-08-31 10:27:04 ERROR 404: Not Found.
2026-08-31 10:27:05 URL:https://qei.org.au/patientstory/alexandras-christmas-wish/ [114546] -> "raw-site/qei.org.au/patientstory/alexandras-christmas-wish/index.html" [1]
2026-08-31 10:27:05 URL:https://qei.org.au/wp-content/themes/qei/css/custom-styles.css?ver=1788169950 [140055/140055] -> "raw-site/qei.org.au/wp-content/themes/qei/css/custom-styles.css@ver=1788169950.css" [1]
2026-08-31 10:27:06 URL:https://qei.org.au/wp-content/uploads/2019/02/allyweb-1.jpg [114563/114563] -> "raw-site/qei.org.au/wp-content/uploads/2019/02/allyweb-1.jpg" [1]
2026-08-31 10:27:06 URL:https://qei.org.au/wp-content/uploads/2019/02/allyweb.jpg [114563/114563] -> "raw-site/qei.org.au/wp-content/uploads/2019/02/allyweb.jpg" [1]
2026-08-31 10:27:07 URL:https://qei.org.au/wp-content/uploads/2019/02/allyweb-300x160.jpg [8619/8619] -> "raw-site/qei.org.au/wp-content/uploads/2019/02/allyweb-300x160.jpg" [1]
https://qei.org.au/wp-content/themes/qei/css/owl.video.play.png:
2026-08-31 10:27:08 ERROR 404: Not Found.
https://qei.org.au/wp-content/themes/qei/fonts/slick.eot:
2026-08-31 10:27:09 ERROR 404: Not Found.
https://qei.org.au/wp-content/themes/qei/fonts/slick.eot?:
2026-08-31 10:27:11 ERROR 404: Not Found.
https://qei.org.au/wp-content/themes/qei/fonts/slick.woff:
2026-08-31 10:27:12 ERROR 404: Not Found.
https://qei.org.au/wp-content/themes/qei/fonts/slick.ttf:
2026-08-31 10:27:13 ERROR 404: Not Found.
https://qei.org.au/wp-content/themes/qei/fonts/slick.svg:
2026-08-31 10:27:14 ERROR 404: Not Found.
2026-08-31 10:27:15 URL:https://qei.org.au/patientstory/blackout-a-blessing-for-marten/ [111934] -> "raw-site/qei.org.au/patientstory/blackout-a-blessing-for-marten/index.html" [1]
2026-08-31 10:27:15 URL:https://qei.org.au/wp-content/themes/qei/css/custom-styles.css?ver=1788134033 [140055/140055] -> "raw-site/qei.org.au/wp-content/themes/qei/css/custom-styles.css@ver=1788134033.css" [1]
2026-08-31 10:27:16 URL:https://qei.org.au/wp-content/uploads/2019/02/blackout-e1561432441147-463x450.jpg [52149/52149] -> "raw-site/qei.org.au/wp-content/uploads/2019/02/blackout-e1561432441147-463x450.jpg" [1]
https://qei.org.au/wp-content/themes/qei/css/owl.video.play.png:
2026-08-31 10:27:17 ERROR 404: Not Found.
https://qei.org.au/wp-content/themes/qei/fonts/slick.eot:
2026-08-31 10:27:19 ERROR 404: Not Found.
https://qei.org.au/wp-content/themes/qei/fonts/slick.eot?:
2026-08-31 10:27:20 ERROR 404: Not Found.
https://qei.org.au/wp-content/themes/qei/fonts/slick.woff:
2026-08-31 10:27:21 ERROR 404: Not Found.
https://qei.org.au/wp-content/themes/qei/fonts/slick.ttf:
2026-08-31 10:27:23 ERROR 404: Not Found.
https://qei.org.au/wp-content/themes/qei/fonts/slick.svg:
2026-08-31 10:27:24 ERROR 404: Not Found.
2026-08-31 10:27:24 URL:https://qei.org.au/patientstory/catherine-wants-a-life-to-watch-her-grandchildren-growth/ [113167] -> "raw-site/qei.org.au/patientstory/catherine-wants-a-life-to-watch-her-grandchildren-growth/index.html" [1]
2026-08-31 10:27:25 URL:https://qei.org.au/wp-content/themes/qei/css/custom-styles.css?ver=1788134036 [140055/140055] -> "raw-site/qei.org.au/wp-content/themes/qei/css/custom-styles.css@ver=1788134036.css" [1]
2026-08-31 10:27:25 URL:https://qei.org.au/wp-content/uploads/2019/02/CP_web2-1-873x450.jpg [56570/56570] -> "raw-site/qei.org.au/wp-content/uploads/2019/02/CP_web2-1-873x450.jpg" [1]
https://qei.org.au/wp-content/themes/qei/css/owl.video.play.png:
2026-08-31 10:27:27 ERROR 404: Not Found.
https://qei.org.au/wp-content/themes/qei/fonts/slick.eot:
2026-08-31 10:27:28 ERROR 404: Not Found.
https://qei.org.au/wp-content/themes/qei/fonts/slick.eot?:
2026-08-31 10:27:29 ERROR 404: Not Found.
https://qei.org.au/wp-content/themes/qei/fonts/slick.woff:
2026-08-31 10:27:30 ERROR 404: Not Found.
https://qei.org.au/wp-content/themes/qei/fonts/slick.ttf:
2026-08-31 10:27:32 ERROR 404: Not Found.
https://qei.org.au/wp-content/themes/qei/fonts/slick.svg:
2026-08-31 10:27:33 ERROR 404: Not Found.
2026-08-31 10:27:34 URL:https://qei.org.au/patientstory/clinical-trials-hold-special-meaning-for-nicola/ [115687] -> "raw-site/qei.org.au/patientstory/clinical-trials-hold-special-meaning-for-nicola/index.html" [1]
2026-08-31 10:27:34 URL:https://qei.org.au/wp-content/themes/qei/css/custom-styles.css?ver=1788137402 [140055/140055] -> "raw-site/qei.org.au/wp-content/themes/qei/css/custom-styles.css@ver=1788137402.css" [1]
2026-08-31 10:27:35 URL:https://qei.org.au/wp-content/uploads/2025/03/20250123NicolaHenderson_ClinicalTrials-cropped-for-feature-image.png [1301077/1301077] -> "raw-site/qei.org.au/wp-content/uploads/2025/03/20250123NicolaHenderson_ClinicalTrials-cropped-for-feature-image.png" [1]
2026-08-31 10:27:35 URL:https://qei.org.au/wp-content/uploads/2025/03/Nicola-Danielson-with-family.png [915733/915733] -> "raw-site/qei.org.au/wp-content/uploads/2025/03/Nicola-Danielson-with-family.png" [1]
2026-08-31 10:27:36 URL:https://qei.org.au/wp-content/uploads/2025/03/Nicola-Danielson-with-family-300x225.png [129990/129990] -> "raw-site/qei.org.au/wp-content/uploads/2025/03/Nicola-Danielson-with-family-300x225.png" [1]
2026-08-31 10:27:36 URL:https://qei.org.au/wp-content/uploads/2025/03/Nicola-Danielson-with-family-768x576.png [734716/734716] -> "raw-site/qei.org.au/wp-content/uploads/2025/03/Nicola-Danielson-with-family-768x576.png" [1]
2026-08-31 10:27:37 URL:https://qei.org.au/wp-content/uploads/2025/03/Nicola-Danielson-with-family-800x600.png [789849/789849] -> "raw-site/qei.org.au/wp-content/uploads/2025/03/Nicola-Danielson-with-family-800x600.png" [1]
2026-08-31 10:27:37 URL:https://qei.org.au/wp-content/uploads/2025/03/Nicola-Danielson-with-family-400x300.png [223192/223192] -> "raw-site/qei.org.au/wp-content/uploads/2025/03/Nicola-Danielson-with-family-400x300.png" [1]
2026-08-31 10:27:38 URL:https://qei.org.au/wp-content/uploads/2025/03/IMG_4336-731x1024.jpeg [96115/96115] -> "raw-site/qei.org.au/wp-content/uploads/2025/03/IMG_4336-731x1024.jpeg" [1]
2026-08-31 10:27:38 URL:https://qei.org.au/wp-content/uploads/2025/03/IMG_4336-214x300.jpeg [13674/13674] -> "raw-site/qei.org.au/wp-content/uploads/2025/03/IMG_4336-214x300.jpeg" [1]
2026-08-31 10:27:39 URL:https://qei.org.au/wp-content/uploads/2025/03/IMG_4336-768x1075.jpeg [104402/104402] -> "raw-site/qei.org.au/wp-content/uploads/2025/03/IMG_4336-768x1075.jpeg" [1]
2026-08-31 10:27:39 URL:https://qei.org.au/wp-content/uploads/2025/03/IMG_4336-1097x1536.jpeg [193471/193471] -> "raw-site/qei.org.au/wp-content/uploads/2025/03/IMG_4336-1097x1536.jpeg" [1]
2026-08-31 10:27:40 URL:https://qei.org.au/wp-content/uploads/2025/03/IMG_4336-1021x1430.jpeg [170635/170635] -> "raw-site/qei.org.au/wp-content/uploads/2025/03/IMG_4336-1021x1430.jpeg" [1]
2026-08-31 10:27:40 URL:https://qei.org.au/wp-content/uploads/2025/03/IMG_4336-800x1120.jpeg [111313/111313] -> "raw-site/qei.org.au/wp-content/uploads/2025/03/IMG_4336-800x1120.jpeg" [1]
2026-08-31 10:27:41 URL:https://qei.org.au/wp-content/uploads/2025/03/IMG_4336.jpeg [524448/524448] -> "raw-site/qei.org.au/wp-content/uploads/2025/03/IMG_4336.jpeg" [1]
https://qei.org.au/wp-content/themes/qei/css/owl.video.play.png:
2026-08-31 10:27:42 ERROR 404: Not Found.
https://qei.org.au/wp-content/themes/qei/fonts/slick.eot:
2026-08-31 10:27:43 ERROR 404: Not Found.
https://qei.org.au/wp-content/themes/qei/fonts/slick.eot?:
2026-08-31 10:27:45 ERROR 404: Not Found.
https://qei.org.au/wp-content/themes/qei/fonts/slick.woff:
2026-08-31 10:27:46 ERROR 404: Not Found.
https://qei.org.au/wp-content/themes/qei/fonts/slick.ttf:
2026-08-31 10:27:47 ERROR 404: Not Found.
https://qei.org.au/wp-content/themes/qei/fonts/slick.svg:
2026-08-31 10:27:48 ERROR 404: Not Found.
2026-08-31 10:27:49 URL:https://qei.org.au/patientstory/father-and-sons-shared-legacy/ [123664] -> "raw-site/qei.org.au/patientstory/father-and-sons-shared-legacy/index.html" [1]
2026-08-31 10:27:49 URL:https://qei.org.au/wp-content/themes/qei/css/custom-styles.css?ver=1788134323 [140055/140055] -> "raw-site/qei.org.au/wp-content/themes/qei/css/custom-styles.css@ver=1788134323.css" [1]
2026-08-31 10:27:50 URL:https://qei.org.au/wp-content/uploads/2024/11/QEIF-Overtons-26September2024-2.jpg [762341/762341] -> "raw-site/qei.org.au/wp-content/uploads/2024/11/QEIF-Overtons-26September2024-2.jpg" [1]
2026-08-31 10:27:50 URL:https://qei.org.au/wp-content/uploads/2024/11/QEIF-Overtons-26September2024-3-3.jpg [585483/585483] -> "raw-site/qei.org.au/wp-content/uploads/2024/11/QEIF-Overtons-26September2024-3-3.jpg" [1]
2026-08-31 10:27:51 URL:https://qei.org.au/wp-content/uploads/2024/11/QEIF-Overtons-26September2024-3-3-300x240.jpg [15934/15934] -> "raw-site/qei.org.au/wp-content/uploads/2024/11/QEIF-Overtons-26September2024-3-3-300x240.jpg" [1]
2026-08-31 10:27:51 URL:https://qei.org.au/wp-content/uploads/2024/11/QEIF-Overtons-26September2024-3-3-768x614.jpg [71868/71868] -> "raw-site/qei.org.au/wp-content/uploads/2024/11/QEIF-Overtons-26September2024-3-3-768x614.jpg" [1]
2026-08-31 10:27:52 URL:https://qei.org.au/wp-content/uploads/2024/11/QEIF-Overtons-26September2024-3-3-800x640.jpg [76204/76204] -> "raw-site/qei.org.au/wp-content/uploads/2024/11/QEIF-Overtons-26September2024-3-3-800x640.jpg" [1]
2026-08-31 10:27:52 URL:https://qei.org.au/wp-content/uploads/2024/11/QEIF-Overtons-26September2024-3-3-375x300.jpg [23011/23011] -> "raw-site/qei.org.au/wp-content/uploads/2024/11/QEIF-Overtons-26September2024-3-3-375x300.jpg" [1]
2026-08-31 10:27:53 URL:https://qei.org.au/wp-content/uploads/2024/11/Boys-at-Circular-Quay.jpg [283010/283010] -> "raw-site/qei.org.au/wp-content/uploads/2024/11/Boys-at-Circular-Quay.jpg" [1]
2026-08-31 10:27:54 URL:https://qei.org.au/wp-content/uploads/2024/11/Boys-at-Circular-Quay-300x228.jpg [15834/15834] -> "raw-site/qei.org.au/wp-content/uploads/2024/11/Boys-at-Circular-Quay-300x228.jpg" [1]
2026-08-31 10:27:54 URL:https://qei.org.au/wp-content/uploads/2024/11/Boys-at-Circular-Quay-1024x779.jpg [93249/93249] -> "raw-site/qei.org.au/wp-content/uploads/2024/11/Boys-at-Circular-Quay-1024x779.jpg" [1]
2026-08-31 10:27:55 URL:https://qei.org.au/wp-content/uploads/2024/11/Boys-at-Circular-Quay-768x584.jpg [61280/61280] -> "raw-site/qei.org.au/wp-content/uploads/2024/11/Boys-at-Circular-Quay-768x584.jpg" [1]
2026-08-31 10:27:55 URL:https://qei.org.au/wp-content/uploads/2024/11/Boys-at-Circular-Quay-800x608.jpg [64511/64511] -> "raw-site/qei.org.au/wp-content/uploads/2024/11/Boys-at-Circular-Quay-800x608.jpg" [1]
2026-08-31 10:27:56 URL:https://qei.org.au/wp-content/uploads/2024/11/Boys-at-Circular-Quay-394x300.jpg [23262/23262] -> "raw-site/qei.org.au/wp-content/uploads/2024/11/Boys-at-Circular-Quay-394x300.jpg" [1]
2026-08-31 10:27:56 URL:https://qei.org.au/wp-content/uploads/2024/11/Keith-O-and-Jackie-Bolt-PT-training.jpg [145176/145176] -> "raw-site/qei.org.au/wp-content/uploads/2024/11/Keith-O-and-Jackie-Bolt-PT-training.jpg" [1]
2026-08-31 10:27:57 URL:https://qei.org.au/wp-content/uploads/2024/11/Keith-O-and-Jackie-Bolt-PT-training-300x227.jpg [11280/11280] -> "raw-site/qei.org.au/wp-content/uploads/2024/11/Keith-O-and-Jackie-Bolt-PT-training-300x227.jpg" [1]
2026-08-31 10:27:57 URL:https://qei.org.au/wp-content/uploads/2024/11/Keith-O-and-Jackie-Bolt-PT-training-768x581.jpg [44404/44404] -> "raw-site/qei.org.au/wp-content/uploads/2024/11/Keith-O-and-Jackie-Bolt-PT-training-768x581.jpg" [1]
2026-08-31 10:27:58 URL:https://qei.org.au/wp-content/uploads/2024/11/Keith-O-and-Jackie-Bolt-PT-training-800x605.jpg [46622/46622] -> "raw-site/qei.org.au/wp-content/uploads/2024/11/Keith-O-and-Jackie-Bolt-PT-training-800x605.jpg" [1]
2026-08-31 10:27:58 URL:https://qei.org.au/wp-content/uploads/2024/11/Keith-O-and-Jackie-Bolt-PT-training-396x300.jpg [16815/16815] -> "raw-site/qei.org.au/wp-content/uploads/2024/11/Keith-O-and-Jackie-Bolt-PT-training-396x300.jpg" [1]
2026-08-31 10:27:59 URL:https://qei.org.au/wp-content/uploads/2024/11/Keith-on-the-Sydney.-Keith-in-the-middle.jpg [426443/426443] -> "raw-site/qei.org.au/wp-content/uploads/2024/11/Keith-on-the-Sydney.-Keith-in-the-middle.jpg" [1]
2026-08-31 10:27:59 URL:https://qei.org.au/wp-content/uploads/2024/11/Keith-on-the-Sydney.-Keith-in-the-middle-300x201.jpg [14067/14067] -> "raw-site/qei.org.au/wp-content/uploads/2024/11/Keith-on-the-Sydney.-Keith-in-the-middle-300x201.jpg" [1]
2026-08-31 10:28:00 URL:https://qei.org.au/wp-content/uploads/2024/11/Keith-on-the-Sydney.-Keith-in-the-middle-1024x688.jpg [86039/86039] -> "raw-site/qei.org.au/wp-content/uploads/2024/11/Keith-on-the-Sydney.-Keith-in-the-middle-1024x688.jpg" [1]
2026-08-31 10:28:00 URL:https://qei.org.au/wp-content/uploads/2024/11/Keith-on-the-Sydney.-Keith-in-the-middle-768x516.jpg [55352/55352] -> "raw-site/qei.org.au/wp-content/uploads/2024/11/Keith-on-the-Sydney.-Keith-in-the-middle-768x516.jpg" [1]
2026-08-31 10:28:01 URL:https://qei.org.au/wp-content/uploads/2024/11/Keith-on-the-Sydney.-Keith-in-the-middle-800x537.jpg [59002/59002] -> "raw-site/qei.org.au/wp-content/uploads/2024/11/Keith-on-the-Sydney.-Keith-in-the-middle-800x537.jpg" [1]
2026-08-31 10:28:01 URL:https://qei.org.au/wp-content/uploads/2024/11/Keith-on-the-Sydney.-Keith-in-the-middle-400x269.jpg [21258/21258] -> "raw-site/qei.org.au/wp-content/uploads/2024/11/Keith-on-the-Sydney.-Keith-in-the-middle-400x269.jpg" [1]
2026-08-31 10:28:02 URL:https://qei.org.au/wp-content/uploads/2024/11/QEIF-Overtons-26September2024-2-1.jpg [306579/306579] -> "raw-site/qei.org.au/wp-content/uploads/2024/11/QEIF-Overtons-26September2024-2-1.jpg" [1]
2026-08-31 10:28:02 URL:https://qei.org.au/wp-content/uploads/2024/11/QEIF-Overtons-26September2024-2-1-300x200.jpg [15984/15984] -> "raw-site/qei.org.au/wp-content/uploads/2024/11/QEIF-Overtons-26September2024-2-1-300x200.jpg" [1]
2026-08-31 10:28:03 URL:https://qei.org.au/wp-content/uploads/2024/11/QEIF-Overtons-26September2024-2-1-400x267.jpg [25021/25021] -> "raw-site/qei.org.au/wp-content/uploads/2024/11/QEIF-Overtons-26September2024-2-1-400x267.jpg" [1]
https://qei.org.au/wp-content/themes/qei/css/owl.video.play.png:
2026-08-31 10:28:04 ERROR 404: Not Found.
https://qei.org.au/wp-content/themes/qei/fonts/slick.eot:
2026-08-31 10:28:06 ERROR 404: Not Found.
https://qei.org.au/wp-content/themes/qei/fonts/slick.eot?:
2026-08-31 10:28:07 ERROR 404: Not Found.
https://qei.org.au/wp-content/themes/qei/fonts/slick.woff:
2026-08-31 10:28:08 ERROR 404: Not Found.
https://qei.org.au/wp-content/themes/qei/fonts/slick.ttf:
2026-08-31 10:28:09 ERROR 404: Not Found.
https://qei.org.au/wp-content/themes/qei/fonts/slick.svg:
2026-08-31 10:28:11 ERROR 404: Not Found.
2026-08-31 10:28:11 URL:https://qei.org.au/patientstory/fear-of-vision-loss/ [115259] -> "raw-site/qei.org.au/patientstory/fear-of-vision-loss/index.html" [1]
2026-08-31 10:28:12 URL:https://qei.org.au/wp-content/themes/qei/css/custom-styles.css?ver=1788133983 [140055/140055] -> "raw-site/qei.org.au/wp-content/themes/qei/css/custom-styles.css@ver=1788133983.css" [1]
2026-08-31 10:28:12 URL:https://qei.org.au/wp-content/uploads/2019/02/Jane_1.png [144355/144355] -> "raw-site/qei.org.au/wp-content/uploads/2019/02/Jane_1.png" [1]
2026-08-31 10:28:13 URL:https://qei.org.au/wp-content/uploads/2019/02/Jane_1-300x109.png [34111/34111] -> "raw-site/qei.org.au/wp-content/uploads/2019/02/Jane_1-300x109.png" [1]
2026-08-31 10:28:13 URL:https://qei.org.au/wp-content/uploads/2019/02/Jane_1-768x280.png [210524/210524] -> "raw-site/qei.org.au/wp-content/uploads/2019/02/Jane_1-768x280.png" [1]
2026-08-31 10:28:14 URL:https://qei.org.au/wp-content/uploads/2019/02/Jane_1-1024x373.png [372486/372486] -> "raw-site/qei.org.au/wp-content/uploads/2019/02/Jane_1-1024x373.png" [1]
2026-08-31 10:28:14 URL:https://qei.org.au/wp-content/uploads/2019/02/Jane_2.png [205105/205105] -> "raw-site/qei.org.au/wp-content/uploads/2019/02/Jane_2.png" [1]
2026-08-31 10:28:15 URL:https://qei.org.au/wp-content/uploads/2019/02/Jane_2-300x96.png [40152/40152] -> "raw-site/qei.org.au/wp-content/uploads/2019/02/Jane_2-300x96.png" [1]
2026-08-31 10:28:15 URL:https://qei.org.au/wp-content/uploads/2019/02/Jane_2-768x246.png [254109/254109] -> "raw-site/qei.org.au/wp-content/uploads/2019/02/Jane_2-768x246.png" [1]
2026-08-31 10:28:16 URL:https://qei.org.au/wp-content/uploads/2019/02/Jane_2-1024x328.png [422881/422881] -> "raw-site/qei.org.au/wp-content/uploads/2019/02/Jane_2-1024x328.png" [1]
2026-08-31 10:28:16 URL:https://qei.org.au/wp-content/uploads/2019/02/Jane_3.png [217154/217154] -> "raw-site/qei.org.au/wp-content/uploads/2019/02/Jane_3.png" [1]
2026-08-31 10:28:17 URL:https://qei.org.au/wp-content/uploads/2019/02/Jane_3-300x93.png [38220/38220] -> "raw-site/qei.org.au/wp-content/uploads/2019/02/Jane_3-300x93.png" [1]
2026-08-31 10:28:17 URL:https://qei.org.au/wp-content/uploads/2019/02/Jane_3-768x237.png [233453/233453] -> "raw-site/qei.org.au/wp-content/uploads/2019/02/Jane_3-768x237.png" [1]
2026-08-31 10:28:18 URL:https://qei.org.au/wp-content/uploads/2019/02/Jane_3-1024x316.png [424774/424774] -> "raw-site/qei.org.au/wp-content/uploads/2019/02/Jane_3-1024x316.png" [1]
https://qei.org.au/wp-content/themes/qei/css/owl.video.play.png:
2026-08-31 10:28:19 ERROR 404: Not Found.
https://qei.org.au/wp-content/themes/qei/fonts/slick.eot:
2026-08-31 10:28:20 ERROR 404: Not Found.
https://qei.org.au/wp-content/themes/qei/fonts/slick.eot?:
2026-08-31 10:28:22 ERROR 404: Not Found.
https://qei.org.au/wp-content/themes/qei/fonts/slick.woff:
2026-08-31 10:28:23 ERROR 404: Not Found.
https://qei.org.au/wp-content/themes/qei/fonts/slick.ttf:
2026-08-31 10:28:24 ERROR 404: Not Found.
https://qei.org.au/wp-content/themes/qei/fonts/slick.svg:
2026-08-31 10:28:26 ERROR 404: Not Found.
2026-08-31 10:28:26 URL:https://qei.org.au/patientstory/hope-in-clinical-trials/ [112707] -> "raw-site/qei.org.au/patientstory/hope-in-clinical-trials/index.html" [1]
2026-08-31 10:28:27 URL:https://qei.org.au/wp-content/themes/qei/css/custom-styles.css?ver=1788134091 [140055/140055] -> "raw-site/qei.org.au/wp-content/themes/qei/css/custom-styles.css@ver=1788134091.css" [1]
https://qei.org.au/wp-content/themes/qei/css/owl.video.play.png:
2026-08-31 10:28:28 ERROR 404: Not Found.
https://qei.org.au/wp-content/themes/qei/fonts/slick.eot:
2026-08-31 10:28:29 ERROR 404: Not Found.
https://qei.org.au/wp-content/themes/qei/fonts/slick.eot?:
2026-08-31 10:28:30 ERROR 404: Not Found.
https://qei.org.au/wp-content/themes/qei/fonts/slick.woff:
2026-08-31 10:28:32 ERROR 404: Not Found.
https://qei.org.au/wp-content/themes/qei/fonts/slick.ttf:
2026-08-31 10:28:33 ERROR 404: Not Found.
https://qei.org.au/wp-content/themes/qei/fonts/slick.svg:
2026-08-31 10:28:34 ERROR 404: Not Found.
2026-08-31 10:28:35 URL:https://qei.org.au/patientstory/johns-battle/ [112017] -> "raw-site/qei.org.au/patientstory/johns-battle/index.html" [1]
2026-08-31 10:28:35 URL:https://qei.org.au/wp-content/themes/qei/css/custom-styles.css?ver=1788133986 [140055/140055] -> "raw-site/qei.org.au/wp-content/themes/qei/css/custom-styles.css@ver=1788133986.css" [1]
2026-08-31 10:28:36 URL:https://qei.org.au/wp-content/uploads/2019/02/Johns-story-photo-v1-582x450.jpg [34532/34532] -> "raw-site/qei.org.au/wp-content/uploads/2019/02/Johns-story-photo-v1-582x450.jpg" [1]
https://qei.org.au/wp-content/themes/qei/css/owl.video.play.png:
2026-08-31 10:28:37 ERROR 404: Not Found.
https://qei.org.au/wp-content/themes/qei/fonts/slick.eot:
2026-08-31 10:28:39 ERROR 404: Not Found.
https://qei.org.au/wp-content/themes/qei/fonts/slick.eot?:
2026-08-31 10:28:40 ERROR 404: Not Found.
https://qei.org.au/wp-content/themes/qei/fonts/slick.woff:
2026-08-31 10:28:41 ERROR 404: Not Found.
https://qei.org.au/wp-content/themes/qei/fonts/slick.ttf:
2026-08-31 10:28:42 ERROR 404: Not Found.
https://qei.org.au/wp-content/themes/qei/fonts/slick.svg:
2026-08-31 10:28:44 ERROR 404: Not Found.
2026-08-31 10:28:44 URL:https://qei.org.au/patientstory/living-with-usher-syndrome/ [123119] -> "raw-site/qei.org.au/patientstory/living-with-usher-syndrome/index.html" [1]
2026-08-31 10:28:45 URL:https://qei.org.au/wp-content/themes/qei/css/custom-styles.css?ver=1788134093 [140055/140055] -> "raw-site/qei.org.au/wp-content/themes/qei/css/custom-styles.css@ver=1788134093.css" [1]
2026-08-31 10:28:45 URL:https://qei.org.au/wp-content/uploads/2023/08/Photo-of-woman-in-dress-next-to-Reggie-and-two-children-at-Big-Brother-final.jpg [177240/177240] -> "raw-site/qei.org.au/wp-content/uploads/2023/08/Photo-of-woman-in-dress-next-to-Reggie-and-two-children-at-Big-Brother-final.jpg" [1]
2026-08-31 10:28:46 URL:https://qei.org.au/wp-content/uploads/2023/08/Reggie-in-enclosed-plastic-cylinder-container-next-to-a-long-crocodile-who-is-vertical-half-out-of-pool-with-mouth-open-to-grab-dangled-food-300x196.jpg [14561/14561] -> "raw-site/qei.org.au/wp-content/uploads/2023/08/Reggie-in-enclosed-plastic-cylinder-container-next-to-a-long-crocodile-who-is-vertical-half-out-of-pool-with-mouth-open-to-grab-dangled-food-300x196.jpg" [1]
2026-08-31 10:28:46 URL:https://qei.org.au/wp-content/uploads/2023/08/Reggie-in-enclosed-plastic-cylinder-container-next-to-a-long-crocodile-who-is-vertical-half-out-of-pool-with-mouth-open-to-grab-dangled-food-1024x668.jpg [117487/117487] -> "raw-site/qei.org.au/wp-content/uploads/2023/08/Reggie-in-enclosed-plastic-cylinder-container-next-to-a-long-crocodile-who-is-vertical-half-out-of-pool-with-mouth-open-to-grab-dangled-food-1024x668.jpg" [1]
2026-08-31 10:28:47 URL:https://qei.org.au/wp-content/uploads/2023/08/Reggie-in-enclosed-plastic-cylinder-container-next-to-a-long-crocodile-who-is-vertical-half-out-of-pool-with-mouth-open-to-grab-dangled-food-768x501.jpg [71596/71596] -> "raw-site/qei.org.au/wp-content/uploads/2023/08/Reggie-in-enclosed-plastic-cylinder-container-next-to-a-long-crocodile-who-is-vertical-half-out-of-pool-with-mouth-open-to-grab-dangled-food-768x501.jpg" [1]
2026-08-31 10:28:47 URL:https://qei.org.au/wp-content/uploads/2023/08/Reggie-in-enclosed-plastic-cylinder-container-next-to-a-long-crocodile-who-is-vertical-half-out-of-pool-with-mouth-open-to-grab-dangled-food-800x522.jpg [77127/77127] -> "raw-site/qei.org.au/wp-content/uploads/2023/08/Reggie-in-enclosed-plastic-cylinder-container-next-to-a-long-crocodile-who-is-vertical-half-out-of-pool-with-mouth-open-to-grab-dangled-food-800x522.jpg" [1]
2026-08-31 10:28:48 URL:https://qei.org.au/wp-content/uploads/2023/08/Reggie-in-enclosed-plastic-cylinder-container-next-to-a-long-crocodile-who-is-vertical-half-out-of-pool-with-mouth-open-to-grab-dangled-food-400x261.jpg [23463/23463] -> "raw-site/qei.org.au/wp-content/uploads/2023/08/Reggie-in-enclosed-plastic-cylinder-container-next-to-a-long-crocodile-who-is-vertical-half-out-of-pool-with-mouth-open-to-grab-dangled-food-400x261.jpg" [1]
2026-08-31 10:28:48 URL:https://qei.org.au/wp-content/uploads/2023/08/Reggie-in-enclosed-plastic-cylinder-container-next-to-a-long-crocodile-who-is-vertical-half-out-of-pool-with-mouth-open-to-grab-dangled-food.jpg [219872/219872] -> "raw-site/qei.org.au/wp-content/uploads/2023/08/Reggie-in-enclosed-plastic-cylinder-container-next-to-a-long-crocodile-who-is-vertical-half-out-of-pool-with-mouth-open-to-grab-dangled-food.jpg" [1]
2026-08-31 10:28:49 URL:https://qei.org.au/wp-content/uploads/2023/08/Reggie-and-woman-in-car-with-Reggie-in-foreground-250x300.jpg [17481/17481] -> "raw-site/qei.org.au/wp-content/uploads/2023/08/Reggie-and-woman-in-car-with-Reggie-in-foreground-250x300.jpg" [1]
2026-08-31 10:28:49 URL:https://qei.org.au/wp-content/uploads/2023/08/Reggie-and-woman-in-car-with-Reggie-in-foreground-855x1024.jpg [97579/97579] -> "raw-site/qei.org.au/wp-content/uploads/2023/08/Reggie-and-woman-in-car-with-Reggie-in-foreground-855x1024.jpg" [1]
2026-08-31 10:28:50 URL:https://qei.org.au/wp-content/uploads/2023/08/Reggie-and-woman-in-car-with-Reggie-in-foreground-768x920.jpg [83981/83981] -> "raw-site/qei.org.au/wp-content/uploads/2023/08/Reggie-and-woman-in-car-with-Reggie-in-foreground-768x920.jpg" [1]
2026-08-31 10:28:50 URL:https://qei.org.au/wp-content/uploads/2023/08/Reggie-and-woman-in-car-with-Reggie-in-foreground-800x959.jpg [88883/88883] -> "raw-site/qei.org.au/wp-content/uploads/2023/08/Reggie-and-woman-in-car-with-Reggie-in-foreground-800x959.jpg" [1]
2026-08-31 10:28:51 URL:https://qei.org.au/wp-content/uploads/2023/08/Reggie-and-woman-in-car-with-Reggie-in-foreground.jpg [203217/203217] -> "raw-site/qei.org.au/wp-content/uploads/2023/08/Reggie-and-woman-in-car-with-Reggie-in-foreground.jpg" [1]
2026-08-31 10:28:51 URL:https://qei.org.au/wp-content/uploads/2023/08/Reggie-and-woman-standing-in-front-of-large-pineapple-215x300.jpg [20789/20789] -> "raw-site/qei.org.au/wp-content/uploads/2023/08/Reggie-and-woman-standing-in-front-of-large-pineapple-215x300.jpg" [1]
2026-08-31 10:28:52 URL:https://qei.org.au/wp-content/uploads/2023/08/Reggie-and-woman-standing-in-front-of-large-pineapple-735x1024.jpg [172423/172423] -> "raw-site/qei.org.au/wp-content/uploads/2023/08/Reggie-and-woman-standing-in-front-of-large-pineapple-735x1024.jpg" [1]
2026-08-31 10:28:52 URL:https://qei.org.au/wp-content/uploads/2023/08/Reggie-and-woman-standing-in-front-of-large-pineapple-768x1070.jpg [185742/185742] -> "raw-site/qei.org.au/wp-content/uploads/2023/08/Reggie-and-woman-standing-in-front-of-large-pineapple-768x1070.jpg" [1]
2026-08-31 10:28:53 URL:https://qei.org.au/wp-content/uploads/2023/08/Reggie-and-woman-standing-in-front-of-large-pineapple-1103x1536.jpg [329531/329531] -> "raw-site/qei.org.au/wp-content/uploads/2023/08/Reggie-and-woman-standing-in-front-of-large-pineapple-1103x1536.jpg" [1]
2026-08-31 10:28:53 URL:https://qei.org.au/wp-content/uploads/2023/08/Reggie-and-woman-standing-in-front-of-large-pineapple-1027x1430.jpg [296209/296209] -> "raw-site/qei.org.au/wp-content/uploads/2023/08/Reggie-and-woman-standing-in-front-of-large-pineapple-1027x1430.jpg" [1]
2026-08-31 10:28:54 URL:https://qei.org.au/wp-content/uploads/2023/08/Reggie-and-woman-standing-in-front-of-large-pineapple-800x1114.jpg [198560/198560] -> "raw-site/qei.org.au/wp-content/uploads/2023/08/Reggie-and-woman-standing-in-front-of-large-pineapple-800x1114.jpg" [1]
2026-08-31 10:28:54 URL:https://qei.org.au/wp-content/uploads/2023/08/Reggie-and-woman-standing-in-front-of-large-pineapple.jpg [509630/509630] -> "raw-site/qei.org.au/wp-content/uploads/2023/08/Reggie-and-woman-standing-in-front-of-large-pineapple.jpg" [1]
2026-08-31 10:28:55 URL:https://qei.org.au/wp-content/uploads/2023/08/Photo-of-woman-in-dress-next-to-Reggie-and-two-children-at-Big-Brother-final-300x198.jpg [16037/16037] -> "raw-site/qei.org.au/wp-content/uploads/2023/08/Photo-of-woman-in-dress-next-to-Reggie-and-two-children-at-Big-Brother-final-300x198.jpg" [1]
2026-08-31 10:28:55 URL:https://qei.org.au/wp-content/uploads/2023/08/Photo-of-woman-in-dress-next-to-Reggie-and-two-children-at-Big-Brother-final-1024x676.jpg [102832/102832] -> "raw-site/qei.org.au/wp-content/uploads/2023/08/Photo-of-woman-in-dress-next-to-Reggie-and-two-children-at-Big-Brother-final-1024x676.jpg" [1]
2026-08-31 10:28:56 URL:https://qei.org.au/wp-content/uploads/2023/08/Photo-of-woman-in-dress-next-to-Reggie-and-two-children-at-Big-Brother-final-768x507.jpg [66700/66700] -> "raw-site/qei.org.au/wp-content/uploads/2023/08/Photo-of-woman-in-dress-next-to-Reggie-and-two-children-at-Big-Brother-final-768x507.jpg" [1]
2026-08-31 10:28:56 URL:https://qei.org.au/wp-content/uploads/2023/08/Photo-of-woman-in-dress-next-to-Reggie-and-two-children-at-Big-Brother-final-800x528.jpg [70487/70487] -> "raw-site/qei.org.au/wp-content/uploads/2023/08/Photo-of-woman-in-dress-next-to-Reggie-and-two-children-at-Big-Brother-final-800x528.jpg" [1]
2026-08-31 10:28:57 URL:https://qei.org.au/wp-content/uploads/2023/08/Photo-of-woman-in-dress-next-to-Reggie-and-two-children-at-Big-Brother-final-400x264.jpg [24539/24539] -> "raw-site/qei.org.au/wp-content/uploads/2023/08/Photo-of-woman-in-dress-next-to-Reggie-and-two-children-at-Big-Brother-final-400x264.jpg" [1]
2026-08-31 10:28:57 URL:https://qei.org.au/wp-content/uploads/2023/08/Reggie-holding-caught-fish-and-looking-at-camera-300x219.jpg [19920/19920] -> "raw-site/qei.org.au/wp-content/uploads/2023/08/Reggie-holding-caught-fish-and-looking-at-camera-300x219.jpg" [1]
2026-08-31 10:28:59 URL:https://qei.org.au/wp-content/uploads/2023/08/Reggie-holding-caught-fish-and-looking-at-camera-1024x748.jpg [156107/156107] -> "raw-site/qei.org.au/wp-content/uploads/2023/08/Reggie-holding-caught-fish-and-looking-at-camera-1024x748.jpg" [1]
2026-08-31 10:29:00 URL:https://qei.org.au/wp-content/uploads/2023/08/Reggie-holding-caught-fish-and-looking-at-camera-768x561.jpg [97510/97510] -> "raw-site/qei.org.au/wp-content/uploads/2023/08/Reggie-holding-caught-fish-and-looking-at-camera-768x561.jpg" [1]
2026-08-31 10:29:00 URL:https://qei.org.au/wp-content/uploads/2023/08/Reggie-holding-caught-fish-and-looking-at-camera-800x585.jpg [104484/104484] -> "raw-site/qei.org.au/wp-content/uploads/2023/08/Reggie-holding-caught-fish-and-looking-at-camera-800x585.jpg" [1]
2026-08-31 10:29:01 URL:https://qei.org.au/wp-content/uploads/2023/08/Reggie-holding-caught-fish-and-looking-at-camera-400x292.jpg [32420/32420] -> "raw-site/qei.org.au/wp-content/uploads/2023/08/Reggie-holding-caught-fish-and-looking-at-camera-400x292.jpg" [1]
2026-08-31 10:29:01 URL:https://qei.org.au/wp-content/uploads/2023/08/Reggie-holding-caught-fish-and-looking-at-camera.jpg [280792/280792] -> "raw-site/qei.org.au/wp-content/uploads/2023/08/Reggie-holding-caught-fish-and-looking-at-camera.jpg" [1]
2026-08-31 10:29:02 URL:https://qei.org.au/wp-content/uploads/2023/08/Reggie-waterskiing-looking-ahead-and-holding-onto-a-support-bar-coming-off-of-boat-300x166.jpg [12679/12679] -> "raw-site/qei.org.au/wp-content/uploads/2023/08/Reggie-waterskiing-looking-ahead-and-holding-onto-a-support-bar-coming-off-of-boat-300x166.jpg" [1]
2026-08-31 10:29:02 URL:https://qei.org.au/wp-content/uploads/2023/08/Reggie-waterskiing-looking-ahead-and-holding-onto-a-support-bar-coming-off-of-boat-1024x566.jpg [90062/90062] -> "raw-site/qei.org.au/wp-content/uploads/2023/08/Reggie-waterskiing-looking-ahead-and-holding-onto-a-support-bar-coming-off-of-boat-1024x566.jpg" [1]
2026-08-31 10:29:03 URL:https://qei.org.au/wp-content/uploads/2023/08/Reggie-waterskiing-looking-ahead-and-holding-onto-a-support-bar-coming-off-of-boat-768x425.jpg [58152/58152] -> "raw-site/qei.org.au/wp-content/uploads/2023/08/Reggie-waterskiing-looking-ahead-and-holding-onto-a-support-bar-coming-off-of-boat-768x425.jpg" [1]
2026-08-31 10:29:03 URL:https://qei.org.au/wp-content/uploads/2023/08/Reggie-waterskiing-looking-ahead-and-holding-onto-a-support-bar-coming-off-of-boat-800x442.jpg [61854/61854] -> "raw-site/qei.org.au/wp-content/uploads/2023/08/Reggie-waterskiing-looking-ahead-and-holding-onto-a-support-bar-coming-off-of-boat-800x442.jpg" [1]
2026-08-31 10:29:04 URL:https://qei.org.au/wp-content/uploads/2023/08/Reggie-waterskiing-looking-ahead-and-holding-onto-a-support-bar-coming-off-of-boat-400x221.jpg [20126/20126] -> "raw-site/qei.org.au/wp-content/uploads/2023/08/Reggie-waterskiing-looking-ahead-and-holding-onto-a-support-bar-coming-off-of-boat-400x221.jpg" [1]
2026-08-31 10:29:05 URL:https://qei.org.au/wp-content/uploads/2023/08/Reggie-waterskiing-looking-ahead-and-holding-onto-a-support-bar-coming-off-of-boat.jpg [149725/149725] -> "raw-site/qei.org.au/wp-content/uploads/2023/08/Reggie-waterskiing-looking-ahead-and-holding-onto-a-support-bar-coming-off-of-boat.jpg" [1]
https://qei.org.au/wp-content/themes/qei/css/owl.video.play.png:
2026-08-31 10:29:06 ERROR 404: Not Found.
https://qei.org.au/wp-content/themes/qei/fonts/slick.eot:
2026-08-31 10:29:07 ERROR 404: Not Found.
https://qei.org.au/wp-content/themes/qei/fonts/slick.eot?:
2026-08-31 10:29:09 ERROR 404: Not Found.
https://qei.org.au/wp-content/themes/qei/fonts/slick.woff:
2026-08-31 10:29:10 ERROR 404: Not Found.
https://qei.org.au/wp-content/themes/qei/fonts/slick.ttf:
2026-08-31 10:29:11 ERROR 404: Not Found.
https://qei.org.au/wp-content/themes/qei/fonts/slick.svg:
2026-08-31 10:29:13 ERROR 404: Not Found.
2026-08-31 10:29:13 URL:https://qei.org.au/patientstory/meet-abigail-and-help-to-save-sight-this-christmas/ [118350] -> "raw-site/qei.org.au/patientstory/meet-abigail-and-help-to-save-sight-this-christmas/index.html" [1]
2026-08-31 10:29:14 URL:https://qei.org.au/wp-content/themes/qei/css/custom-styles.css?ver=1788134088 [140055/140055] -> "raw-site/qei.org.au/wp-content/themes/qei/css/custom-styles.css@ver=1788134088.css" [1]
2026-08-31 10:29:14 URL:https://qei.org.au/wp-content/uploads/2020/11/Abigail-Pic5.jpg [211951/211951] -> "raw-site/qei.org.au/wp-content/uploads/2020/11/Abigail-Pic5.jpg" [1]
2026-08-31 10:29:15 URL:https://qei.org.au/wp-content/uploads/2020/11/Abigail-pic_QUT1-e1605145929921.jpg [188875/188875] -> "raw-site/qei.org.au/wp-content/uploads/2020/11/Abigail-pic_QUT1-e1605145929921.jpg" [1]
2026-08-31 10:29:15 URL:https://qei.org.au/wp-content/uploads/2020/11/Abigail-pic_QUT1-e1605145929921-189x300.jpg [16861/16861] -> "raw-site/qei.org.au/wp-content/uploads/2020/11/Abigail-pic_QUT1-e1605145929921-189x300.jpg" [1]
2026-08-31 10:29:16 URL:https://qei.org.au/wp-content/uploads/2020/11/Abigail-pic_QUT1-e1605145929921-768x1221.jpg [159038/159038] -> "raw-site/qei.org.au/wp-content/uploads/2020/11/Abigail-pic_QUT1-e1605145929921-768x1221.jpg" [1]
2026-08-31 10:29:16 URL:https://qei.org.au/wp-content/uploads/2020/11/Abigail-pic_QUT1-e1605145929921-644x1024.jpg [122299/122299] -> "raw-site/qei.org.au/wp-content/uploads/2020/11/Abigail-pic_QUT1-e1605145929921-644x1024.jpg" [1]
2026-08-31 10:29:17 URL:https://qei.org.au/wp-content/uploads/2020/11/Abigail-QUT2-e1605146071661.jpg [115833/115833] -> "raw-site/qei.org.au/wp-content/uploads/2020/11/Abigail-QUT2-e1605146071661.jpg" [1]
2026-08-31 10:29:17 URL:https://qei.org.au/wp-content/uploads/2020/11/Abigail-QUT2-e1605146071661-244x300.jpg [17750/17750] -> "raw-site/qei.org.au/wp-content/uploads/2020/11/Abigail-QUT2-e1605146071661-244x300.jpg" [1]
2026-08-31 10:29:18 URL:https://qei.org.au/wp-content/uploads/2020/11/Abigail-QUT2-e1605146071661-768x945.jpg [102905/102905] -> "raw-site/qei.org.au/wp-content/uploads/2020/11/Abigail-QUT2-e1605146071661-768x945.jpg" [1]
2026-08-31 10:29:19 URL:https://qei.org.au/wp-content/uploads/2020/11/Abigail-Pic5-300x254.jpg [17833/17833] -> "raw-site/qei.org.au/wp-content/uploads/2020/11/Abigail-Pic5-300x254.jpg" [1]
2026-08-31 10:29:19 URL:https://qei.org.au/wp-content/uploads/2020/11/Abigail-Pic5-768x651.jpg [76752/76752] -> "raw-site/qei.org.au/wp-content/uploads/2020/11/Abigail-Pic5-768x651.jpg" [1]
2026-08-31 10:29:20 URL:https://qei.org.au/wp-content/uploads/2020/11/Abigail-Pic5-1024x868.jpg [120359/120359] -> "raw-site/qei.org.au/wp-content/uploads/2020/11/Abigail-Pic5-1024x868.jpg" [1]
2026-08-31 10:29:20 URL:https://qei.org.au/wp-content/uploads/2020/11/Abigail-Pic5-800x678.jpg [81656/81656] -> "raw-site/qei.org.au/wp-content/uploads/2020/11/Abigail-Pic5-800x678.jpg" [1]
2026-08-31 10:29:21 URL:https://qei.org.au/wp-content/uploads/2020/11/Abigail-Pic5-354x300.jpg [23141/23141] -> "raw-site/qei.org.au/wp-content/uploads/2020/11/Abigail-Pic5-354x300.jpg" [1]
https://qei.org.au/wp-content/themes/qei/css/owl.video.play.png:
2026-08-31 10:29:22 ERROR 404: Not Found.
https://qei.org.au/wp-content/themes/qei/fonts/slick.eot:
2026-08-31 10:29:23 ERROR 404: Not Found.
https://qei.org.au/wp-content/themes/qei/fonts/slick.eot?:
2026-08-31 10:29:25 ERROR 404: Not Found.
https://qei.org.au/wp-content/themes/qei/fonts/slick.woff:
2026-08-31 10:29:26 ERROR 404: Not Found.
https://qei.org.au/wp-content/themes/qei/fonts/slick.ttf:
2026-08-31 10:29:27 ERROR 404: Not Found.
https://qei.org.au/wp-content/themes/qei/fonts/slick.svg:
2026-08-31 10:29:29 ERROR 404: Not Found.
2026-08-31 10:29:29 URL:https://qei.org.au/patientstory/peters-important-message-for-this-christmas/ [113529] -> "raw-site/qei.org.au/patientstory/peters-important-message-for-this-christmas/index.html" [1]
2026-08-31 10:29:30 URL:https://qei.org.au/wp-content/themes/qei/css/custom-styles.css?ver=1788134039 [140055/140055] -> "raw-site/qei.org.au/wp-content/themes/qei/css/custom-styles.css@ver=1788134039.css" [1]
2026-08-31 10:29:30 URL:https://qei.org.au/wp-content/uploads/2019/11/Peter_02-953x1430.jpg [170286/170286] -> "raw-site/qei.org.au/wp-content/uploads/2019/11/Peter_02-953x1430.jpg" [1]
https://qei.org.au/wp-content/themes/qei/css/owl.video.play.png:
2026-08-31 10:29:32 ERROR 404: Not Found.
https://qei.org.au/wp-content/themes/qei/fonts/slick.eot:
2026-08-31 10:29:33 ERROR 404: Not Found.
https://qei.org.au/wp-content/themes/qei/fonts/slick.eot?:
2026-08-31 10:29:34 ERROR 404: Not Found.
https://qei.org.au/wp-content/themes/qei/fonts/slick.woff:
2026-08-31 10:29:35 ERROR 404: Not Found.
https://qei.org.au/wp-content/themes/qei/fonts/slick.ttf:
2026-08-31 10:29:37 ERROR 404: Not Found.
https://qei.org.au/wp-content/themes/qei/fonts/slick.svg:
2026-08-31 10:29:38 ERROR 404: Not Found.
2026-08-31 10:29:39 URL:https://qei.org.au/patientstory/please-read-oscars-story-and-help-make-a-difference/ [114495] -> "raw-site/qei.org.au/patientstory/please-read-oscars-story-and-help-make-a-difference/index.html" [1]
2026-08-31 10:29:39 URL:https://qei.org.au/wp-content/themes/qei/css/custom-styles.css?ver=1788134030 [140055/140055] -> "raw-site/qei.org.au/wp-content/themes/qei/css/custom-styles.css@ver=1788134030.css" [1]
https://qei.org.au/wp-content/themes/qei/css/owl.video.play.png:
2026-08-31 10:29:41 ERROR 404: Not Found.
https://qei.org.au/wp-content/themes/qei/fonts/slick.eot:
2026-08-31 10:29:42 ERROR 404: Not Found.
https://qei.org.au/wp-content/themes/qei/fonts/slick.eot?:
2026-08-31 10:29:43 ERROR 404: Not Found.
https://qei.org.au/wp-content/themes/qei/fonts/slick.woff:
2026-08-31 10:29:45 ERROR 404: Not Found.
https://qei.org.au/wp-content/themes/qei/fonts/slick.ttf:
2026-08-31 10:29:46 ERROR 404: Not Found.
https://qei.org.au/wp-content/themes/qei/fonts/slick.svg:
2026-08-31 10:29:47 ERROR 404: Not Found.
2026-08-31 10:29:48 URL:https://qei.org.au/patientstory/preventative-glaucoma-research-gives-phoebe-hope/ [114600] -> "raw-site/qei.org.au/patientstory/preventative-glaucoma-research-gives-phoebe-hope/index.html" [1]
2026-08-31 10:29:48 URL:https://qei.org.au/wp-content/themes/qei/css/custom-styles.css?ver=1788133988 [140055/140055] -> "raw-site/qei.org.au/wp-content/themes/qei/css/custom-styles.css@ver=1788133988.css" [1]
2026-08-31 10:29:49 URL:https://qei.org.au/wp-content/uploads/2019/02/Phoebe-e1553234462593-436x450.jpg [39764/39764] -> "raw-site/qei.org.au/wp-content/uploads/2019/02/Phoebe-e1553234462593-436x450.jpg" [1]
https://qei.org.au/wp-content/themes/qei/css/owl.video.play.png:
2026-08-31 10:29:50 ERROR 404: Not Found.
https://qei.org.au/wp-content/themes/qei/fonts/slick.eot:
2026-08-31 10:29:52 ERROR 404: Not Found.
https://qei.org.au/wp-content/themes/qei/fonts/slick.eot?:
2026-08-31 10:29:53 ERROR 404: Not Found.
https://qei.org.au/wp-content/themes/qei/fonts/slick.woff:
2026-08-31 10:29:54 ERROR 404: Not Found.
https://qei.org.au/wp-content/themes/qei/fonts/slick.ttf:
2026-08-31 10:29:56 ERROR 404: Not Found.
https://qei.org.au/wp-content/themes/qei/fonts/slick.svg:
2026-08-31 10:29:57 ERROR 404: Not Found.
2026-08-31 10:29:57 URL:https://qei.org.au/patientstory/research-gives-gloria-hope/ [114373] -> "raw-site/qei.org.au/patientstory/research-gives-gloria-hope/index.html" [1]
2026-08-31 10:29:58 URL:https://qei.org.au/wp-content/themes/qei/css/custom-styles.css?ver=1788134022 [140055/140055] -> "raw-site/qei.org.au/wp-content/themes/qei/css/custom-styles.css@ver=1788134022.css" [1]
2026-08-31 10:29:59 URL:https://qei.org.au/wp-content/uploads/2019/02/story5-e1561432546788-519x450.png [398468/398468] -> "raw-site/qei.org.au/wp-content/uploads/2019/02/story5-e1561432546788-519x450.png" [1]
2026-08-31 10:29:59 URL:https://qei.org.au/wp-content/uploads/2019/02/gloriastoryphoto-2.jpg [179011/179011] -> "raw-site/qei.org.au/wp-content/uploads/2019/02/gloriastoryphoto-2.jpg" [1]
2026-08-31 10:30:00 URL:https://qei.org.au/wp-content/uploads/2019/02/gloriastoryphoto-2-300x122.jpg [9747/9747] -> "raw-site/qei.org.au/wp-content/uploads/2019/02/gloriastoryphoto-2-300x122.jpg" [1]
2026-08-31 10:30:00 URL:https://qei.org.au/wp-content/uploads/2019/02/gloriastoryphoto-2-768x311.jpg [44518/44518] -> "raw-site/qei.org.au/wp-content/uploads/2019/02/gloriastoryphoto-2-768x311.jpg" [1]
2026-08-31 10:30:01 URL:https://qei.org.au/wp-content/uploads/2019/02/gloriastoryphoto-2-1024x415.jpg [70522/70522] -> "raw-site/qei.org.au/wp-content/uploads/2019/02/gloriastoryphoto-2-1024x415.jpg" [1]
2026-08-31 10:30:01 URL:https://qei.org.au/wp-content/uploads/2019/02/gloriastoryphoto-2-1110x450.jpg [80195/80195] -> "raw-site/qei.org.au/wp-content/uploads/2019/02/gloriastoryphoto-2-1110x450.jpg" [1]
https://qei.org.au/wp-content/themes/qei/css/owl.video.play.png:
2026-08-31 10:30:03 ERROR 404: Not Found.
https://qei.org.au/wp-content/themes/qei/fonts/slick.eot:
2026-08-31 10:30:04 ERROR 404: Not Found.
https://qei.org.au/wp-content/themes/qei/fonts/slick.eot?:
2026-08-31 10:30:05 ERROR 404: Not Found.
https://qei.org.au/wp-content/themes/qei/fonts/slick.woff:
2026-08-31 10:30:06 ERROR 404: Not Found.
https://qei.org.au/wp-content/themes/qei/fonts/slick.ttf:
2026-08-31 10:30:08 ERROR 404: Not Found.
https://qei.org.au/wp-content/themes/qei/fonts/slick.svg:
2026-08-31 10:30:09 ERROR 404: Not Found.
2026-08-31 10:30:10 URL:https://qei.org.au/patientstory/sarahs-journey-with-keratoconus/ [117250] -> "raw-site/qei.org.au/patientstory/sarahs-journey-with-keratoconus/index.html" [1]
2026-08-31 10:30:10 URL:https://qei.org.au/wp-content/themes/qei/css/custom-styles.css?ver=1788134320 [140055/140055] -> "raw-site/qei.org.au/wp-content/themes/qei/css/custom-styles.css@ver=1788134320.css" [1]
2026-08-31 10:30:11 URL:https://qei.org.au/wp-content/uploads/2024/10/QEIF-PatientSarahOakleigh-23May2024-1-2-1430x1430.jpg [328918/328918] -> "raw-site/qei.org.au/wp-content/uploads/2024/10/QEIF-PatientSarahOakleigh-23May2024-1-2-1430x1430.jpg" [1]
2026-08-31 10:30:11 URL:https://qei.org.au/wp-content/uploads/2024/10/QEIF-PatientSarahOakleigh-11September2024-5-1.jpg [628443/628443] -> "raw-site/qei.org.au/wp-content/uploads/2024/10/QEIF-PatientSarahOakleigh-11September2024-5-1.jpg" [1]
2026-08-31 10:30:12 URL:https://qei.org.au/wp-content/uploads/2024/10/QEIF-PatientSarahOakleigh-11September2024-5-1-300x226.jpg [18832/18832] -> "raw-site/qei.org.au/wp-content/uploads/2024/10/QEIF-PatientSarahOakleigh-11September2024-5-1-300x226.jpg" [1]
2026-08-31 10:30:12 URL:https://qei.org.au/wp-content/uploads/2024/10/QEIF-PatientSarahOakleigh-11September2024-5-1-1024x771.jpg [153687/153687] -> "raw-site/qei.org.au/wp-content/uploads/2024/10/QEIF-PatientSarahOakleigh-11September2024-5-1-1024x771.jpg" [1]
2026-08-31 10:30:13 URL:https://qei.org.au/wp-content/uploads/2024/10/QEIF-PatientSarahOakleigh-11September2024-5-1-768x578.jpg [95032/95032] -> "raw-site/qei.org.au/wp-content/uploads/2024/10/QEIF-PatientSarahOakleigh-11September2024-5-1-768x578.jpg" [1]
2026-08-31 10:30:14 URL:https://qei.org.au/wp-content/uploads/2024/10/QEIF-PatientSarahOakleigh-11September2024-5-1-1536x1157.jpg [293771/293771] -> "raw-site/qei.org.au/wp-content/uploads/2024/10/QEIF-PatientSarahOakleigh-11September2024-5-1-1536x1157.jpg" [1]
2026-08-31 10:30:14 URL:https://qei.org.au/wp-content/uploads/2024/10/QEIF-PatientSarahOakleigh-11September2024-5-1-1430x1077.jpg [263404/263404] -> "raw-site/qei.org.au/wp-content/uploads/2024/10/QEIF-PatientSarahOakleigh-11September2024-5-1-1430x1077.jpg" [1]
2026-08-31 10:30:15 URL:https://qei.org.au/wp-content/uploads/2024/10/QEIF-PatientSarahOakleigh-11September2024-5-1-800x603.jpg [102222/102222] -> "raw-site/qei.org.au/wp-content/uploads/2024/10/QEIF-PatientSarahOakleigh-11September2024-5-1-800x603.jpg" [1]
2026-08-31 10:30:15 URL:https://qei.org.au/wp-content/uploads/2024/10/QEIF-PatientSarahOakleigh-11September2024-5-1-398x300.jpg [30688/30688] -> "raw-site/qei.org.au/wp-content/uploads/2024/10/QEIF-PatientSarahOakleigh-11September2024-5-1-398x300.jpg" [1]
2026-08-31 10:30:16 URL:https://qei.org.au/wp-content/uploads/2024/10/Brendan-Cronin-and-David-Gunn-2.jpg [420684/420684] -> "raw-site/qei.org.au/wp-content/uploads/2024/10/Brendan-Cronin-and-David-Gunn-2.jpg" [1]
2026-08-31 10:30:16 URL:https://qei.org.au/wp-content/uploads/2024/10/Brendan-Cronin-and-David-Gunn-2-300x207.jpg [15974/15974] -> "raw-site/qei.org.au/wp-content/uploads/2024/10/Brendan-Cronin-and-David-Gunn-2-300x207.jpg" [1]
2026-08-31 10:30:17 URL:https://qei.org.au/wp-content/uploads/2024/10/Brendan-Cronin-and-David-Gunn-2-768x529.jpg [73248/73248] -> "raw-site/qei.org.au/wp-content/uploads/2024/10/Brendan-Cronin-and-David-Gunn-2-768x529.jpg" [1]
2026-08-31 10:30:17 URL:https://qei.org.au/wp-content/uploads/2024/10/Brendan-Cronin-and-David-Gunn-2-800x551.jpg [77390/77390] -> "raw-site/qei.org.au/wp-content/uploads/2024/10/Brendan-Cronin-and-David-Gunn-2-800x551.jpg" [1]
2026-08-31 10:30:18 URL:https://qei.org.au/wp-content/uploads/2024/10/Brendan-Cronin-and-David-Gunn-2-400x275.jpg [25849/25849] -> "raw-site/qei.org.au/wp-content/uploads/2024/10/Brendan-Cronin-and-David-Gunn-2-400x275.jpg" [1]
2026-08-31 10:30:18 URL:https://qei.org.au/wp-content/uploads/2024/10/CAIRS-PLAN.jpg [178632/178632] -> "raw-site/qei.org.au/wp-content/uploads/2024/10/CAIRS-PLAN.jpg" [1]
2026-08-31 10:30:19 URL:https://qei.org.au/wp-content/uploads/2024/10/CAIRS-PLAN-300x173.jpg [12890/12890] -> "raw-site/qei.org.au/wp-content/uploads/2024/10/CAIRS-PLAN-300x173.jpg" [1]
2026-08-31 10:30:19 URL:https://qei.org.au/wp-content/uploads/2024/10/CAIRS-PLAN-1024x590.jpg [74998/74998] -> "raw-site/qei.org.au/wp-content/uploads/2024/10/CAIRS-PLAN-1024x590.jpg" [1]
2026-08-31 10:30:20 URL:https://qei.org.au/wp-content/uploads/2024/10/CAIRS-PLAN-768x442.jpg [51189/51189] -> "raw-site/qei.org.au/wp-content/uploads/2024/10/CAIRS-PLAN-768x442.jpg" [1]
2026-08-31 10:30:20 URL:https://qei.org.au/wp-content/uploads/2024/10/CAIRS-PLAN-800x461.jpg [54047/54047] -> "raw-site/qei.org.au/wp-content/uploads/2024/10/CAIRS-PLAN-800x461.jpg" [1]
2026-08-31 10:30:21 URL:https://qei.org.au/wp-content/uploads/2024/10/CAIRS-PLAN-400x230.jpg [19919/19919] -> "raw-site/qei.org.au/wp-content/uploads/2024/10/CAIRS-PLAN-400x230.jpg" [1]
https://qei.org.au/wp-content/themes/qei/css/owl.video.play.png:
2026-08-31 10:30:22 ERROR 404: Not Found.
https://qei.org.au/wp-content/themes/qei/fonts/slick.eot:
2026-08-31 10:30:23 ERROR 404: Not Found.
https://qei.org.au/wp-content/themes/qei/fonts/slick.eot?:
2026-08-31 10:30:25 ERROR 404: Not Found.
https://qei.org.au/wp-content/themes/qei/fonts/slick.woff:
2026-08-31 10:30:26 ERROR 404: Not Found.
https://qei.org.au/wp-content/themes/qei/fonts/slick.ttf:
2026-08-31 10:30:27 ERROR 404: Not Found.
https://qei.org.au/wp-content/themes/qei/fonts/slick.svg:
2026-08-31 10:30:29 ERROR 404: Not Found.
2026-08-31 10:30:29 URL:https://qei.org.au/patientstory/seeing-the-light-in-a-dark-diagnosis/ [115796] -> "raw-site/qei.org.au/patientstory/seeing-the-light-in-a-dark-diagnosis/index.html" [1]
2026-08-31 10:30:30 URL:https://qei.org.au/wp-content/themes/qei/css/custom-styles.css?ver=1788134041 [140055/140055] -> "raw-site/qei.org.au/wp-content/themes/qei/css/custom-styles.css@ver=1788134041.css" [1]
2026-08-31 10:30:31 URL:https://qei.org.au/wp-content/uploads/2020/08/Adrian-Brown-1-e1598572370987-1430x1251.png [2238885/2238885] -> "raw-site/qei.org.au/wp-content/uploads/2020/08/Adrian-Brown-1-e1598572370987-1430x1251.png" [1]
2026-08-31 10:30:31 URL:https://qei.org.au/wp-content/uploads/2020/08/Adrian-photography-2-1024x683.png [1119395/1119395] -> "raw-site/qei.org.au/wp-content/uploads/2020/08/Adrian-photography-2-1024x683.png" [1]
2026-08-31 10:30:32 URL:https://qei.org.au/wp-content/uploads/2020/08/Adrian-photography-2-300x200.png [95601/95601] -> "raw-site/qei.org.au/wp-content/uploads/2020/08/Adrian-photography-2-300x200.png" [1]
2026-08-31 10:30:32 URL:https://qei.org.au/wp-content/uploads/2020/08/Adrian-photography-2-768x512.png [608704/608704] -> "raw-site/qei.org.au/wp-content/uploads/2020/08/Adrian-photography-2-768x512.png" [1]
2026-08-31 10:30:33 URL:https://qei.org.au/wp-content/uploads/2020/08/Adrian-photography-2-1430x953.png [2197348/2197348] -> "raw-site/qei.org.au/wp-content/uploads/2020/08/Adrian-photography-2-1430x953.png" [1]
2026-08-31 10:30:33 URL:https://qei.org.au/wp-content/uploads/2020/08/Adrian-photography-2-800x533.png [663266/663266] -> "raw-site/qei.org.au/wp-content/uploads/2020/08/Adrian-photography-2-800x533.png" [1]
2026-08-31 10:30:34 URL:https://qei.org.au/wp-content/uploads/2020/08/Adrian-photography-2-400x267.png [162907/162907] -> "raw-site/qei.org.au/wp-content/uploads/2020/08/Adrian-photography-2-400x267.png" [1]
2026-08-31 10:30:35 URL:https://qei.org.au/wp-content/uploads/2020/08/Adrian-photography-2.png [3283770/3283770] -> "raw-site/qei.org.au/wp-content/uploads/2020/08/Adrian-photography-2.png" [1]
2026-08-31 10:30:35 URL:https://qei.org.au/wp-content/uploads/2020/08/Adrian-Brown-1-e1598572262293-1024x769.png [1144826/1144826] -> "raw-site/qei.org.au/wp-content/uploads/2020/08/Adrian-Brown-1-e1598572262293-1024x769.png" [1]
https://qei.org.au/wp-content/themes/qei/css/owl.video.play.png:
2026-08-31 10:30:37 ERROR 404: Not Found.
https://qei.org.au/wp-content/themes/qei/fonts/slick.eot:
2026-08-31 10:30:38 ERROR 404: Not Found.
https://qei.org.au/wp-content/themes/qei/fonts/slick.eot?:
2026-08-31 10:30:39 ERROR 404: Not Found.
https://qei.org.au/wp-content/themes/qei/fonts/slick.woff:
2026-08-31 10:30:40 ERROR 404: Not Found.
https://qei.org.au/wp-content/themes/qei/fonts/slick.ttf:
2026-08-31 10:30:42 ERROR 404: Not Found.
https://qei.org.au/wp-content/themes/qei/fonts/slick.svg:
2026-08-31 10:30:43 ERROR 404: Not Found.
2026-08-31 10:30:43 URL:https://qei.org.au/patientstory/sharing-family-health-history-vital-to-saving-sight/ [118588] -> "raw-site/qei.org.au/patientstory/sharing-family-health-history-vital-to-saving-sight/index.html" [1]
2026-08-31 10:30:44 URL:https://qei.org.au/wp-content/themes/qei/css/custom-styles.css?ver=1788134096 [140055/140055] -> "raw-site/qei.org.au/wp-content/themes/qei/css/custom-styles.css@ver=1788134096.css" [1]
2026-08-31 10:30:45 URL:https://qei.org.au/wp-content/uploads/2023/08/20230504RayHibbins1X11-1430x1430.jpg [479974/479974] -> "raw-site/qei.org.au/wp-content/uploads/2023/08/20230504RayHibbins1X11-1430x1430.jpg" [1]
2026-08-31 10:30:45 URL:https://qei.org.au/wp-content/uploads/2023/08/QEIF_patientstory_Ray-Hibbins-with-artwork_web-300x200.jpg [9689/9689] -> "raw-site/qei.org.au/wp-content/uploads/2023/08/QEIF_patientstory_Ray-Hibbins-with-artwork_web-300x200.jpg" [1]
2026-08-31 10:30:46 URL:https://qei.org.au/wp-content/uploads/2023/08/QEIF_patientstory_Ray-Hibbins-with-artwork_web-768x512.jpg [38615/38615] -> "raw-site/qei.org.au/wp-content/uploads/2023/08/QEIF_patientstory_Ray-Hibbins-with-artwork_web-768x512.jpg" [1]
2026-08-31 10:30:46 URL:https://qei.org.au/wp-content/uploads/2023/08/QEIF_patientstory_Ray-Hibbins-with-artwork_web-800x534.jpg [40853/40853] -> "raw-site/qei.org.au/wp-content/uploads/2023/08/QEIF_patientstory_Ray-Hibbins-with-artwork_web-800x534.jpg" [1]
2026-08-31 10:30:47 URL:https://qei.org.au/wp-content/uploads/2023/08/QEIF_patientstory_Ray-Hibbins-with-artwork_web-400x267.jpg [14915/14915] -> "raw-site/qei.org.au/wp-content/uploads/2023/08/QEIF_patientstory_Ray-Hibbins-with-artwork_web-400x267.jpg" [1]
2026-08-31 10:30:47 URL:https://qei.org.au/wp-content/uploads/2023/08/Amsler-Grid.jpg [133482/133482] -> "raw-site/qei.org.au/wp-content/uploads/2023/08/Amsler-Grid.jpg" [1]
2026-08-31 10:30:48 URL:https://qei.org.au/wp-content/uploads/2023/08/Amsler-Grid-300x200.jpg [15617/15617] -> "raw-site/qei.org.au/wp-content/uploads/2023/08/Amsler-Grid-300x200.jpg" [1]
2026-08-31 10:30:48 URL:https://qei.org.au/wp-content/uploads/2023/08/Amsler-Grid-1024x683.jpg [99495/99495] -> "raw-site/qei.org.au/wp-content/uploads/2023/08/Amsler-Grid-1024x683.jpg" [1]
2026-08-31 10:30:49 URL:https://qei.org.au/wp-content/uploads/2023/08/Amsler-Grid-768x512.jpg [67115/67115] -> "raw-site/qei.org.au/wp-content/uploads/2023/08/Amsler-Grid-768x512.jpg" [1]
2026-08-31 10:30:49 URL:https://qei.org.au/wp-content/uploads/2023/08/Amsler-Grid-800x533.jpg [72030/72030] -> "raw-site/qei.org.au/wp-content/uploads/2023/08/Amsler-Grid-800x533.jpg" [1]
2026-08-31 10:30:50 URL:https://qei.org.au/wp-content/uploads/2023/08/Amsler-Grid-400x267.jpg [25580/25580] -> "raw-site/qei.org.au/wp-content/uploads/2023/08/Amsler-Grid-400x267.jpg" [1]
https://qei.org.au/wp-content/themes/qei/css/owl.video.play.png:
2026-08-31 10:30:51 ERROR 404: Not Found.
https://qei.org.au/wp-content/themes/qei/fonts/slick.eot:
2026-08-31 10:30:52 ERROR 404: Not Found.
https://qei.org.au/wp-content/themes/qei/fonts/slick.eot?:
2026-08-31 10:30:54 ERROR 404: Not Found.
https://qei.org.au/wp-content/themes/qei/fonts/slick.woff:
2026-08-31 10:30:55 ERROR 404: Not Found.
https://qei.org.au/wp-content/themes/qei/fonts/slick.ttf:
2026-08-31 10:30:56 ERROR 404: Not Found.
https://qei.org.au/wp-content/themes/qei/fonts/slick.svg:
2026-08-31 10:30:58 ERROR 404: Not Found.
2026-08-31 10:30:58 URL:https://qei.org.au/patientstory/supporting-medical-research-is-greatest-gift/ [113212] -> "raw-site/qei.org.au/patientstory/supporting-medical-research-is-greatest-gift/index.html" [1]
2026-08-31 10:30:59 URL:https://qei.org.au/wp-content/themes/qei/css/custom-styles.css?ver=1788134025 [140055/140055] -> "raw-site/qei.org.au/wp-content/themes/qei/css/custom-styles.css@ver=1788134025.css" [1]
2026-08-31 10:30:59 URL:https://qei.org.au/wp-content/uploads/2019/02/story6-e1553142389258-517x450.png [331189/331189] -> "raw-site/qei.org.au/wp-content/uploads/2019/02/story6-e1553142389258-517x450.png" [1]
2026-08-31 10:31:00 URL:https://qei.org.au/wp-content/uploads/2019/02/phoebe_emailnewsletterv3.jpg [140383/140383] -> "raw-site/qei.org.au/wp-content/uploads/2019/02/phoebe_emailnewsletterv3.jpg" [1]
2026-08-31 10:31:00 URL:https://qei.org.au/wp-content/uploads/2019/02/phoebe_emailnewsletterv3-300x135.jpg [13215/13215] -> "raw-site/qei.org.au/wp-content/uploads/2019/02/phoebe_emailnewsletterv3-300x135.jpg" [1]
2026-08-31 10:31:01 URL:https://qei.org.au/wp-content/uploads/2019/02/phoebe_emailnewsletterv3-768x347.jpg [53690/53690] -> "raw-site/qei.org.au/wp-content/uploads/2019/02/phoebe_emailnewsletterv3-768x347.jpg" [1]
2026-08-31 10:31:01 URL:https://qei.org.au/wp-content/uploads/2019/02/phoebe_emailnewsletterv3-1024x462.jpg [80301/80301] -> "raw-site/qei.org.au/wp-content/uploads/2019/02/phoebe_emailnewsletterv3-1024x462.jpg" [1]
2026-08-31 10:31:02 URL:https://qei.org.au/wp-content/uploads/2019/02/phoebe_emailnewsletterv3-997x450.jpg [78332/78332] -> "raw-site/qei.org.au/wp-content/uploads/2019/02/phoebe_emailnewsletterv3-997x450.jpg" [1]
https://qei.org.au/wp-content/themes/qei/css/owl.video.play.png:
2026-08-31 10:31:03 ERROR 404: Not Found.
https://qei.org.au/wp-content/themes/qei/fonts/slick.eot:
2026-08-31 10:31:04 ERROR 404: Not Found.
https://qei.org.au/wp-content/themes/qei/fonts/slick.eot?:
2026-08-31 10:31:06 ERROR 404: Not Found.
https://qei.org.au/wp-content/themes/qei/fonts/slick.woff:
2026-08-31 10:31:07 ERROR 404: Not Found.
https://qei.org.au/wp-content/themes/qei/fonts/slick.ttf:
2026-08-31 10:31:08 ERROR 404: Not Found.
https://qei.org.au/wp-content/themes/qei/fonts/slick.svg:
2026-08-31 10:31:10 ERROR 404: Not Found.
2026-08-31 10:31:10 URL:https://qei.org.au/patientstory/the-foden-familys-courageous-battle-with-eye-disease/ [118413] -> "raw-site/qei.org.au/patientstory/the-foden-familys-courageous-battle-with-eye-disease/index.html" [1]
2026-08-31 10:31:11 URL:https://qei.org.au/wp-content/themes/qei/css/custom-styles.css?ver=1788134027 [140055/140055] -> "raw-site/qei.org.au/wp-content/themes/qei/css/custom-styles.css@ver=1788134027.css" [1]
2026-08-31 10:31:11 URL:https://qei.org.au/wp-content/uploads/2019/02/story3-e1561432269207-420x450.png [293370/293370] -> "raw-site/qei.org.au/wp-content/uploads/2019/02/story3-e1561432269207-420x450.png" [1]
2026-08-31 10:31:12 URL:https://qei.org.au/wp-content/uploads/2019/02/IMAG0972-2.jpg [88191/88191] -> "raw-site/qei.org.au/wp-content/uploads/2019/02/IMAG0972-2.jpg" [1]
2026-08-31 10:31:12 URL:https://qei.org.au/wp-content/uploads/2019/02/IMAG0972-2-179x300.jpg [9477/9477] -> "raw-site/qei.org.au/wp-content/uploads/2019/02/IMAG0972-2-179x300.jpg" [1]
2026-08-31 10:31:13 URL:https://qei.org.au/wp-content/uploads/2019/02/IMAG0972-2-269x450.jpg [17259/17259] -> "raw-site/qei.org.au/wp-content/uploads/2019/02/IMAG0972-2-269x450.jpg" [1]
2026-08-31 10:31:13 URL:https://qei.org.au/wp-content/uploads/2019/02/1466941573270-3.jpg [23294/23294] -> "raw-site/qei.org.au/wp-content/uploads/2019/02/1466941573270-3.jpg" [1]
2026-08-31 10:31:14 URL:https://qei.org.au/wp-content/uploads/2019/02/1466941573270-3-180x300.jpg [10175/10175] -> "raw-site/qei.org.au/wp-content/uploads/2019/02/1466941573270-3-180x300.jpg" [1]
2026-08-31 10:31:14 URL:https://qei.org.au/wp-content/uploads/2019/02/1466941573270-3-270x450.jpg [18892/18892] -> "raw-site/qei.org.au/wp-content/uploads/2019/02/1466941573270-3-270x450.jpg" [1]
2026-08-31 10:31:15 URL:https://qei.org.au/wp-content/uploads/2019/02/1466941748919-1.jpg [21336/21336] -> "raw-site/qei.org.au/wp-content/uploads/2019/02/1466941748919-1.jpg" [1]
2026-08-31 10:31:15 URL:https://qei.org.au/wp-content/uploads/2019/02/1466941748919-1-180x300.jpg [9559/9559] -> "raw-site/qei.org.au/wp-content/uploads/2019/02/1466941748919-1-180x300.jpg" [1]
2026-08-31 10:31:16 URL:https://qei.org.au/wp-content/uploads/2019/02/1466941748919-1-270x450.jpg [17618/17618] -> "raw-site/qei.org.au/wp-content/uploads/2019/02/1466941748919-1-270x450.jpg" [1]
2026-08-31 10:31:16 URL:https://qei.org.au/wp-content/uploads/2019/02/IMAG1239-1.jpg [88355/88355] -> "raw-site/qei.org.au/wp-content/uploads/2019/02/IMAG1239-1.jpg" [1]
2026-08-31 10:31:17 URL:https://qei.org.au/wp-content/uploads/2019/02/IMAG1239-1-180x300.jpg [10188/10188] -> "raw-site/qei.org.au/wp-content/uploads/2019/02/IMAG1239-1-180x300.jpg" [1]
2026-08-31 10:31:17 URL:https://qei.org.au/wp-content/uploads/2019/02/IMAG1239-1-613x1024.jpg [75563/75563] -> "raw-site/qei.org.au/wp-content/uploads/2019/02/IMAG1239-1-613x1024.jpg" [1]
2026-08-31 10:31:18 URL:https://qei.org.au/wp-content/uploads/2019/02/IMAG1239-1-269x450.jpg [19224/19224] -> "raw-site/qei.org.au/wp-content/uploads/2019/02/IMAG1239-1-269x450.jpg" [1]
2026-08-31 10:31:18 URL:https://qei.org.au/wp-content/uploads/2019/02/IMAG0968-2.jpg [87506/87506] -> "raw-site/qei.org.au/wp-content/uploads/2019/02/IMAG0968-2.jpg" [1]
2026-08-31 10:31:19 URL:https://qei.org.au/wp-content/uploads/2019/02/IMAG0968-2-180x300.jpg [12508/12508] -> "raw-site/qei.org.au/wp-content/uploads/2019/02/IMAG0968-2-180x300.jpg" [1]
2026-08-31 10:31:19 URL:https://qei.org.au/wp-content/uploads/2019/02/IMAG0968-2-614x1024.jpg [78461/78461] -> "raw-site/qei.org.au/wp-content/uploads/2019/02/IMAG0968-2-614x1024.jpg" [1]
2026-08-31 10:31:20 URL:https://qei.org.au/wp-content/uploads/2019/02/IMAG0968-2-270x450.jpg [22783/22783] -> "raw-site/qei.org.au/wp-content/uploads/2019/02/IMAG0968-2-270x450.jpg" [1]
2026-08-31 10:31:20 URL:https://qei.org.au/wp-content/uploads/2019/02/IMAG1107-1.jpg [150005/150005] -> "raw-site/qei.org.au/wp-content/uploads/2019/02/IMAG1107-1.jpg" [1]
2026-08-31 10:31:21 URL:https://qei.org.au/wp-content/uploads/2019/02/IMAG1107-1-180x300.jpg [16128/16128] -> "raw-site/qei.org.au/wp-content/uploads/2019/02/IMAG1107-1-180x300.jpg" [1]
2026-08-31 10:31:21 URL:https://qei.org.au/wp-content/uploads/2019/02/IMAG1107-1-614x1024.jpg [123116/123116] -> "raw-site/qei.org.au/wp-content/uploads/2019/02/IMAG1107-1-614x1024.jpg" [1]
2026-08-31 10:31:22 URL:https://qei.org.au/wp-content/uploads/2019/02/IMAG1107-1-270x450.jpg [31616/31616] -> "raw-site/qei.org.au/wp-content/uploads/2019/02/IMAG1107-1-270x450.jpg" [1]
2026-08-31 10:31:22 URL:https://qei.org.au/wp-content/uploads/2019/02/IMAG1502-1.jpg [85324/85324] -> "raw-site/qei.org.au/wp-content/uploads/2019/02/IMAG1502-1.jpg" [1]
2026-08-31 10:31:23 URL:https://qei.org.au/wp-content/uploads/2019/02/IMAG1502-1-180x300.jpg [10682/10682] -> "raw-site/qei.org.au/wp-content/uploads/2019/02/IMAG1502-1-180x300.jpg" [1]
2026-08-31 10:31:23 URL:https://qei.org.au/wp-content/uploads/2019/02/IMAG1502-1-613x1024.jpg [73307/73307] -> "raw-site/qei.org.au/wp-content/uploads/2019/02/IMAG1502-1-613x1024.jpg" [1]
2026-08-31 10:31:24 URL:https://qei.org.au/wp-content/uploads/2019/02/IMAG1502-1-269x450.jpg [19344/19344] -> "raw-site/qei.org.au/wp-content/uploads/2019/02/IMAG1502-1-269x450.jpg" [1]
https://qei.org.au/wp-content/themes/qei/css/owl.video.play.png:
2026-08-31 10:31:25 ERROR 404: Not Found.
https://qei.org.au/wp-content/themes/qei/fonts/slick.eot:
2026-08-31 10:31:26 ERROR 404: Not Found.
https://qei.org.au/wp-content/themes/qei/fonts/slick.eot?:
2026-08-31 10:31:28 ERROR 404: Not Found.
https://qei.org.au/wp-content/themes/qei/fonts/slick.woff:
2026-08-31 10:31:29 ERROR 404: Not Found.
https://qei.org.au/wp-content/themes/qei/fonts/slick.ttf:
2026-08-31 10:31:30 ERROR 404: Not Found.
https://qei.org.au/wp-content/themes/qei/fonts/slick.svg:
2026-08-31 10:31:32 ERROR 404: Not Found.
2026-08-31 10:31:32 URL:https://qei.org.au/patientstory/tim-is-active-and-outgoing-despite-severe-vision-loss/ [118871] -> "raw-site/qei.org.au/patientstory/tim-is-active-and-outgoing-despite-severe-vision-loss/index.html" [1]
2026-08-31 10:31:33 URL:https://qei.org.au/wp-content/themes/qei/css/custom-styles.css?ver=1788134085 [140055/140055] -> "raw-site/qei.org.au/wp-content/themes/qei/css/custom-styles.css@ver=1788134085.css" [1]
2026-08-31 10:31:33 URL:https://qei.org.au/wp-content/uploads/2021/08/For-featured-image-Tim-mixing-the-sound-for-the-live-band-using-the-sound-board-wearing-cowboy-hat.jpg [193665/193665] -> "raw-site/qei.org.au/wp-content/uploads/2021/08/For-featured-image-Tim-mixing-the-sound-for-the-live-band-using-the-sound-board-wearing-cowboy-hat.jpg" [1]
2026-08-31 10:31:34 URL:https://qei.org.au/wp-content/uploads/2021/08/Tim-on-the-boat-wearing-sunglasses-589x1024.jpg [104594/104594] -> "raw-site/qei.org.au/wp-content/uploads/2021/08/Tim-on-the-boat-wearing-sunglasses-589x1024.jpg" [1]
2026-08-31 10:31:34 URL:https://qei.org.au/wp-content/uploads/2021/08/Tim-on-the-boat-wearing-sunglasses-172x300.jpg [13591/13591] -> "raw-site/qei.org.au/wp-content/uploads/2021/08/Tim-on-the-boat-wearing-sunglasses-172x300.jpg" [1]
2026-08-31 10:31:35 URL:https://qei.org.au/wp-content/uploads/2021/08/Tim-on-the-boat-wearing-sunglasses.jpg [630328/630328] -> "raw-site/qei.org.au/wp-content/uploads/2021/08/Tim-on-the-boat-wearing-sunglasses.jpg" [1]
2026-08-31 10:31:35 URL:https://qei.org.au/wp-content/uploads/2021/08/Tim-on-bike-holding-white-cane.jpg [275372/275372] -> "raw-site/qei.org.au/wp-content/uploads/2021/08/Tim-on-bike-holding-white-cane.jpg" [1]
2026-08-31 10:31:36 URL:https://qei.org.au/wp-content/uploads/2021/08/Tim-on-bike-holding-white-cane-209x300.jpg [15034/15034] -> "raw-site/qei.org.au/wp-content/uploads/2021/08/Tim-on-bike-holding-white-cane-209x300.jpg" [1]
2026-08-31 10:31:36 URL:https://qei.org.au/wp-content/uploads/2021/08/Tim-mixing-the-sound-for-the-live-band-using-the-sound-board-wearing-cowboy-hat-578x1024.jpg [106297/106297] -> "raw-site/qei.org.au/wp-content/uploads/2021/08/Tim-mixing-the-sound-for-the-live-band-using-the-sound-board-wearing-cowboy-hat-578x1024.jpg" [1]
2026-08-31 10:31:37 URL:https://qei.org.au/wp-content/uploads/2021/08/Tim-mixing-the-sound-for-the-live-band-using-the-sound-board-wearing-cowboy-hat-169x300.jpg [16077/16077] -> "raw-site/qei.org.au/wp-content/uploads/2021/08/Tim-mixing-the-sound-for-the-live-band-using-the-sound-board-wearing-cowboy-hat-169x300.jpg" [1]
2026-08-31 10:31:37 URL:https://qei.org.au/wp-content/uploads/2021/08/Tim-mixing-the-sound-for-the-live-band-using-the-sound-board-wearing-cowboy-hat.jpg [667425/667425] -> "raw-site/qei.org.au/wp-content/uploads/2021/08/Tim-mixing-the-sound-for-the-live-band-using-the-sound-board-wearing-cowboy-hat.jpg" [1]
2026-08-31 10:31:38 URL:https://qei.org.au/wp-content/uploads/2021/08/Tim-holding-spear-on-right-with-brother-and-father-on-beach-771x1024.jpg [125009/125009] -> "raw-site/qei.org.au/wp-content/uploads/2021/08/Tim-holding-spear-on-right-with-brother-and-father-on-beach-771x1024.jpg" [1]
2026-08-31 10:31:38 URL:https://qei.org.au/wp-content/uploads/2021/08/Tim-holding-spear-on-right-with-brother-and-father-on-beach-226x300.jpg [17940/17940] -> "raw-site/qei.org.au/wp-content/uploads/2021/08/Tim-holding-spear-on-right-with-brother-and-father-on-beach-226x300.jpg" [1]
2026-08-31 10:31:39 URL:https://qei.org.au/wp-content/uploads/2021/08/Tim-holding-spear-on-right-with-brother-and-father-on-beach-768x1020.jpg [123774/123774] -> "raw-site/qei.org.au/wp-content/uploads/2021/08/Tim-holding-spear-on-right-with-brother-and-father-on-beach-768x1020.jpg" [1]
2026-08-31 10:31:39 URL:https://qei.org.au/wp-content/uploads/2021/08/Tim-holding-spear-on-right-with-brother-and-father-on-beach-800x1062.jpg [131249/131249] -> "raw-site/qei.org.au/wp-content/uploads/2021/08/Tim-holding-spear-on-right-with-brother-and-father-on-beach-800x1062.jpg" [1]
2026-08-31 10:31:40 URL:https://qei.org.au/wp-content/uploads/2021/08/Tim-holding-spear-on-right-with-brother-and-father-on-beach.jpg [370284/370284] -> "raw-site/qei.org.au/wp-content/uploads/2021/08/Tim-holding-spear-on-right-with-brother-and-father-on-beach.jpg" [1]
2026-08-31 10:31:40 URL:https://qei.org.au/wp-content/uploads/2021/08/Tim-spear-fishing.jpg [167166/167166] -> "raw-site/qei.org.au/wp-content/uploads/2021/08/Tim-spear-fishing.jpg" [1]
2026-08-31 10:31:41 URL:https://qei.org.au/wp-content/uploads/2021/08/Tim-spear-fishing-300x167.jpg [5764/5764] -> "raw-site/qei.org.au/wp-content/uploads/2021/08/Tim-spear-fishing-300x167.jpg" [1]
2026-08-31 10:31:41 URL:https://qei.org.au/wp-content/uploads/2021/08/Tim-spear-fishing-400x223.jpg [8852/8852] -> "raw-site/qei.org.au/wp-content/uploads/2021/08/Tim-spear-fishing-400x223.jpg" [1]
https://qei.org.au/wp-content/themes/qei/css/owl.video.play.png:
2026-08-31 10:31:43 ERROR 404: Not Found.
https://qei.org.au/wp-content/themes/qei/fonts/slick.eot:
2026-08-31 10:31:44 ERROR 404: Not Found.
https://qei.org.au/wp-content/themes/qei/fonts/slick.eot?:
2026-08-31 10:31:45 ERROR 404: Not Found.
https://qei.org.au/wp-content/themes/qei/fonts/slick.woff:
2026-08-31 10:31:47 ERROR 404: Not Found.
https://qei.org.au/wp-content/themes/qei/fonts/slick.ttf:
2026-08-31 10:31:48 ERROR 404: Not Found.
https://qei.org.au/wp-content/themes/qei/fonts/slick.svg:
2026-08-31 10:31:49 ERROR 404: Not Found.
2026-08-31 10:31:50 URL:https://qei.org.au/privacy-policy/ [120029] -> "raw-site/qei.org.au/privacy-policy/index.html" [1]
2026-08-31 10:31:50 URL:https://qei.org.au/wp-content/themes/qei/css/custom-styles.css?ver=1788169843 [140055/140055] -> "raw-site/qei.org.au/wp-content/themes/qei/css/custom-styles.css@ver=1788169843.css" [1]
2026-08-31 10:31:51 URL:https://qei.org.au/wp-content/uploads/2019/04/QEI_0468_A1-676x450.jpg [41263/41263] -> "raw-site/qei.org.au/wp-content/uploads/2019/04/QEI_0468_A1-676x450.jpg" [1]
https://qei.org.au/wp-content/themes/qei/css/owl.video.play.png:
2026-08-31 10:31:52 ERROR 404: Not Found.
https://qei.org.au/wp-content/themes/qei/fonts/slick.eot:
2026-08-31 10:31:53 ERROR 404: Not Found.
https://qei.org.au/wp-content/themes/qei/fonts/slick.eot?:
2026-08-31 10:31:55 ERROR 404: Not Found.
https://qei.org.au/wp-content/themes/qei/fonts/slick.woff:
2026-08-31 10:31:56 ERROR 404: Not Found.
https://qei.org.au/wp-content/themes/qei/fonts/slick.ttf:
2026-08-31 10:31:57 ERROR 404: Not Found.
https://qei.org.au/wp-content/themes/qei/fonts/slick.svg:
2026-08-31 10:31:58 ERROR 404: Not Found.
2026-08-31 10:31:59 URL:https://qei.org.au/qei-clinics/ [108806] -> "raw-site/qei.org.au/qei-clinics/index.html" [1]
2026-08-31 10:31:59 URL:https://qei.org.au/wp-content/themes/qei/css/custom-styles.css?ver=1788144650 [140055/140055] -> "raw-site/qei.org.au/wp-content/themes/qei/css/custom-styles.css@ver=1788144650.css" [1]
2026-08-31 10:32:00 URL:https://qei.org.au/wp-content/uploads/2026/03/20260318_QEI-Clayfield-2_Web-400x267.jpg [18255/18255] -> "raw-site/qei.org.au/wp-content/uploads/2026/03/20260318_QEI-Clayfield-2_Web-400x267.jpg" [1]
https://qei.org.au/wp-content/themes/qei/css/owl.video.play.png:
2026-08-31 10:32:01 ERROR 404: Not Found.
https://qei.org.au/wp-content/themes/qei/fonts/slick.eot:
2026-08-31 10:32:03 ERROR 404: Not Found.
https://qei.org.au/wp-content/themes/qei/fonts/slick.eot?:
2026-08-31 10:32:04 ERROR 404: Not Found.
https://qei.org.au/wp-content/themes/qei/fonts/slick.woff:
2026-08-31 10:32:05 ERROR 404: Not Found.
https://qei.org.au/wp-content/themes/qei/fonts/slick.ttf:
2026-08-31 10:32:07 ERROR 404: Not Found.
https://qei.org.au/wp-content/themes/qei/fonts/slick.svg:
2026-08-31 10:32:08 ERROR 404: Not Found.
2026-08-31 10:32:08 URL:https://qei.org.au/qei-clinics/clayfield-qei-clinic/ [117147] -> "raw-site/qei.org.au/qei-clinics/clayfield-qei-clinic/index.html" [1]
2026-08-31 10:32:09 URL:https://qei.org.au/wp-content/themes/qei/css/custom-styles.css?ver=1788162901 [140055/140055] -> "raw-site/qei.org.au/wp-content/themes/qei/css/custom-styles.css@ver=1788162901.css" [1]
2026-08-31 10:32:10 URL:https://qei.org.au/wp-content/uploads/2026/03/20260318_QEI-Clayfield-2_Web-1430x954.jpg [146388/146388] -> "raw-site/qei.org.au/wp-content/uploads/2026/03/20260318_QEI-Clayfield-2_Web-1430x954.jpg" [1]
2026-08-31 10:32:10 URL:https://qei.org.au/wp-content/uploads/2019/04/Clayfield.jpg [105360/105360] -> "raw-site/qei.org.au/wp-content/uploads/2019/04/Clayfield.jpg" [1]
2026-08-31 10:32:11 URL:https://qei.org.au/wp-content/uploads/2019/04/clayfield.png [1761768/1761768] -> "raw-site/qei.org.au/wp-content/uploads/2019/04/clayfield.png" [1]
2026-08-31 10:32:11 URL:https://qei.org.au/wp-content/uploads/2019/02/about-qui-banners-e1769643134861.png [629859/629859] -> "raw-site/qei.org.au/wp-content/uploads/2019/02/about-qui-banners-e1769643134861.png" [1]
2026-08-31 10:32:12 URL:https://qei.org.au/wp-content/uploads/2026/03/20240717_QEI-BrendanCronin_Reception-1_Web.jpg [793319/793319] -> "raw-site/qei.org.au/wp-content/uploads/2026/03/20240717_QEI-BrendanCronin_Reception-1_Web.jpg" [1]
https://qei.org.au/wp-content/themes/qei/css/owl.video.play.png:
2026-08-31 10:32:13 ERROR 404: Not Found.
https://qei.org.au/wp-content/themes/qei/fonts/slick.eot:
2026-08-31 10:32:14 ERROR 404: Not Found.
https://qei.org.au/wp-content/themes/qei/fonts/slick.eot?:
2026-08-31 10:32:16 ERROR 404: Not Found.
https://qei.org.au/wp-content/themes/qei/fonts/slick.woff:
2026-08-31 10:32:17 ERROR 404: Not Found.
https://qei.org.au/wp-content/themes/qei/fonts/slick.ttf:
2026-08-31 10:32:18 ERROR 404: Not Found.
https://qei.org.au/wp-content/themes/qei/fonts/slick.svg:
2026-08-31 10:32:19 ERROR 404: Not Found.
2026-08-31 10:32:20 URL:https://qei.org.au/qei-clinics/woolloongabba-qei-clinic/ [119381] -> "raw-site/qei.org.au/qei-clinics/woolloongabba-qei-clinic/index.html" [1]
2026-08-31 10:32:20 URL:https://qei.org.au/wp-content/themes/qei/css/custom-styles.css?ver=1788162960 [140055/140055] -> "raw-site/qei.org.au/wp-content/themes/qei/css/custom-styles.css@ver=1788162960.css" [1]
2026-08-31 10:32:21 URL:https://qei.org.au/wp-content/uploads/2024/02/2024020187IpswichRd3.jpg [1466735/1466735] -> "raw-site/qei.org.au/wp-content/uploads/2024/02/2024020187IpswichRd3.jpg" [1]
2026-08-31 10:32:22 URL:https://qei.org.au/wp-content/uploads/2026/03/20260318_QEI-Clayfield-2_Web.jpg [661426/661426] -> "raw-site/qei.org.au/wp-content/uploads/2026/03/20260318_QEI-Clayfield-2_Web.jpg" [1]
https://qei.org.au/wp-content/themes/qei/css/owl.video.play.png:
2026-08-31 10:32:23 ERROR 404: Not Found.
https://qei.org.au/wp-content/themes/qei/fonts/slick.eot:
2026-08-31 10:32:24 ERROR 404: Not Found.
https://qei.org.au/wp-content/themes/qei/fonts/slick.eot?:
2026-08-31 10:32:25 ERROR 404: Not Found.
https://qei.org.au/wp-content/themes/qei/fonts/slick.woff:
2026-08-31 10:32:27 ERROR 404: Not Found.
https://qei.org.au/wp-content/themes/qei/fonts/slick.ttf:
2026-08-31 10:32:28 ERROR 404: Not Found.
https://qei.org.au/wp-content/themes/qei/fonts/slick.svg:
2026-08-31 10:32:29 ERROR 404: Not Found.
2026-08-31 10:32:30 URL:https://qei.org.au/qei-foundation/ [112409] -> "raw-site/qei.org.au/qei-foundation/index.html" [1]
2026-08-31 10:32:30 URL:https://qei.org.au/wp-content/themes/qei/css/custom-styles.css?ver=1788137325 [140055/140055] -> "raw-site/qei.org.au/wp-content/themes/qei/css/custom-styles.css@ver=1788137325.css" [1]
2026-08-31 10:32:31 URL:https://qei.org.au/wp-content/uploads/2019/02/story6-e1553142389258.png [313437/313437] -> "raw-site/qei.org.au/wp-content/uploads/2019/02/story6-e1553142389258.png" [1]
2026-08-31 10:32:31 URL:https://qei.org.au/wp-content/uploads/2026/05/Board-225x300.jpg [17805/17805] -> "raw-site/qei.org.au/wp-content/uploads/2026/05/Board-225x300.jpg" [1]
2026-08-31 10:32:32 URL:https://qei.org.au/wp-content/uploads/2019/02/report-banner.png [864760/864760] -> "raw-site/qei.org.au/wp-content/uploads/2019/02/report-banner.png" [1]
2026-08-31 10:32:32 URL:https://qei.org.au/wp-content/uploads/2025/11/20250206_QEI-Eyecure-thumbnail-1_HighRes-400x300.jpg [27898/27898] -> "raw-site/qei.org.au/wp-content/uploads/2025/11/20250206_QEI-Eyecure-thumbnail-1_HighRes-400x300.jpg" [1]
2026-08-31 10:32:33 URL:https://qei.org.au/wp-content/uploads/2020/01/QEI_0698_A1-400x267.jpg [23584/23584] -> "raw-site/qei.org.au/wp-content/uploads/2020/01/QEI_0698_A1-400x267.jpg" [1]
2026-08-31 10:32:33 URL:https://qei.org.au/wp-content/uploads/2026/05/shutterstock_130372394-400x267.jpg [16645/16645] -> "raw-site/qei.org.au/wp-content/uploads/2026/05/shutterstock_130372394-400x267.jpg" [1]
https://qei.org.au/wp-content/themes/qei/css/owl.video.play.png:
2026-08-31 10:32:35 ERROR 404: Not Found.
https://qei.org.au/wp-content/themes/qei/fonts/slick.eot:
2026-08-31 10:32:36 ERROR 404: Not Found.
https://qei.org.au/wp-content/themes/qei/fonts/slick.eot?:
2026-08-31 10:32:37 ERROR 404: Not Found.
https://qei.org.au/wp-content/themes/qei/fonts/slick.woff:
2026-08-31 10:32:39 ERROR 404: Not Found.
https://qei.org.au/wp-content/themes/qei/fonts/slick.ttf:
2026-08-31 10:32:40 ERROR 404: Not Found.
https://qei.org.au/wp-content/themes/qei/fonts/slick.svg:
2026-08-31 10:32:41 ERROR 404: Not Found.
2026-08-31 10:32:42 URL:https://qei.org.au/qei-foundation/about-qei-foundation/ [143365] -> "raw-site/qei.org.au/qei-foundation/about-qei-foundation/index.html" [1]
2026-08-31 10:32:42 URL:https://qei.org.au/wp-content/themes/qei/css/custom-styles.css?ver=1788137392 [140055/140055] -> "raw-site/qei.org.au/wp-content/themes/qei/css/custom-styles.css@ver=1788137392.css" [1]
2026-08-31 10:32:43 URL:https://qei.org.au/wp-content/uploads/2026/03/20260211_OptomStudent_Web-2.jpg [1781661/1781661] -> "raw-site/qei.org.au/wp-content/uploads/2026/03/20260211_OptomStudent_Web-2.jpg" [1]
2026-08-31 10:32:43 URL:https://qei.org.au/wp-content/themes/qei/images/wheel-graph.png [43778/43778] -> "raw-site/qei.org.au/wp-content/themes/qei/images/wheel-graph.png" [1]
2026-08-31 10:32:44 URL:https://qei.org.au/wp-content/uploads/2019/03/clinical-care.svg [3663/3663] -> "raw-site/qei.org.au/wp-content/uploads/2019/03/clinical-care.svg" [1]
2026-08-31 10:32:44 URL:https://qei.org.au/wp-content/uploads/2019/03/research.svg [3608/3608] -> "raw-site/qei.org.au/wp-content/uploads/2019/03/research.svg" [1]
2026-08-31 10:32:45 URL:https://qei.org.au/wp-content/uploads/2019/03/education.svg [6713/6713] -> "raw-site/qei.org.au/wp-content/uploads/2019/03/education.svg" [1]
2026-08-31 10:32:45 URL:https://qei.org.au/wp-content/uploads/2019/03/treatments-1.png [1004/1004] -> "raw-site/qei.org.au/wp-content/uploads/2019/03/treatments-1.png" [1]
2026-08-31 10:32:46 URL:https://qei.org.au/wp-content/uploads/2019/03/donations.svg [3482/3482] -> "raw-site/qei.org.au/wp-content/uploads/2019/03/donations.svg" [1]
2026-08-31 10:32:46 URL:https://qei.org.au/wp-content/uploads/2019/03/funding.svg [119603/119603] -> "raw-site/qei.org.au/wp-content/uploads/2019/03/funding.svg" [1]
2026-08-31 10:32:47 URL:https://qei.org.au/wp-content/uploads/2019/03/Charles-Viertel-and-Lawrie-Hirst.jpg [242346/242346] -> "raw-site/qei.org.au/wp-content/uploads/2019/03/Charles-Viertel-and-Lawrie-Hirst.jpg" [1]
2026-08-31 10:32:47 URL:https://qei.org.au/wp-content/uploads/2019/03/1991.jpg [377528/377528] -> "raw-site/qei.org.au/wp-content/uploads/2019/03/1991.jpg" [1]
2026-08-31 10:32:48 URL:https://qei.org.au/wp-content/uploads/2019/04/PBF_078.jpg [271655/271655] -> "raw-site/qei.org.au/wp-content/uploads/2019/04/PBF_078.jpg" [1]
2026-08-31 10:32:49 URL:https://qei.org.au/wp-content/uploads/2019/03/QEI_web_20130606_063.jpg [760219/760219] -> "raw-site/qei.org.au/wp-content/uploads/2019/03/QEI_web_20130606_063.jpg" [1]
2026-08-31 10:32:49 URL:https://qei.org.au/wp-content/uploads/2019/02/clinic-banner.png [1030896/1030896] -> "raw-site/qei.org.au/wp-content/uploads/2019/02/clinic-banner.png" [1]
2026-08-31 10:32:50 URL:https://qei.org.au/wp-content/uploads/2019/03/QEI_opening_140603_060.jpg [222398/222398] -> "raw-site/qei.org.au/wp-content/uploads/2019/03/QEI_opening_140603_060.jpg" [1]
2026-08-31 10:32:50 URL:https://qei.org.au/wp-content/uploads/2020/04/Clayfield-front-page.jpg [124535/124535] -> "raw-site/qei.org.au/wp-content/uploads/2020/04/Clayfield-front-page.jpg" [1]
2026-08-31 10:32:51 URL:https://qei.org.au/wp-content/uploads/2024/02/2024020187IpswichRd4.jpg [1225521/1225521] -> "raw-site/qei.org.au/wp-content/uploads/2024/02/2024020187IpswichRd4.jpg" [1]
2026-08-31 10:32:51 URL:https://qei.org.au/wp-content/uploads/2019/02/patient-gift.png [790492/790492] -> "raw-site/qei.org.au/wp-content/uploads/2019/02/patient-gift.png" [1]
2026-08-31 10:32:52 URL:https://qei.org.au/wp-content/uploads/2019/02/about-history.png [738407/738407] -> "raw-site/qei.org.au/wp-content/uploads/2019/02/about-history.png" [1]
2026-08-31 10:32:52 URL:https://qei.org.au/wp-content/uploads/2019/02/catastact.png [2547/2547] -> "raw-site/qei.org.au/wp-content/uploads/2019/02/catastact.png" [1]
2026-08-31 10:32:53 URL:https://qei.org.au/wp-content/uploads/2019/02/further-research.png [2238/2238] -> "raw-site/qei.org.au/wp-content/uploads/2019/02/further-research.png" [1]
2026-08-31 10:32:53 URL:https://qei.org.au/wp-content/uploads/2019/02/surgeon.png [2415/2415] -> "raw-site/qei.org.au/wp-content/uploads/2019/02/surgeon.png" [1]
2026-08-31 10:32:54 URL:https://qei.org.au/wp-content/uploads/2026/08/Dr-Geoff-Ryan-800x533.jpg [31769/31769] -> "raw-site/qei.org.au/wp-content/uploads/2026/08/Dr-Geoff-Ryan-800x533.jpg" [1]
2026-08-31 10:32:55 URL:https://qei.org.au/wp-content/uploads/2020/01/QEI_0698_A1.jpg [13785595/13785595] -> "raw-site/qei.org.au/wp-content/uploads/2020/01/QEI_0698_A1.jpg" [1]
2026-08-31 10:32:55 URL:https://qei.org.au/wp-content/uploads/2019/02/workspace-giving.png [509261/509261] -> "raw-site/qei.org.au/wp-content/uploads/2019/02/workspace-giving.png" [1]
2026-08-31 10:32:56 URL:https://qei.org.au/wp-content/uploads/2026/05/Board.jpg [3736809/3736809] -> "raw-site/qei.org.au/wp-content/uploads/2026/05/Board.jpg" [1]
2026-08-31 10:32:56 URL:https://qei.org.au/wp-content/themes/qei/js/slick.js [88955/88955] -> "raw-site/qei.org.au/wp-content/themes/qei/js/slick.js" [1]
https://qei.org.au/wp-content/themes/qei/css/owl.video.play.png:
2026-08-31 10:32:58 ERROR 404: Not Found.
https://qei.org.au/wp-content/themes/qei/fonts/slick.eot:
2026-08-31 10:32:59 ERROR 404: Not Found.
https://qei.org.au/wp-content/themes/qei/fonts/slick.eot?:
2026-08-31 10:33:00 ERROR 404: Not Found.
https://qei.org.au/wp-content/themes/qei/fonts/slick.woff:
2026-08-31 10:33:02 ERROR 404: Not Found.
https://qei.org.au/wp-content/themes/qei/fonts/slick.ttf:
2026-08-31 10:33:03 ERROR 404: Not Found.
https://qei.org.au/wp-content/themes/qei/fonts/slick.svg:
2026-08-31 10:33:04 ERROR 404: Not Found.
2026-08-31 10:33:05 URL:https://qei.org.au/qei-foundation/annual-reports/ [118326] -> "raw-site/qei.org.au/qei-foundation/annual-reports/index.html" [1]
2026-08-31 10:33:05 URL:https://qei.org.au/wp-content/themes/qei/css/custom-styles.css?ver=1788140945 [140055/140055] -> "raw-site/qei.org.au/wp-content/themes/qei/css/custom-styles.css@ver=1788140945.css" [1]
2026-08-31 10:33:06 URL:https://qei.org.au/wp-content/uploads/2019/02/report-banner-718x450.png [335590/335590] -> "raw-site/qei.org.au/wp-content/uploads/2019/02/report-banner-718x450.png" [1]
2026-08-31 10:33:06 URL:https://qei.org.au/wp-content/uploads/2026/05/Cover-2025-Year-in-Review.jpg [313893/313893] -> "raw-site/qei.org.au/wp-content/uploads/2026/05/Cover-2025-Year-in-Review.jpg" [1]
2026-08-31 10:33:07 URL:https://qei.org.au/wp-content/uploads/2025/05/2024-Year-in-Review-cover.jpg [90994/90994] -> "raw-site/qei.org.au/wp-content/uploads/2025/05/2024-Year-in-Review-cover.jpg" [1]
2026-08-31 10:33:07 URL:https://qei.org.au/wp-content/uploads/2024/07/QEI080-Annual-Report-2023-Cover-Web.jpg [574406/574406] -> "raw-site/qei.org.au/wp-content/uploads/2024/07/QEI080-Annual-Report-2023-Cover-Web.jpg" [1]
2026-08-31 10:33:08 URL:https://qei.org.au/wp-content/uploads/2023/08/Queensland-Eye-Institute-Foundation-Annual-Report-2022.png [191529/191529] -> "raw-site/qei.org.au/wp-content/uploads/2023/08/Queensland-Eye-Institute-Foundation-Annual-Report-2022.png" [1]
2026-08-31 10:33:08 URL:https://qei.org.au/wp-content/uploads/2022/06/Queensland-Eye-Institute-Foundation-2021-Annual-Report.png [16705/16705] -> "raw-site/qei.org.au/wp-content/uploads/2022/06/Queensland-Eye-Institute-Foundation-2021-Annual-Report.png" [1]
2026-08-31 10:33:09 URL:https://qei.org.au/wp-content/uploads/2022/02/Queensland-Eye-Institute-Foundation-Annual-Report-2020-for-website.png [157332/157332] -> "raw-site/qei.org.au/wp-content/uploads/2022/02/Queensland-Eye-Institute-Foundation-Annual-Report-2020-for-website.png" [1]
2026-08-31 10:33:09 URL:https://qei.org.au/wp-content/uploads/2020/07/2019-report.png [141290/141290] -> "raw-site/qei.org.au/wp-content/uploads/2020/07/2019-report.png" [1]
2026-08-31 10:33:10 URL:https://qei.org.au/wp-content/uploads/2019/05/AR-e1558416009852.png [44115/44115] -> "raw-site/qei.org.au/wp-content/uploads/2019/05/AR-e1558416009852.png" [1]
2026-08-31 10:33:10 URL:https://qei.org.au/wp-content/uploads/2019/02/report1.png [367373/367373] -> "raw-site/qei.org.au/wp-content/uploads/2019/02/report1.png" [1]
2026-08-31 10:33:11 URL:https://qei.org.au/wp-content/uploads/2019/02/report2.png [94964/94964] -> "raw-site/qei.org.au/wp-content/uploads/2019/02/report2.png" [1]
2026-08-31 10:33:11 URL:https://qei.org.au/wp-content/uploads/2019/02/report3.png [797484/797484] -> "raw-site/qei.org.au/wp-content/uploads/2019/02/report3.png" [1]
2026-08-31 10:33:12 URL:https://qei.org.au/wp-content/uploads/2019/02/report4.png [524480/524480] -> "raw-site/qei.org.au/wp-content/uploads/2019/02/report4.png" [1]
https://qei.org.au/wp-content/themes/qei/css/owl.video.play.png:
2026-08-31 10:33:13 ERROR 404: Not Found.
https://qei.org.au/wp-content/themes/qei/fonts/slick.eot:
2026-08-31 10:33:14 ERROR 404: Not Found.
https://qei.org.au/wp-content/themes/qei/fonts/slick.eot?:
2026-08-31 10:33:16 ERROR 404: Not Found.
https://qei.org.au/wp-content/themes/qei/fonts/slick.woff:
2026-08-31 10:33:17 ERROR 404: Not Found.
https://qei.org.au/wp-content/themes/qei/fonts/slick.ttf:
2026-08-31 10:33:18 ERROR 404: Not Found.
https://qei.org.au/wp-content/themes/qei/fonts/slick.svg:
2026-08-31 10:33:20 ERROR 404: Not Found.
2026-08-31 10:33:20 URL:https://qei.org.au/qei-foundation/donate/ [129617] -> "raw-site/qei.org.au/qei-foundation/donate/index.html" [1]
2026-08-31 10:33:21 URL:https://qei.org.au/wp-content/themes/qei/css/custom-styles.css?ver=1788137385 [140055/140055] -> "raw-site/qei.org.au/wp-content/themes/qei/css/custom-styles.css@ver=1788137385.css" [1]
2026-08-31 10:33:21 URL:https://qei.org.au/wp-content/uploads/2021/10/Photo-of-doctor-and-little-boy-during-an-eye-exam-edited.jpg [113221/113221] -> "raw-site/qei.org.au/wp-content/uploads/2021/10/Photo-of-doctor-and-little-boy-during-an-eye-exam-edited.jpg" [1]
https://qei.org.au/wp-content/themes/qei/css/owl.video.play.png:
2026-08-31 10:33:23 ERROR 404: Not Found.
https://qei.org.au/wp-content/themes/qei/fonts/slick.eot:
2026-08-31 10:33:24 ERROR 404: Not Found.
https://qei.org.au/wp-content/themes/qei/fonts/slick.eot?:
2026-08-31 10:33:25 ERROR 404: Not Found.
https://qei.org.au/wp-content/themes/qei/fonts/slick.woff:
2026-08-31 10:33:26 ERROR 404: Not Found.
https://qei.org.au/wp-content/themes/qei/fonts/slick.ttf:
2026-08-31 10:33:28 ERROR 404: Not Found.
https://qei.org.au/wp-content/themes/qei/fonts/slick.svg:
2026-08-31 10:33:29 ERROR 404: Not Found.
2026-08-31 10:33:29 URL:https://qei.org.au/qei-foundation/donate/nationalsunniesday/how-can-you-help/ [115663] -> "raw-site/qei.org.au/qei-foundation/donate/nationalsunniesday/how-can-you-help/index.html" [1]
2026-08-31 10:33:30 URL:https://qei.org.au/wp-content/themes/qei/css/custom-styles.css?ver=1788144742 [140055/140055] -> "raw-site/qei.org.au/wp-content/themes/qei/css/custom-styles.css@ver=1788144742.css" [1]
https://qei.org.au/wp-content/themes/qei/css/owl.video.play.png:
2026-08-31 10:33:31 ERROR 404: Not Found.
https://qei.org.au/wp-content/themes/qei/fonts/slick.eot:
2026-08-31 10:33:33 ERROR 404: Not Found.
https://qei.org.au/wp-content/themes/qei/fonts/slick.eot?:
2026-08-31 10:33:34 ERROR 404: Not Found.
https://qei.org.au/wp-content/themes/qei/fonts/slick.woff:
2026-08-31 10:33:35 ERROR 404: Not Found.
https://qei.org.au/wp-content/themes/qei/fonts/slick.ttf:
2026-08-31 10:33:36 ERROR 404: Not Found.
https://qei.org.au/wp-content/themes/qei/fonts/slick.svg:
2026-08-31 10:33:38 ERROR 404: Not Found.
2026-08-31 10:33:38 URL:https://qei.org.au/qei-foundation/eyecure/ [123549] -> "raw-site/qei.org.au/qei-foundation/eyecure/index.html" [1]
2026-08-31 10:33:39 URL:https://qei.org.au/wp-content/themes/qei/css/custom-styles.css?ver=1788137389 [140055/140055] -> "raw-site/qei.org.au/wp-content/themes/qei/css/custom-styles.css@ver=1788137389.css" [1]
2026-08-31 10:33:39 URL:https://qei.org.au/wp-content/uploads/2025/11/20250206_QEI-Eyecure-thumbnail-1_HighRes-1430x1073.jpg [274669/274669] -> "raw-site/qei.org.au/wp-content/uploads/2025/11/20250206_QEI-Eyecure-thumbnail-1_HighRes-1430x1073.jpg" [1]
2026-08-31 10:33:40 URL:https://qei.org.au/wp-content/uploads/2026/03/QEI093-Eyecure-MAR-2026-A4-Cover-Web.jpg [618559/618559] -> "raw-site/qei.org.au/wp-content/uploads/2026/03/QEI093-Eyecure-MAR-2026-A4-Cover-Web.jpg" [1]
2026-08-31 10:33:40 URL:https://qei.org.au/wp-content/uploads/2025/09/Eyecure-Spring-2025-Thumbnail.png [362963/362963] -> "raw-site/qei.org.au/wp-content/uploads/2025/09/Eyecure-Spring-2025-Thumbnail.png" [1]
2026-08-31 10:33:41 URL:https://qei.org.au/wp-content/uploads/2025/03/QEI086-Eyecure-FEB-2025-A4-Cover-Web.jpg [496207/496207] -> "raw-site/qei.org.au/wp-content/uploads/2025/03/QEI086-Eyecure-FEB-2025-A4-Cover-Web.jpg" [1]
2026-08-31 10:33:41 URL:https://qei.org.au/wp-content/uploads/2024/10/QEI081-Eyecure-SEP-2024-A4-Cover-Web.jpg [310565/310565] -> "raw-site/qei.org.au/wp-content/uploads/2024/10/QEI081-Eyecure-SEP-2024-A4-Cover-Web.jpg" [1]
2026-08-31 10:33:42 URL:https://qei.org.au/wp-content/uploads/2024/04/Eyecure-Autumn-24-front-page-image.jpg [186784/186784] -> "raw-site/qei.org.au/wp-content/uploads/2024/04/Eyecure-Autumn-24-front-page-image.jpg" [1]
2026-08-31 10:33:42 URL:https://qei.org.au/wp-content/uploads/2023/03/Eleanor-Mills_painting.jpg [187538/187538] -> "raw-site/qei.org.au/wp-content/uploads/2023/03/Eleanor-Mills_painting.jpg" [1]
2026-08-31 10:33:43 URL:https://qei.org.au/wp-content/uploads/2022/04/QEI-Sustainable-Goals-Infographic.png [466165/466165] -> "raw-site/qei.org.au/wp-content/uploads/2022/04/QEI-Sustainable-Goals-Infographic.png" [1]
2026-08-31 10:33:43 URL:https://qei.org.au/wp-content/uploads/2021/02/QEI_0254_A3-e1614226384658.jpg [224250/224250] -> "raw-site/qei.org.au/wp-content/uploads/2021/02/QEI_0254_A3-e1614226384658.jpg" [1]
2026-08-31 10:33:44 URL:https://qei.org.au/wp-content/uploads/2019/09/IMG_20190716_111337.jpg [3321014/3321014] -> "raw-site/qei.org.au/wp-content/uploads/2019/09/IMG_20190716_111337.jpg" [1]
2026-08-31 10:33:44 URL:https://qei.org.au/wp-content/uploads/2020/09/QEI-March-NL-Welcome-message-e1599779572923.jpg [158734/158734] -> "raw-site/qei.org.au/wp-content/uploads/2020/09/QEI-March-NL-Welcome-message-e1599779572923.jpg" [1]
2026-08-31 10:33:45 URL:https://qei.org.au/wp-content/uploads/2020/09/Teaching-tour-photo-2.jpg [5966264/5966264] -> "raw-site/qei.org.au/wp-content/uploads/2020/09/Teaching-tour-photo-2.jpg" [1]
https://qei.org.au/wp-content/themes/qei/css/owl.video.play.png:
2026-08-31 10:33:46 ERROR 404: Not Found.
https://qei.org.au/wp-content/themes/qei/fonts/slick.eot:
2026-08-31 10:33:48 ERROR 404: Not Found.
https://qei.org.au/wp-content/themes/qei/fonts/slick.eot?:
2026-08-31 10:33:49 ERROR 404: Not Found.
https://qei.org.au/wp-content/themes/qei/fonts/slick.woff:
2026-08-31 10:33:50 ERROR 404: Not Found.
https://qei.org.au/wp-content/themes/qei/fonts/slick.ttf:
2026-08-31 10:33:51 ERROR 404: Not Found.
https://qei.org.au/wp-content/themes/qei/fonts/slick.svg:
2026-08-31 10:33:53 ERROR 404: Not Found.
2026-08-31 10:33:53 URL:https://qei.org.au/qei-foundation/news/ [308670] -> "raw-site/qei.org.au/qei-foundation/news/index.html" [1]
2026-08-31 10:33:54 URL:https://qei.org.au/wp-content/themes/qei/css/custom-styles.css?ver=1788169720 [140055/140055] -> "raw-site/qei.org.au/wp-content/themes/qei/css/custom-styles.css@ver=1788169720.css" [1]
2026-08-31 10:33:54 URL:https://qei.org.au/wp-content/uploads/2026/03/shutterstock_122789023-web-800x571.jpg [42755/42755] -> "raw-site/qei.org.au/wp-content/uploads/2026/03/shutterstock_122789023-web-800x571.jpg" [1]
2026-08-31 10:33:55 URL:https://qei.org.au/wp-content/uploads/2026/01/PHOTO-2025-11-20-10-10-15-800x1067.jpg [153524/153524] -> "raw-site/qei.org.au/wp-content/uploads/2026/01/PHOTO-2025-11-20-10-10-15-800x1067.jpg" [1]
2026-08-31 10:33:55 URL:https://qei.org.au/wp-content/uploads/2025/10/20250724_QEI-silk-sericin-research-8_Web-800x533.jpg [70508/70508] -> "raw-site/qei.org.au/wp-content/uploads/2025/10/20250724_QEI-silk-sericin-research-8_Web-800x533.jpg" [1]
2026-08-31 10:33:56 URL:https://qei.org.au/wp-content/uploads/2025/10/LYE-Heart_heart-Instagram-1080x1080-1-800x800.png [108577/108577] -> "raw-site/qei.org.au/wp-content/uploads/2025/10/LYE-Heart_heart-Instagram-1080x1080-1-800x800.png" [1]
2026-08-31 10:33:56 URL:https://qei.org.au/wp-content/uploads/2021/02/QEI_0275_A3-e1613354744457-800x1038.jpg [67499/67499] -> "raw-site/qei.org.au/wp-content/uploads/2021/02/QEI_0275_A3-e1613354744457-800x1038.jpg" [1]
2026-08-31 10:33:57 URL:https://qei.org.au/wp-content/uploads/2025/08/sbdhlisting-1-800x800.jpg [90953/90953] -> "raw-site/qei.org.au/wp-content/uploads/2025/08/sbdhlisting-1-800x800.jpg" [1]
2026-08-31 10:33:57 URL:https://qei.org.au/wp-content/uploads/2025/08/shutterstock_225098761-800x533.jpg [55899/55899] -> "raw-site/qei.org.au/wp-content/uploads/2025/08/shutterstock_225098761-800x533.jpg" [1]
2026-08-31 10:33:58 URL:https://qei.org.au/wp-content/uploads/2025/08/shutterstock_258017207-800x533.jpg [57502/57502] -> "raw-site/qei.org.au/wp-content/uploads/2025/08/shutterstock_258017207-800x533.jpg" [1]
2026-08-31 10:33:58 URL:https://qei.org.au/wp-content/uploads/2025/08/shutterstock_139543490-800x533.jpg [38841/38841] -> "raw-site/qei.org.au/wp-content/uploads/2025/08/shutterstock_139543490-800x533.jpg" [1]
2026-08-31 10:33:59 URL:https://qei.org.au/wp-content/uploads/2025/08/shutterstock_220581238-800x533.jpg [36836/36836] -> "raw-site/qei.org.au/wp-content/uploads/2025/08/shutterstock_220581238-800x533.jpg" [1]
2026-08-31 10:33:59 URL:https://qei.org.au/wp-content/uploads/2025/07/Chitrakoot-eye-hospital-interior-e1753836409612-800x554.jpg [83520/83520] -> "raw-site/qei.org.au/wp-content/uploads/2025/07/Chitrakoot-eye-hospital-interior-e1753836409612-800x554.jpg" [1]
2026-08-31 10:34:00 URL:https://qei.org.au/wp-content/uploads/2025/06/60years-cropped-1-800x800.png [79450/79450] -> "raw-site/qei.org.au/wp-content/uploads/2025/06/60years-cropped-1-800x800.png" [1]
2026-08-31 10:34:00 URL:https://qei.org.au/wp-content/uploads/2025/03/AdobeStock_50428166_resized-for-feature-800x533.jpg [37416/37416] -> "raw-site/qei.org.au/wp-content/uploads/2025/03/AdobeStock_50428166_resized-for-feature-800x533.jpg" [1]
2026-08-31 10:34:01 URL:https://qei.org.au/wp-content/uploads/2025/03/AdobeStock_229760036-resized-1-800x534.png [782094/782094] -> "raw-site/qei.org.au/wp-content/uploads/2025/03/AdobeStock_229760036-resized-1-800x534.png" [1]
2026-08-31 10:34:01 URL:https://qei.org.au/wp-content/uploads/2024/11/QEI084-Xmas-Campaign-24-Social-Media-1x1-3-800x800.jpg [92910/92910] -> "raw-site/qei.org.au/wp-content/uploads/2024/11/QEI084-Xmas-Campaign-24-Social-Media-1x1-3-800x800.jpg" [1]
2026-08-31 10:34:02 URL:https://qei.org.au/wp-content/uploads/2024/09/Book_Dust_Jacket_Mockup_2-QEI-BOOK-800x667.jpg [44356/44356] -> "raw-site/qei.org.au/wp-content/uploads/2024/09/Book_Dust_Jacket_Mockup_2-QEI-BOOK-800x667.jpg" [1]
2026-08-31 10:34:02 URL:https://qei.org.au/wp-content/uploads/2019/09/Charles-Viertel-e1567399004150-800x741.jpg [122864/122864] -> "raw-site/qei.org.au/wp-content/uploads/2019/09/Charles-Viertel-e1567399004150-800x741.jpg" [1]
2026-08-31 10:34:03 URL:https://qei.org.au/wp-content/uploads/2020/06/QEI_0245_A2-800x534.jpg [56975/56975] -> "raw-site/qei.org.au/wp-content/uploads/2020/06/QEI_0245_A2-800x534.jpg" [1]
2026-08-31 10:34:03 URL:https://qei.org.au/wp-content/uploads/2024/04/20240411DrAlexandraManta1-800x800.jpg [52075/52075] -> "raw-site/qei.org.au/wp-content/uploads/2024/04/20240411DrAlexandraManta1-800x800.jpg" [1]
2026-08-31 10:34:04 URL:https://qei.org.au/wp-content/uploads/2024/01/Dr-Geoff-Ryan-800x600.jpg [100169/100169] -> "raw-site/qei.org.au/wp-content/uploads/2024/01/Dr-Geoff-Ryan-800x600.jpg" [1]
2026-08-31 10:34:04 URL:https://qei.org.au/wp-content/uploads/2024/01/Research-general-800x533.jpg [55278/55278] -> "raw-site/qei.org.au/wp-content/uploads/2024/01/Research-general-800x533.jpg" [1]
2026-08-31 10:34:05 URL:https://qei.org.au/wp-content/uploads/2023/12/2-800x800.png [510987/510987] -> "raw-site/qei.org.au/wp-content/uploads/2023/12/2-800x800.png" [1]
2026-08-31 10:34:06 URL:https://qei.org.au/wp-content/uploads/2023/11/QEI-clinic-administration-team-800x533.jpg [67697/67697] -> "raw-site/qei.org.au/wp-content/uploads/2023/11/QEI-clinic-administration-team-800x533.jpg" [1]
2026-08-31 10:34:06 URL:https://qei.org.au/wp-content/uploads/2023/07/Centre-Virtual-Reality-800x600.jpg [63692/63692] -> "raw-site/qei.org.au/wp-content/uploads/2023/07/Centre-Virtual-Reality-800x600.jpg" [1]
2026-08-31 10:34:07 URL:https://qei.org.au/wp-content/uploads/2023/06/Small_LCM_0803-copy-800x533.jpg [84605/84605] -> "raw-site/qei.org.au/wp-content/uploads/2023/06/Small_LCM_0803-copy-800x533.jpg" [1]
2026-08-31 10:34:07 URL:https://qei.org.au/wp-content/uploads/2023/06/One-side-view-image-of-cataracts-in-an-eye-800x709.jpg [51216/51216] -> "raw-site/qei.org.au/wp-content/uploads/2023/06/One-side-view-image-of-cataracts-in-an-eye-800x709.jpg" [1]
2026-08-31 10:34:08 URL:https://qei.org.au/wp-content/uploads/2023/06/Vitreoretinal-lymphoma-registry-W1000-800x530.jpg [21339/21339] -> "raw-site/qei.org.au/wp-content/uploads/2023/06/Vitreoretinal-lymphoma-registry-W1000-800x530.jpg" [1]
2026-08-31 10:34:08 URL:https://qei.org.au/wp-content/uploads/2023/06/Eva-Susanto-with-QEI-researchers-800x600.jpg [84568/84568] -> "raw-site/qei.org.au/wp-content/uploads/2023/06/Eva-Susanto-with-QEI-researchers-800x600.jpg" [1]
2026-08-31 10:34:09 URL:https://qei.org.au/wp-content/uploads/2023/04/Last-Seen-Performance-to-Save-Sight-24.04.23-4896-800x534.jpg [80596/80596] -> "raw-site/qei.org.au/wp-content/uploads/2023/04/Last-Seen-Performance-to-Save-Sight-24.04.23-4896-800x534.jpg" [1]
2026-08-31 10:34:09 URL:https://qei.org.au/wp-content/uploads/2023/02/Group-photo-of-three-artists-three-participants-Leeanne-Enoch-MP-and-Professor-Mark-Radford-800x513.jpg [76161/76161] -> "raw-site/qei.org.au/wp-content/uploads/2023/02/Group-photo-of-three-artists-three-participants-Leeanne-Enoch-MP-and-Professor-Mark-Radford-800x513.jpg" [1]
2026-08-31 10:34:10 URL:https://qei.org.au/wp-content/uploads/2022/11/Christmas-decorations-800x800.jpeg [58266/58266] -> "raw-site/qei.org.au/wp-content/uploads/2022/11/Christmas-decorations-800x800.jpeg" [1]
2026-08-31 10:34:10 URL:https://qei.org.au/wp-content/uploads/2022/09/Professor-Jeff-Dunn-AO-for-featured-image-800x910.jpg [142317/142317] -> "raw-site/qei.org.au/wp-content/uploads/2022/09/Professor-Jeff-Dunn-AO-for-featured-image-800x910.jpg" [1]
2026-08-31 10:34:11 URL:https://qei.org.au/wp-content/uploads/2022/08/Dr-Rebecca-Cox-for-featured-image-3-800x662.jpg [40929/40929] -> "raw-site/qei.org.au/wp-content/uploads/2022/08/Dr-Rebecca-Cox-for-featured-image-3-800x662.jpg" [1]
2026-08-31 10:34:11 URL:https://qei.org.au/wp-content/uploads/2022/08/Photo-of-Korbin-wearing-hand-made-blue-scrubs-facing-the-camera-and-smiling-for-featured-image-800x496.jpg [105524/105524] -> "raw-site/qei.org.au/wp-content/uploads/2022/08/Photo-of-Korbin-wearing-hand-made-blue-scrubs-facing-the-camera-and-smiling-for-featured-image-800x496.jpg" [1]
2026-08-31 10:34:12 URL:https://qei.org.au/wp-content/uploads/2021/10/shutterstock_1041418927-800x533.jpg [105886/105886] -> "raw-site/qei.org.au/wp-content/uploads/2021/10/shutterstock_1041418927-800x533.jpg" [1]
2026-08-31 10:34:12 URL:https://qei.org.au/wp-content/uploads/2021/10/Associate-Professor-Anthony-Kwan-at-Queensland-Eye-Institute-for-website-800x782.png [540159/540159] -> "raw-site/qei.org.au/wp-content/uploads/2021/10/Associate-Professor-Anthony-Kwan-at-Queensland-Eye-Institute-for-website-800x782.png" [1]
2026-08-31 10:34:13 URL:https://qei.org.au/wp-content/uploads/2021/10/Salad-with-green-leaves-brie-pumpkin-and-onion-on-a-plate-with-vinaigrette-and-nuts-on-the-left-low-res-800x533.jpeg [118324/118324] -> "raw-site/qei.org.au/wp-content/uploads/2021/10/Salad-with-green-leaves-brie-pumpkin-and-onion-on-a-plate-with-vinaigrette-and-nuts-on-the-left-low-res-800x533.jpeg" [1]
2026-08-31 10:34:13 URL:https://qei.org.au/wp-content/uploads/2021/05/For-featured-image-Max-smiling-wearing-glasses-in-teddy-dungarees-1-800x781.jpg [96644/96644] -> "raw-site/qei.org.au/wp-content/uploads/2021/05/For-featured-image-Max-smiling-wearing-glasses-in-teddy-dungarees-1-800x781.jpg" [1]
2026-08-31 10:34:14 URL:https://qei.org.au/wp-content/uploads/2021/03/0Y7A3389-800x533.jpg [44424/44424] -> "raw-site/qei.org.au/wp-content/uploads/2021/03/0Y7A3389-800x533.jpg" [1]
2026-08-31 10:34:14 URL:https://qei.org.au/wp-content/uploads/2021/02/Dr-Mark-Chiang-800x1004.jpg [62415/62415] -> "raw-site/qei.org.au/wp-content/uploads/2021/02/Dr-Mark-Chiang-800x1004.jpg" [1]
2026-08-31 10:34:15 URL:https://qei.org.au/wp-content/uploads/2019/09/Dr-Anthony-Kwan-800x1000.jpg [52935/52935] -> "raw-site/qei.org.au/wp-content/uploads/2019/09/Dr-Anthony-Kwan-800x1000.jpg" [1]
2026-08-31 10:34:15 URL:https://qei.org.au/wp-content/uploads/2020/08/Bojana-800x1067.jpg [155926/155926] -> "raw-site/qei.org.au/wp-content/uploads/2020/08/Bojana-800x1067.jpg" [1]
2026-08-31 10:34:16 URL:https://qei.org.au/wp-content/uploads/2019/08/Dr-David-Gunn-800x800.jpg [57829/57829] -> "raw-site/qei.org.au/wp-content/uploads/2019/08/Dr-David-Gunn-800x800.jpg" [1]
2026-08-31 10:34:16 URL:https://qei.org.au/wp-content/uploads/2020/07/IMG_5993-800x533.jpg [74094/74094] -> "raw-site/qei.org.au/wp-content/uploads/2020/07/IMG_5993-800x533.jpg" [1]
2026-08-31 10:34:17 URL:https://qei.org.au/wp-content/uploads/2020/05/Dr-Brendan-Cronin-3-800x800.jpg [65058/65058] -> "raw-site/qei.org.au/wp-content/uploads/2020/05/Dr-Brendan-Cronin-3-800x800.jpg" [1]
2026-08-31 10:34:17 URL:https://qei.org.au/wp-content/uploads/2020/05/Dr-Kwan-Channel-9-interview-800x465.jpg [50452/50452] -> "raw-site/qei.org.au/wp-content/uploads/2020/05/Dr-Kwan-Channel-9-interview-800x465.jpg" [1]
2026-08-31 10:34:18 URL:https://qei.org.au/wp-content/uploads/2020/05/Untitled-design-4-800x671.png [472973/472973] -> "raw-site/qei.org.au/wp-content/uploads/2020/05/Untitled-design-4-800x671.png" [1]
2026-08-31 10:34:18 URL:https://qei.org.au/wp-content/uploads/2020/04/pexels-photo-3861957-800x534.jpeg [41946/41946] -> "raw-site/qei.org.au/wp-content/uploads/2020/04/pexels-photo-3861957-800x534.jpeg" [1]
2026-08-31 10:34:19 URL:https://qei.org.au/wp-content/uploads/2020/03/Untitled-design-27-800x671.png [587854/587854] -> "raw-site/qei.org.au/wp-content/uploads/2020/03/Untitled-design-27-800x671.png" [1]
2026-08-31 10:34:19 URL:https://qei.org.au/wp-content/uploads/2020/03/IMG_2750-800x497.jpeg [90325/90325] -> "raw-site/qei.org.au/wp-content/uploads/2020/03/IMG_2750-800x497.jpeg" [1]
2026-08-31 10:34:20 URL:https://qei.org.au/wp-content/uploads/2020/03/Dr-Gunn-SCOPE-800x600.jpg [91043/91043] -> "raw-site/qei.org.au/wp-content/uploads/2020/03/Dr-Gunn-SCOPE-800x600.jpg" [1]
2026-08-31 10:34:20 URL:https://qei.org.au/wp-content/uploads/2020/02/Dr-Onur-New-Researcher-800x1067.jpg [96765/96765] -> "raw-site/qei.org.au/wp-content/uploads/2020/02/Dr-Onur-New-Researcher-800x1067.jpg" [1]
2026-08-31 10:34:21 URL:https://qei.org.au/wp-content/uploads/2020/01/Doctors-with-new-machine-800x600.jpg [73144/73144] -> "raw-site/qei.org.au/wp-content/uploads/2020/01/Doctors-with-new-machine-800x600.jpg" [1]
2026-08-31 10:34:21 URL:https://qei.org.au/wp-content/uploads/2019/12/audra-800x582.jpg [70706/70706] -> "raw-site/qei.org.au/wp-content/uploads/2019/12/audra-800x582.jpg" [1]
2026-08-31 10:34:22 URL:https://qei.org.au/wp-content/uploads/2019/12/DSC01688-800x508.jpg [87417/87417] -> "raw-site/qei.org.au/wp-content/uploads/2019/12/DSC01688-800x508.jpg" [1]
2026-08-31 10:34:22 URL:https://qei.org.au/wp-content/uploads/2019/10/Geoffrey-Ryan-800x800.jpg [48467/48467] -> "raw-site/qei.org.au/wp-content/uploads/2019/10/Geoffrey-Ryan-800x800.jpg" [1]
2026-08-31 10:34:23 URL:https://qei.org.au/wp-content/uploads/2019/09/IMG_20190716_111337-800x600.jpg [89730/89730] -> "raw-site/qei.org.au/wp-content/uploads/2019/09/IMG_20190716_111337-800x600.jpg" [1]
2026-08-31 10:34:23 URL:https://qei.org.au/wp-content/uploads/2019/08/IMG_5302-800x600.jpg [94550/94550] -> "raw-site/qei.org.au/wp-content/uploads/2019/08/IMG_5302-800x600.jpg" [1]
2026-08-31 10:34:24 URL:https://qei.org.au/wp-content/uploads/2019/07/0Y7A3380-800x800.jpg [50147/50147] -> "raw-site/qei.org.au/wp-content/uploads/2019/07/0Y7A3380-800x800.jpg" [1]
2026-08-31 10:34:24 URL:https://qei.org.au/wp-content/uploads/2019/05/Oscar-2-800x1067.jpg [122150/122150] -> "raw-site/qei.org.au/wp-content/uploads/2019/05/Oscar-2-800x1067.jpg" [1]
2026-08-31 10:34:25 URL:https://qei.org.au/wp-content/uploads/2019/04/Clayfield-800x533.jpg [66404/66404] -> "raw-site/qei.org.au/wp-content/uploads/2019/04/Clayfield-800x533.jpg" [1]
2026-08-31 10:34:26 URL:https://qei.org.au/wp-content/uploads/2025/04/uv-damage-1-800x600.jpg [49567/49567] -> "raw-site/qei.org.au/wp-content/uploads/2025/04/uv-damage-1-800x600.jpg" [1]
2026-08-31 10:34:26 URL:https://qei.org.au/wp-content/uploads/2019/02/lazy-eye.png [1217591/1217591] -> "raw-site/qei.org.au/wp-content/uploads/2019/02/lazy-eye.png" [1]
2026-08-31 10:34:27 URL:https://qei.org.au/wp-content/uploads/2019/03/QEI_0078_web.jpg [43570/43570] -> "raw-site/qei.org.au/wp-content/uploads/2019/03/QEI_0078_web.jpg" [1]
2026-08-31 10:34:27 URL:https://qei.org.au/wp-content/uploads/2019/02/nigel-barnett.png [432303/432303] -> "raw-site/qei.org.au/wp-content/uploads/2019/02/nigel-barnett.png" [1]
2026-08-31 10:34:28 URL:https://qei.org.au/wp-content/uploads/2019/02/John_Lowes_10x15re-e1553733120128.jpg [66220/66220] -> "raw-site/qei.org.au/wp-content/uploads/2019/02/John_Lowes_10x15re-e1553733120128.jpg" [1]
2026-08-31 10:34:28 URL:https://qei.org.au/wp-content/uploads/2019/02/audra-shadforth.png [370292/370292] -> "raw-site/qei.org.au/wp-content/uploads/2019/02/audra-shadforth.png" [1]
2026-08-31 10:34:29 URL:https://qei.org.au/wp-content/uploads/2019/02/QEI_0111_web.jpg [37527/37527] -> "raw-site/qei.org.au/wp-content/uploads/2019/02/QEI_0111_web.jpg" [1]
2026-08-31 10:34:29 URL:https://qei.org.au/wp-content/uploads/2015/06/QEI_0618_web.jpg [24816/24816] -> "raw-site/qei.org.au/wp-content/uploads/2015/06/QEI_0618_web.jpg" [1]
2026-08-31 10:34:30 URL:https://qei.org.au/wp-content/uploads/2019/03/QEI_0142_web.jpg [48472/48472] -> "raw-site/qei.org.au/wp-content/uploads/2019/03/QEI_0142_web.jpg" [1]
2026-08-31 10:34:30 URL:https://qei.org.au/wp-content/uploads/2019/02/home-middle.png [186254/186254] -> "raw-site/qei.org.au/wp-content/uploads/2019/02/home-middle.png" [1]
2026-08-31 10:34:31 URL:https://qei.org.au/wp-content/uploads/2015/02/Prof-Traian-Chirila-800x532.jpg [58359/58359] -> "raw-site/qei.org.au/wp-content/uploads/2015/02/Prof-Traian-Chirila-800x532.jpg" [1]
2026-08-31 10:34:31 URL:https://qei.org.au/wp-content/uploads/2015/04/QEI_opening_140603_017.jpg [252570/252570] -> "raw-site/qei.org.au/wp-content/uploads/2015/04/QEI_opening_140603_017.jpg" [1]
https://qei.org.au/wp-content/themes/qei/css/owl.video.play.png:
2026-08-31 10:34:33 ERROR 404: Not Found.
https://qei.org.au/wp-content/themes/qei/fonts/slick.eot:
2026-08-31 10:34:34 ERROR 404: Not Found.
https://qei.org.au/wp-content/themes/qei/fonts/slick.eot?:
2026-08-31 10:34:35 ERROR 404: Not Found.
https://qei.org.au/wp-content/themes/qei/fonts/slick.woff:
2026-08-31 10:34:37 ERROR 404: Not Found.
https://qei.org.au/wp-content/themes/qei/fonts/slick.ttf:
2026-08-31 10:34:38 ERROR 404: Not Found.
https://qei.org.au/wp-content/themes/qei/fonts/slick.svg:
2026-08-31 10:34:39 ERROR 404: Not Found.
2026-08-31 10:34:40 URL:https://qei.org.au/qei-foundation/news/last-seen-exhibition/ [127064] -> "raw-site/qei.org.au/qei-foundation/news/last-seen-exhibition/index.html" [1]
2026-08-31 10:34:40 URL:https://qei.org.au/wp-content/themes/qei/css/custom-styles.css?ver=1788144750 [140055/140055] -> "raw-site/qei.org.au/wp-content/themes/qei/css/custom-styles.css@ver=1788144750.css" [1]
2026-08-31 10:34:41 URL:https://qei.org.au/wp-content/uploads/2023/02/Oliver-Fanshawe-with-artist-Gary-Myers-and-Seeing-Eye-Dog-Sadie-1430x976.jpg [232021/232021] -> "raw-site/qei.org.au/wp-content/uploads/2023/02/Oliver-Fanshawe-with-artist-Gary-Myers-and-Seeing-Eye-Dog-Sadie-1430x976.jpg" [1]
2026-08-31 10:34:41 URL:https://qei.org.au/wp-content/uploads/2023/02/The-Conservatorium-1-1024x682.jpeg [131167/131167] -> "raw-site/qei.org.au/wp-content/uploads/2023/02/The-Conservatorium-1-1024x682.jpeg" [1]
2026-08-31 10:34:42 URL:https://qei.org.au/wp-content/uploads/2023/02/The-Conservatorium-1.jpeg [131352/131352] -> "raw-site/qei.org.au/wp-content/uploads/2023/02/The-Conservatorium-1.jpeg" [1]
2026-08-31 10:34:42 URL:https://qei.org.au/wp-content/uploads/2023/02/The-Conservatorium-1-300x200.jpeg [16492/16492] -> "raw-site/qei.org.au/wp-content/uploads/2023/02/The-Conservatorium-1-300x200.jpeg" [1]
2026-08-31 10:34:43 URL:https://qei.org.au/wp-content/uploads/2023/02/The-Conservatorium-1-768x512.jpeg [75961/75961] -> "raw-site/qei.org.au/wp-content/uploads/2023/02/The-Conservatorium-1-768x512.jpeg" [1]
2026-08-31 10:34:43 URL:https://qei.org.au/wp-content/uploads/2023/02/The-Conservatorium-1-800x533.jpeg [80293/80293] -> "raw-site/qei.org.au/wp-content/uploads/2023/02/The-Conservatorium-1-800x533.jpeg" [1]
2026-08-31 10:34:44 URL:https://qei.org.au/wp-content/uploads/2023/02/The-Conservatorium-1-400x266.jpeg [26438/26438] -> "raw-site/qei.org.au/wp-content/uploads/2023/02/The-Conservatorium-1-400x266.jpeg" [1]
2026-08-31 10:34:44 URL:https://qei.org.au/wp-content/uploads/2023/02/Oliver-Fanshawe-with-artist-Gary-Myers-and-Seeing-Eye-Dog-Sadie-1024x699.jpg [133907/133907] -> "raw-site/qei.org.au/wp-content/uploads/2023/02/Oliver-Fanshawe-with-artist-Gary-Myers-and-Seeing-Eye-Dog-Sadie-1024x699.jpg" [1]
2026-08-31 10:34:45 URL:https://qei.org.au/wp-content/uploads/2023/02/Oliver-Fanshawe-with-artist-Gary-Myers-and-Seeing-Eye-Dog-Sadie-300x205.jpg [18382/18382] -> "raw-site/qei.org.au/wp-content/uploads/2023/02/Oliver-Fanshawe-with-artist-Gary-Myers-and-Seeing-Eye-Dog-Sadie-300x205.jpg" [1]
2026-08-31 10:34:45 URL:https://qei.org.au/wp-content/uploads/2023/02/Oliver-Fanshawe-with-artist-Gary-Myers-and-Seeing-Eye-Dog-Sadie-768x524.jpg [83413/83413] -> "raw-site/qei.org.au/wp-content/uploads/2023/02/Oliver-Fanshawe-with-artist-Gary-Myers-and-Seeing-Eye-Dog-Sadie-768x524.jpg" [1]
2026-08-31 10:34:46 URL:https://qei.org.au/wp-content/uploads/2023/02/Oliver-Fanshawe-with-artist-Gary-Myers-and-Seeing-Eye-Dog-Sadie-800x546.jpg [89946/89946] -> "raw-site/qei.org.au/wp-content/uploads/2023/02/Oliver-Fanshawe-with-artist-Gary-Myers-and-Seeing-Eye-Dog-Sadie-800x546.jpg" [1]
2026-08-31 10:34:46 URL:https://qei.org.au/wp-content/uploads/2023/02/Oliver-Fanshawe-with-artist-Gary-Myers-and-Seeing-Eye-Dog-Sadie-400x273.jpg [29078/29078] -> "raw-site/qei.org.au/wp-content/uploads/2023/02/Oliver-Fanshawe-with-artist-Gary-Myers-and-Seeing-Eye-Dog-Sadie-400x273.jpg" [1]
2026-08-31 10:34:47 URL:https://qei.org.au/wp-content/uploads/2020/05/DSC01804.jpg [3677190/3677190] -> "raw-site/qei.org.au/wp-content/uploads/2020/05/DSC01804.jpg" [1]
2026-08-31 10:34:47 URL:https://qei.org.au/wp-content/uploads/2020/05/DSC01724.jpg [4148603/4148603] -> "raw-site/qei.org.au/wp-content/uploads/2020/05/DSC01724.jpg" [1]
2026-08-31 10:34:48 URL:https://qei.org.au/wp-content/uploads/2019/12/DSC01782.jpg [3967508/3967508] -> "raw-site/qei.org.au/wp-content/uploads/2019/12/DSC01782.jpg" [1]
2026-08-31 10:34:48 URL:https://qei.org.au/wp-content/uploads/2020/05/76765592_2574842429261739_1996006791489519616_o-1.jpg [416521/416521] -> "raw-site/qei.org.au/wp-content/uploads/2020/05/76765592_2574842429261739_1996006791489519616_o-1.jpg" [1]
2026-08-31 10:34:49 URL:https://qei.org.au/wp-content/uploads/2020/05/DSC01645.jpg [2478388/2478388] -> "raw-site/qei.org.au/wp-content/uploads/2020/05/DSC01645.jpg" [1]
2026-08-31 10:34:49 URL:https://qei.org.au/wp-content/uploads/2020/05/LS-Peter-and-Dr-Sharma.jpg [3658123/3658123] -> "raw-site/qei.org.au/wp-content/uploads/2020/05/LS-Peter-and-Dr-Sharma.jpg" [1]
2026-08-31 10:34:50 URL:https://qei.org.au/wp-content/uploads/2020/05/DSC01831.jpg [3402133/3402133] -> "raw-site/qei.org.au/wp-content/uploads/2020/05/DSC01831.jpg" [1]
2026-08-31 10:34:51 URL:https://qei.org.au/wp-content/uploads/2020/05/DSC01807.jpg [5841497/5841497] -> "raw-site/qei.org.au/wp-content/uploads/2020/05/DSC01807.jpg" [1]
2026-08-31 10:34:51 URL:https://qei.org.au/wp-content/uploads/2020/05/DSC01477.jpg [3063954/3063954] -> "raw-site/qei.org.au/wp-content/uploads/2020/05/DSC01477.jpg" [1]
https://qei.org.au/wp-content/themes/qei/css/owl.video.play.png:
2026-08-31 10:34:52 ERROR 404: Not Found.
https://qei.org.au/wp-content/themes/qei/fonts/slick.eot:
2026-08-31 10:34:54 ERROR 404: Not Found.
https://qei.org.au/wp-content/themes/qei/fonts/slick.eot?:
2026-08-31 10:34:55 ERROR 404: Not Found.
https://qei.org.au/wp-content/themes/qei/fonts/slick.woff:
2026-08-31 10:34:56 ERROR 404: Not Found.
https://qei.org.au/wp-content/themes/qei/fonts/slick.ttf:
2026-08-31 10:34:58 ERROR 404: Not Found.
https://qei.org.au/wp-content/themes/qei/fonts/slick.svg:
2026-08-31 10:34:59 ERROR 404: Not Found.
2026-08-31 10:34:59 URL:https://qei.org.au/qei-foundation/our-people/ [111443] -> "raw-site/qei.org.au/qei-foundation/our-people/index.html" [1]
2026-08-31 10:35:00 URL:https://qei.org.au/wp-content/themes/qei/css/custom-styles.css?ver=1788137322 [140055/140055] -> "raw-site/qei.org.au/wp-content/themes/qei/css/custom-styles.css@ver=1788137322.css" [1]
2026-08-31 10:35:00 URL:https://qei.org.au/wp-content/uploads/2020/06/Mark-Sheridan.jpg [2122930/2122930] -> "raw-site/qei.org.au/wp-content/uploads/2020/06/Mark-Sheridan.jpg" [1]
https://qei.org.au/wp-content/themes/qei/css/owl.video.play.png:
2026-08-31 10:35:02 ERROR 404: Not Found.
https://qei.org.au/wp-content/themes/qei/fonts/slick.eot:
2026-08-31 10:35:03 ERROR 404: Not Found.
https://qei.org.au/wp-content/themes/qei/fonts/slick.eot?:
2026-08-31 10:35:04 ERROR 404: Not Found.
https://qei.org.au/wp-content/themes/qei/fonts/slick.woff:
2026-08-31 10:35:06 ERROR 404: Not Found.
https://qei.org.au/wp-content/themes/qei/fonts/slick.ttf:
2026-08-31 10:35:07 ERROR 404: Not Found.
https://qei.org.au/wp-content/themes/qei/fonts/slick.svg:
2026-08-31 10:35:08 ERROR 404: Not Found.
2026-08-31 10:35:09 URL:https://qei.org.au/qei-foundation/our-people/ambassadors/ [118109] -> "raw-site/qei.org.au/qei-foundation/our-people/ambassadors/index.html" [1]
2026-08-31 10:35:09 URL:https://qei.org.au/wp-content/themes/qei/css/custom-styles.css?ver=1788133725 [140055/140055] -> "raw-site/qei.org.au/wp-content/themes/qei/css/custom-styles.css@ver=1788133725.css" [1]
2026-08-31 10:35:10 URL:https://qei.org.au/wp-content/uploads/2019/11/Peter_02.jpg [900530/900530] -> "raw-site/qei.org.au/wp-content/uploads/2019/11/Peter_02.jpg" [1]
2026-08-31 10:35:10 URL:https://qei.org.au/wp-content/uploads/2019/04/Wayne-Stitcher.jpg [76201/76201] -> "raw-site/qei.org.au/wp-content/uploads/2019/04/Wayne-Stitcher.jpg" [1]
2026-08-31 10:35:11 URL:https://qei.org.au/wp-content/uploads/2020/06/DSC01679.jpg [3386686/3386686] -> "raw-site/qei.org.au/wp-content/uploads/2020/06/DSC01679.jpg" [1]
https://qei.org.au/wp-content/themes/qei/css/owl.video.play.png:
2026-08-31 10:35:12 ERROR 404: Not Found.
https://qei.org.au/wp-content/themes/qei/fonts/slick.eot:
2026-08-31 10:35:14 ERROR 404: Not Found.
https://qei.org.au/wp-content/themes/qei/fonts/slick.eot?:
2026-08-31 10:35:15 ERROR 404: Not Found.
https://qei.org.au/wp-content/themes/qei/fonts/slick.woff:
2026-08-31 10:35:16 ERROR 404: Not Found.
https://qei.org.au/wp-content/themes/qei/fonts/slick.ttf:
2026-08-31 10:35:18 ERROR 404: Not Found.
https://qei.org.au/wp-content/themes/qei/fonts/slick.svg:
2026-08-31 10:35:19 ERROR 404: Not Found.
2026-08-31 10:35:19 URL:https://qei.org.au/qei-foundation/our-people/ambassadors/oscar-eckersley/ [117444] -> "raw-site/qei.org.au/qei-foundation/our-people/ambassadors/oscar-eckersley/index.html" [1]
2026-08-31 10:35:20 URL:https://qei.org.au/wp-content/themes/qei/css/custom-styles.css?ver=1788169790 [140055/140055] -> "raw-site/qei.org.au/wp-content/themes/qei/css/custom-styles.css@ver=1788169790.css" [1]
2026-08-31 10:35:20 URL:https://qei.org.au/wp-content/uploads/2020/06/DSC01679-1430x953.jpg [199079/199079] -> "raw-site/qei.org.au/wp-content/uploads/2020/06/DSC01679-1430x953.jpg" [1]
https://qei.org.au/wp-content/themes/qei/css/owl.video.play.png:
2026-08-31 10:35:22 ERROR 404: Not Found.
https://qei.org.au/wp-content/themes/qei/fonts/slick.eot:
2026-08-31 10:35:23 ERROR 404: Not Found.
https://qei.org.au/wp-content/themes/qei/fonts/slick.eot?:
2026-08-31 10:35:24 ERROR 404: Not Found.
https://qei.org.au/wp-content/themes/qei/fonts/slick.woff:
2026-08-31 10:35:26 ERROR 404: Not Found.
https://qei.org.au/wp-content/themes/qei/fonts/slick.ttf:
2026-08-31 10:35:27 ERROR 404: Not Found.
https://qei.org.au/wp-content/themes/qei/fonts/slick.svg:
2026-08-31 10:35:28 ERROR 404: Not Found.
2026-08-31 10:35:29 URL:https://qei.org.au/qei-foundation/our-people/ambassadors/peter-vance/ [111466] -> "raw-site/qei.org.au/qei-foundation/our-people/ambassadors/peter-vance/index.html" [1]
2026-08-31 10:35:29 URL:https://qei.org.au/wp-content/themes/qei/css/custom-styles.css?ver=1788169788 [140055/140055] -> "raw-site/qei.org.au/wp-content/themes/qei/css/custom-styles.css@ver=1788169788.css" [1]
https://qei.org.au/wp-content/themes/qei/css/owl.video.play.png:
2026-08-31 10:35:31 ERROR 404: Not Found.
https://qei.org.au/wp-content/themes/qei/fonts/slick.eot:
2026-08-31 10:35:32 ERROR 404: Not Found.
https://qei.org.au/wp-content/themes/qei/fonts/slick.eot?:
2026-08-31 10:35:33 ERROR 404: Not Found.
https://qei.org.au/wp-content/themes/qei/fonts/slick.woff:
2026-08-31 10:35:34 ERROR 404: Not Found.
https://qei.org.au/wp-content/themes/qei/fonts/slick.ttf:
2026-08-31 10:35:36 ERROR 404: Not Found.
https://qei.org.au/wp-content/themes/qei/fonts/slick.svg:
2026-08-31 10:35:37 ERROR 404: Not Found.
2026-08-31 10:35:37 URL:https://qei.org.au/qei-foundation/our-people/ambassadors/phoebe-young/ [110970] -> "raw-site/qei.org.au/qei-foundation/our-people/ambassadors/phoebe-young/index.html" [1]
2026-08-31 10:35:38 URL:https://qei.org.au/wp-content/themes/qei/css/custom-styles.css?ver=1788169775 [140055/140055] -> "raw-site/qei.org.au/wp-content/themes/qei/css/custom-styles.css@ver=1788169775.css" [1]
2026-08-31 10:35:38 URL:https://qei.org.au/wp-includes/blocks/paragraph/style.min.css?ver=7.1 [655/655] -> "raw-site/qei.org.au/wp-includes/blocks/paragraph/style.min.css@ver=7.1.css" [1]
https://qei.org.au/wp-content/themes/qei/css/owl.video.play.png:
2026-08-31 10:35:40 ERROR 404: Not Found.
https://qei.org.au/wp-content/themes/qei/fonts/slick.eot:
2026-08-31 10:35:41 ERROR 404: Not Found.
https://qei.org.au/wp-content/themes/qei/fonts/slick.eot?:
2026-08-31 10:35:42 ERROR 404: Not Found.
https://qei.org.au/wp-content/themes/qei/fonts/slick.woff:
2026-08-31 10:35:44 ERROR 404: Not Found.
https://qei.org.au/wp-content/themes/qei/fonts/slick.ttf:
2026-08-31 10:35:45 ERROR 404: Not Found.
https://qei.org.au/wp-content/themes/qei/fonts/slick.svg:
2026-08-31 10:35:46 ERROR 404: Not Found.
2026-08-31 10:35:47 URL:https://qei.org.au/qei-foundation/our-people/ambassadors/wayne-sticher/ [112020] -> "raw-site/qei.org.au/qei-foundation/our-people/ambassadors/wayne-sticher/index.html" [1]
2026-08-31 10:35:47 URL:https://qei.org.au/wp-content/themes/qei/css/custom-styles.css?ver=1788169778 [140055/140055] -> "raw-site/qei.org.au/wp-content/themes/qei/css/custom-styles.css@ver=1788169778.css" [1]
2026-08-31 10:35:48 URL:https://qei.org.au/wp-content/uploads/2019/04/Wayne-Stitcher-300x450.jpg [28309/28309] -> "raw-site/qei.org.au/wp-content/uploads/2019/04/Wayne-Stitcher-300x450.jpg" [1]
https://qei.org.au/wp-content/themes/qei/css/owl.video.play.png:
2026-08-31 10:35:49 ERROR 404: Not Found.
https://qei.org.au/wp-content/themes/qei/fonts/slick.eot:
2026-08-31 10:35:51 ERROR 404: Not Found.
https://qei.org.au/wp-content/themes/qei/fonts/slick.eot?:
2026-08-31 10:35:52 ERROR 404: Not Found.
https://qei.org.au/wp-content/themes/qei/fonts/slick.woff:
2026-08-31 10:35:53 ERROR 404: Not Found.
https://qei.org.au/wp-content/themes/qei/fonts/slick.ttf:
2026-08-31 10:35:54 ERROR 404: Not Found.
https://qei.org.au/wp-content/themes/qei/fonts/slick.svg:
2026-08-31 10:35:56 ERROR 404: Not Found.
2026-08-31 10:35:56 URL:https://qei.org.au/qei-foundation/our-people/management/ [113763] -> "raw-site/qei.org.au/qei-foundation/our-people/management/index.html" [1]
2026-08-31 10:35:57 URL:https://qei.org.au/wp-content/themes/qei/css/custom-styles.css?ver=1788144609 [140055/140055] -> "raw-site/qei.org.au/wp-content/themes/qei/css/custom-styles.css@ver=1788144609.css" [1]
2026-08-31 10:35:57 URL:https://qei.org.au/wp-content/uploads/2019/08/Kelly-Langdon.jpg [1510089/1510089] -> "raw-site/qei.org.au/wp-content/uploads/2019/08/Kelly-Langdon.jpg" [1]
https://qei.org.au/wp-content/themes/qei/css/owl.video.play.png:
2026-08-31 10:35:59 ERROR 404: Not Found.
https://qei.org.au/wp-content/themes/qei/fonts/slick.eot:
2026-08-31 10:36:00 ERROR 404: Not Found.
https://qei.org.au/wp-content/themes/qei/fonts/slick.eot?:
2026-08-31 10:36:01 ERROR 404: Not Found.
https://qei.org.au/wp-content/themes/qei/fonts/slick.woff:
2026-08-31 10:36:03 ERROR 404: Not Found.
https://qei.org.au/wp-content/themes/qei/fonts/slick.ttf:
2026-08-31 10:36:04 ERROR 404: Not Found.
https://qei.org.au/wp-content/themes/qei/fonts/slick.svg:
2026-08-31 10:36:05 ERROR 404: Not Found.
2026-08-31 10:36:06 URL:https://qei.org.au/qei-foundation/our-people/management/kelly-langdon/ [110740] -> "raw-site/qei.org.au/qei-foundation/our-people/management/kelly-langdon/index.html" [1]
2026-08-31 10:36:06 URL:https://qei.org.au/wp-content/themes/qei/css/custom-styles.css?ver=1788169780 [140055/140055] -> "raw-site/qei.org.au/wp-content/themes/qei/css/custom-styles.css@ver=1788169780.css" [1]
2026-08-31 10:36:07 URL:https://qei.org.au/wp-content/uploads/2019/08/Kelly-Langdon-1430x1430.jpg [163221/163221] -> "raw-site/qei.org.au/wp-content/uploads/2019/08/Kelly-Langdon-1430x1430.jpg" [1]
https://qei.org.au/wp-content/themes/qei/css/owl.video.play.png:
2026-08-31 10:36:08 ERROR 404: Not Found.
https://qei.org.au/wp-content/themes/qei/fonts/slick.eot:
2026-08-31 10:36:10 ERROR 404: Not Found.
https://qei.org.au/wp-content/themes/qei/fonts/slick.eot?:
2026-08-31 10:36:11 ERROR 404: Not Found.
https://qei.org.au/wp-content/themes/qei/fonts/slick.woff:
2026-08-31 10:36:12 ERROR 404: Not Found.
https://qei.org.au/wp-content/themes/qei/fonts/slick.ttf:
2026-08-31 10:36:14 ERROR 404: Not Found.
https://qei.org.au/wp-content/themes/qei/fonts/slick.svg:
2026-08-31 10:36:15 ERROR 404: Not Found.
2026-08-31 10:36:15 URL:https://qei.org.au/qei-foundation/our-people/management/professor-mark-radford/ [112801] -> "raw-site/qei.org.au/qei-foundation/our-people/management/professor-mark-radford/index.html" [1]
2026-08-31 10:36:16 URL:https://qei.org.au/wp-content/themes/qei/css/custom-styles.css?ver=1788133720 [140055/140055] -> "raw-site/qei.org.au/wp-content/themes/qei/css/custom-styles.css@ver=1788133720.css" [1]
2026-08-31 10:36:16 URL:https://qei.org.au/wp-content/uploads/2019/08/Mark-Radford-1430x1430.jpg [149460/149460] -> "raw-site/qei.org.au/wp-content/uploads/2019/08/Mark-Radford-1430x1430.jpg" [1]
https://qei.org.au/wp-content/themes/qei/css/owl.video.play.png:
2026-08-31 10:36:18 ERROR 404: Not Found.
https://qei.org.au/wp-content/themes/qei/fonts/slick.eot:
2026-08-31 10:36:19 ERROR 404: Not Found.
https://qei.org.au/wp-content/themes/qei/fonts/slick.eot?:
2026-08-31 10:36:21 ERROR 404: Not Found.
https://qei.org.au/wp-content/themes/qei/fonts/slick.woff:
2026-08-31 10:36:22 ERROR 404: Not Found.
https://qei.org.au/wp-content/themes/qei/fonts/slick.ttf:
2026-08-31 10:36:23 ERROR 404: Not Found.
https://qei.org.au/wp-content/themes/qei/fonts/slick.svg:
2026-08-31 10:36:25 ERROR 404: Not Found.
2026-08-31 10:36:25 URL:https://qei.org.au/qei-foundation/our-people/our-board/ [118694] -> "raw-site/qei.org.au/qei-foundation/our-people/our-board/index.html" [1]
2026-08-31 10:36:26 URL:https://qei.org.au/wp-content/themes/qei/css/custom-styles.css?ver=1788144647 [140055/140055] -> "raw-site/qei.org.au/wp-content/themes/qei/css/custom-styles.css@ver=1788144647.css" [1]
2026-08-31 10:36:26 URL:https://qei.org.au/wp-content/uploads/2019/07/0Y7A3380.jpg [1485276/1485276] -> "raw-site/qei.org.au/wp-content/uploads/2019/07/0Y7A3380.jpg" [1]
2026-08-31 10:36:27 URL:https://qei.org.au/wp-content/uploads/2020/06/John-Lowes.jpg [1857838/1857838] -> "raw-site/qei.org.au/wp-content/uploads/2020/06/John-Lowes.jpg" [1]
2026-08-31 10:36:27 URL:https://qei.org.au/wp-content/uploads/2023/12/20231204QEIF_JanePrentice1-2.jpg [1646722/1646722] -> "raw-site/qei.org.au/wp-content/uploads/2023/12/20231204QEIF_JanePrentice1-2.jpg" [1]
2026-08-31 10:36:28 URL:https://qei.org.au/wp-content/uploads/2026/07/20240405_QEI-Director_Kimberley_Forman_1X1-1_Web.jpg [848499/848499] -> "raw-site/qei.org.au/wp-content/uploads/2026/07/20240405_QEI-Director_Kimberley_Forman_1X1-1_Web.jpg" [1]
https://qei.org.au/wp-content/themes/qei/css/owl.video.play.png:
2026-08-31 10:36:29 ERROR 404: Not Found.
https://qei.org.au/wp-content/themes/qei/fonts/slick.eot:
2026-08-31 10:36:30 ERROR 404: Not Found.
https://qei.org.au/wp-content/themes/qei/fonts/slick.eot?:
2026-08-31 10:36:32 ERROR 404: Not Found.
https://qei.org.au/wp-content/themes/qei/fonts/slick.woff:
2026-08-31 10:36:33 ERROR 404: Not Found.
https://qei.org.au/wp-content/themes/qei/fonts/slick.ttf:
2026-08-31 10:36:34 ERROR 404: Not Found.
https://qei.org.au/wp-content/themes/qei/fonts/slick.svg:
2026-08-31 10:36:36 ERROR 404: Not Found.
2026-08-31 10:36:36 URL:https://qei.org.au/qei-foundation/our-people/our-board/jane-prentice/ [111019] -> "raw-site/qei.org.au/qei-foundation/our-people/our-board/jane-prentice/index.html" [1]
2026-08-31 10:36:37 URL:https://qei.org.au/wp-content/themes/qei/css/custom-styles.css?ver=1788169834 [140055/140055] -> "raw-site/qei.org.au/wp-content/themes/qei/css/custom-styles.css@ver=1788169834.css" [1]
2026-08-31 10:36:37 URL:https://qei.org.au/wp-content/uploads/2023/12/20231204QEIF_JanePrentice1-2-1430x1430.jpg [250573/250573] -> "raw-site/qei.org.au/wp-content/uploads/2023/12/20231204QEIF_JanePrentice1-2-1430x1430.jpg" [1]
https://qei.org.au/wp-content/themes/qei/css/owl.video.play.png:
2026-08-31 10:36:39 ERROR 404: Not Found.
https://qei.org.au/wp-content/themes/qei/fonts/slick.eot:
2026-08-31 10:36:40 ERROR 404: Not Found.
https://qei.org.au/wp-content/themes/qei/fonts/slick.eot?:
2026-08-31 10:36:41 ERROR 404: Not Found.
https://qei.org.au/wp-content/themes/qei/fonts/slick.woff:
2026-08-31 10:36:42 ERROR 404: Not Found.
https://qei.org.au/wp-content/themes/qei/fonts/slick.ttf:
2026-08-31 10:36:44 ERROR 404: Not Found.
https://qei.org.au/wp-content/themes/qei/fonts/slick.svg:
2026-08-31 10:36:45 ERROR 404: Not Found.
2026-08-31 10:36:46 URL:https://qei.org.au/qei-foundation/our-people/our-board/john-lowes/ [112230] -> "raw-site/qei.org.au/qei-foundation/our-people/our-board/john-lowes/index.html" [1]
2026-08-31 10:36:46 URL:https://qei.org.au/wp-content/themes/qei/css/custom-styles.css?ver=1788144745 [140055/140055] -> "raw-site/qei.org.au/wp-content/themes/qei/css/custom-styles.css@ver=1788144745.css" [1]
2026-08-31 10:36:47 URL:https://qei.org.au/wp-content/uploads/2020/06/John-Lowes-1430x1430.jpg [119543/119543] -> "raw-site/qei.org.au/wp-content/uploads/2020/06/John-Lowes-1430x1430.jpg" [1]
https://qei.org.au/wp-content/themes/qei/css/owl.video.play.png:
2026-08-31 10:36:48 ERROR 404: Not Found.
https://qei.org.au/wp-content/themes/qei/fonts/slick.eot:
2026-08-31 10:36:49 ERROR 404: Not Found.
https://qei.org.au/wp-content/themes/qei/fonts/slick.eot?:
2026-08-31 10:36:51 ERROR 404: Not Found.
https://qei.org.au/wp-content/themes/qei/fonts/slick.woff:
2026-08-31 10:36:52 ERROR 404: Not Found.
https://qei.org.au/wp-content/themes/qei/fonts/slick.ttf:
2026-08-31 10:36:53 ERROR 404: Not Found.
https://qei.org.au/wp-content/themes/qei/fonts/slick.svg:
2026-08-31 10:36:54 ERROR 404: Not Found.
2026-08-31 10:36:55 URL:https://qei.org.au/qei-foundation/our-people/our-board/kimberley-forman/ [111220] -> "raw-site/qei.org.au/qei-foundation/our-people/our-board/kimberley-forman/index.html" [1]
2026-08-31 10:36:55 URL:https://qei.org.au/wp-content/themes/qei/css/custom-styles.css?ver=1788163701 [140055/140055] -> "raw-site/qei.org.au/wp-content/themes/qei/css/custom-styles.css@ver=1788163701.css" [1]
2026-08-31 10:36:56 URL:https://qei.org.au/wp-content/uploads/2026/07/20240405_QEI-Director_Kimberley_Forman_1X1-1_Web-1430x1430.jpg [240509/240509] -> "raw-site/qei.org.au/wp-content/uploads/2026/07/20240405_QEI-Director_Kimberley_Forman_1X1-1_Web-1430x1430.jpg" [1]
https://qei.org.au/wp-content/themes/qei/css/owl.video.play.png:
2026-08-31 10:36:57 ERROR 404: Not Found.
https://qei.org.au/wp-content/themes/qei/fonts/slick.eot:
2026-08-31 10:36:59 ERROR 404: Not Found.
https://qei.org.au/wp-content/themes/qei/fonts/slick.eot?:
2026-08-31 10:37:00 ERROR 404: Not Found.
https://qei.org.au/wp-content/themes/qei/fonts/slick.woff:
2026-08-31 10:37:01 ERROR 404: Not Found.
https://qei.org.au/wp-content/themes/qei/fonts/slick.ttf:
2026-08-31 10:37:03 ERROR 404: Not Found.
https://qei.org.au/wp-content/themes/qei/fonts/slick.svg:
2026-08-31 10:37:04 ERROR 404: Not Found.
2026-08-31 10:37:05 URL:https://qei.org.au/qei-foundation/our-people/our-board/mario-pennisi/ [111029] -> "raw-site/qei.org.au/qei-foundation/our-people/our-board/mario-pennisi/index.html" [1]
2026-08-31 10:37:05 URL:https://qei.org.au/wp-content/themes/qei/css/custom-styles.css?ver=1788144656 [140055/140055] -> "raw-site/qei.org.au/wp-content/themes/qei/css/custom-styles.css@ver=1788144656.css" [1]
https://qei.org.au/wp-content/themes/qei/css/owl.video.play.png:
2026-08-31 10:37:06 ERROR 404: Not Found.
https://qei.org.au/wp-content/themes/qei/fonts/slick.eot:
2026-08-31 10:37:08 ERROR 404: Not Found.
https://qei.org.au/wp-content/themes/qei/fonts/slick.eot?:
2026-08-31 10:37:09 ERROR 404: Not Found.
https://qei.org.au/wp-content/themes/qei/fonts/slick.woff:
2026-08-31 10:37:10 ERROR 404: Not Found.
https://qei.org.au/wp-content/themes/qei/fonts/slick.ttf:
2026-08-31 10:37:12 ERROR 404: Not Found.
https://qei.org.au/wp-content/themes/qei/fonts/slick.svg:
2026-08-31 10:37:13 ERROR 404: Not Found.
2026-08-31 10:37:13 URL:https://qei.org.au/qei-foundation/our-people/our-board/mark-sheridan/ [112099] -> "raw-site/qei.org.au/qei-foundation/our-people/our-board/mark-sheridan/index.html" [1]
2026-08-31 10:37:14 URL:https://qei.org.au/wp-content/themes/qei/css/custom-styles.css?ver=1788144747 [140055/140055] -> "raw-site/qei.org.au/wp-content/themes/qei/css/custom-styles.css@ver=1788144747.css" [1]
2026-08-31 10:37:14 URL:https://qei.org.au/wp-content/uploads/2020/06/Mark-Sheridan-1430x1430.jpg [130111/130111] -> "raw-site/qei.org.au/wp-content/uploads/2020/06/Mark-Sheridan-1430x1430.jpg" [1]
https://qei.org.au/wp-content/themes/qei/css/owl.video.play.png:
2026-08-31 10:37:16 ERROR 404: Not Found.
https://qei.org.au/wp-content/themes/qei/fonts/slick.eot:
2026-08-31 10:37:17 ERROR 404: Not Found.
https://qei.org.au/wp-content/themes/qei/fonts/slick.eot?:
2026-08-31 10:37:18 ERROR 404: Not Found.
https://qei.org.au/wp-content/themes/qei/fonts/slick.woff:
2026-08-31 10:37:20 ERROR 404: Not Found.
https://qei.org.au/wp-content/themes/qei/fonts/slick.ttf:
2026-08-31 10:37:21 ERROR 404: Not Found.
https://qei.org.au/wp-content/themes/qei/fonts/slick.svg:
2026-08-31 10:37:22 ERROR 404: Not Found.
2026-08-31 10:37:23 URL:https://qei.org.au/qei-foundation/our-people/our-board/professor-mark-radford/ [113401] -> "raw-site/qei.org.au/qei-foundation/our-people/our-board/professor-mark-radford/index.html" [1]
2026-08-31 10:37:23 URL:https://qei.org.au/wp-content/themes/qei/css/custom-styles.css?ver=1788144644 [140055/140055] -> "raw-site/qei.org.au/wp-content/themes/qei/css/custom-styles.css@ver=1788144644.css" [1]
https://qei.org.au/wp-content/themes/qei/css/owl.video.play.png:
2026-08-31 10:37:25 ERROR 404: Not Found.
https://qei.org.au/wp-content/themes/qei/fonts/slick.eot:
2026-08-31 10:37:26 ERROR 404: Not Found.
https://qei.org.au/wp-content/themes/qei/fonts/slick.eot?:
2026-08-31 10:37:27 ERROR 404: Not Found.
https://qei.org.au/wp-content/themes/qei/fonts/slick.woff:
2026-08-31 10:37:29 ERROR 404: Not Found.
https://qei.org.au/wp-content/themes/qei/fonts/slick.ttf:
2026-08-31 10:37:30 ERROR 404: Not Found.
https://qei.org.au/wp-content/themes/qei/fonts/slick.svg:
2026-08-31 10:37:32 ERROR 404: Not Found.
2026-08-31 10:37:32 URL:https://qei.org.au/qei-foundation/patient-stories/ [117153] -> "raw-site/qei.org.au/qei-foundation/patient-stories/index.html" [1]
2026-08-31 10:37:33 URL:https://qei.org.au/wp-content/themes/qei/css/custom-styles.css?ver=1788133722 [140055/140055] -> "raw-site/qei.org.au/wp-content/themes/qei/css/custom-styles.css@ver=1788133722.css" [1]
2026-08-31 10:37:33 URL:https://qei.org.au/wp-content/uploads/2024/10/QEIF-PatientSarahOakleigh-23May2024-1-2.jpg [1440678/1440678] -> "raw-site/qei.org.au/wp-content/uploads/2024/10/QEIF-PatientSarahOakleigh-23May2024-1-2.jpg" [1]
2026-08-31 10:37:34 URL:https://qei.org.au/wp-content/uploads/2023/08/20230504RayHibbins1X11.jpg [1673073/1673073] -> "raw-site/qei.org.au/wp-content/uploads/2023/08/20230504RayHibbins1X11.jpg" [1]
https://qei.org.au/wp-content/themes/qei/css/owl.video.play.png:
2026-08-31 10:37:35 ERROR 404: Not Found.
https://qei.org.au/wp-content/themes/qei/fonts/slick.eot:
2026-08-31 10:37:37 ERROR 404: Not Found.
https://qei.org.au/wp-content/themes/qei/fonts/slick.eot?:
2026-08-31 10:37:38 ERROR 404: Not Found.
https://qei.org.au/wp-content/themes/qei/fonts/slick.woff:
2026-08-31 10:37:39 ERROR 404: Not Found.
https://qei.org.au/wp-content/themes/qei/fonts/slick.ttf:
2026-08-31 10:37:41 ERROR 404: Not Found.
https://qei.org.au/wp-content/themes/qei/fonts/slick.svg:
2026-08-31 10:37:42 ERROR 404: Not Found.
2026-08-31 10:37:42 URL:https://qei.org.au/qei-foundation/wills-and-bequests/ [118614] -> "raw-site/qei.org.au/qei-foundation/wills-and-bequests/index.html" [1]
2026-08-31 10:37:43 URL:https://qei.org.au/wp-content/themes/qei/css/custom-styles.css?ver=1788137560 [140055/140055] -> "raw-site/qei.org.au/wp-content/themes/qei/css/custom-styles.css@ver=1788137560.css" [1]
2026-08-31 10:37:44 URL:https://qei.org.au/wp-content/uploads/2026/05/shutterstock_130372394.jpg [237306/237306] -> "raw-site/qei.org.au/wp-content/uploads/2026/05/shutterstock_130372394.jpg" [1]
2026-08-31 10:37:44 URL:https://qei.org.au/wp-content/uploads/2024/11/Bequests-brochure-thumbnail-212x300.jpg [11909/11909] -> "raw-site/qei.org.au/wp-content/uploads/2024/11/Bequests-brochure-thumbnail-212x300.jpg" [1]
2026-08-31 10:37:45 URL:https://qei.org.au/wp-content/uploads/2024/11/Bequests-brochure-thumbnail.jpg [96772/96772] -> "raw-site/qei.org.au/wp-content/uploads/2024/11/Bequests-brochure-thumbnail.jpg" [1]
https://qei.org.au/wp-content/themes/qei/css/owl.video.play.png:
2026-08-31 10:37:46 ERROR 404: Not Found.
https://qei.org.au/wp-content/themes/qei/fonts/slick.eot:
2026-08-31 10:37:47 ERROR 404: Not Found.
https://qei.org.au/wp-content/themes/qei/fonts/slick.eot?:
2026-08-31 10:37:49 ERROR 404: Not Found.
https://qei.org.au/wp-content/themes/qei/fonts/slick.woff:
2026-08-31 10:37:50 ERROR 404: Not Found.
https://qei.org.au/wp-content/themes/qei/fonts/slick.ttf:
2026-08-31 10:37:51 ERROR 404: Not Found.
https://qei.org.au/wp-content/themes/qei/fonts/slick.svg:
2026-08-31 10:37:53 ERROR 404: Not Found.
2026-08-31 10:37:53 URL:https://qei.org.au/qei-foundation/workplace-giving/ [125274] -> "raw-site/qei.org.au/qei-foundation/workplace-giving/index.html" [1]
2026-08-31 10:37:54 URL:https://qei.org.au/wp-content/themes/qei/css/custom-styles.css?ver=1788137563 [140055/140055] -> "raw-site/qei.org.au/wp-content/themes/qei/css/custom-styles.css@ver=1788137563.css" [1]
2026-08-31 10:37:54 URL:https://qei.org.au/wp-content/uploads/2020/01/QEI_0698_A1-1430x954.jpg [189086/189086] -> "raw-site/qei.org.au/wp-content/uploads/2020/01/QEI_0698_A1-1430x954.jpg" [1]
2026-08-31 10:37:55 URL:https://qei.org.au/wp-content/uploads/2019/02/workspace-video.png [1124736/1124736] -> "raw-site/qei.org.au/wp-content/uploads/2019/02/workspace-video.png" [1]
2026-08-31 10:37:55 URL:https://qei.org.au/wp-content/uploads/2019/05/QEI-Foundation-Workplace-Giving.mp4 [7660201/7660201] -> "raw-site/qei.org.au/wp-content/uploads/2019/05/QEI-Foundation-Workplace-Giving.mp4" [1]
2026-08-31 10:37:56 URL:https://qei.org.au/wp-content/uploads/2019/03/shutterstock_256121671.jpg [171534/171534] -> "raw-site/qei.org.au/wp-content/uploads/2019/03/shutterstock_256121671.jpg" [1]
https://qei.org.au/wp-content/themes/qei/css/owl.video.play.png:
2026-08-31 10:37:57 ERROR 404: Not Found.
https://qei.org.au/wp-content/themes/qei/fonts/slick.eot:
2026-08-31 10:37:58 ERROR 404: Not Found.
https://qei.org.au/wp-content/themes/qei/fonts/slick.eot?:
2026-08-31 10:38:00 ERROR 404: Not Found.
https://qei.org.au/wp-content/themes/qei/fonts/slick.woff:
2026-08-31 10:38:01 ERROR 404: Not Found.
https://qei.org.au/wp-content/themes/qei/fonts/slick.ttf:
2026-08-31 10:38:02 ERROR 404: Not Found.
https://qei.org.au/wp-content/themes/qei/fonts/slick.svg:
2026-08-31 10:38:04 ERROR 404: Not Found.
2026-08-31 10:38:04 URL:https://qei.org.au/research/ [109626] -> "raw-site/qei.org.au/research/index.html" [1]
2026-08-31 10:38:05 URL:https://qei.org.au/wp-content/themes/qei/css/custom-styles.css?ver=1788162820 [140055/140055] -> "raw-site/qei.org.au/wp-content/themes/qei/css/custom-styles.css@ver=1788162820.css" [1]
2026-08-31 10:38:05 URL:https://qei.org.au/wp-content/uploads/2020/05/QEI_0081_A1-400x267.jpg [15535/15535] -> "raw-site/qei.org.au/wp-content/uploads/2020/05/QEI_0081_A1-400x267.jpg" [1]
2026-08-31 10:38:06 URL:https://qei.org.au/wp-content/uploads/2019/03/QEI_0368_A1.jpg [208130/208130] -> "raw-site/qei.org.au/wp-content/uploads/2019/03/QEI_0368_A1.jpg" [1]
2026-08-31 10:38:06 URL:https://qei.org.au/wp-content/uploads/2020/06/QEI_0245_A2-400x267.jpg [21264/21264] -> "raw-site/qei.org.au/wp-content/uploads/2020/06/QEI_0245_A2-400x267.jpg" [1]
https://qei.org.au/wp-content/themes/qei/css/owl.video.play.png:
2026-08-31 10:38:08 ERROR 404: Not Found.
https://qei.org.au/wp-content/themes/qei/fonts/slick.eot:
2026-08-31 10:38:09 ERROR 404: Not Found.
https://qei.org.au/wp-content/themes/qei/fonts/slick.eot?:
2026-08-31 10:38:10 ERROR 404: Not Found.
https://qei.org.au/wp-content/themes/qei/fonts/slick.woff:
2026-08-31 10:38:11 ERROR 404: Not Found.
https://qei.org.au/wp-content/themes/qei/fonts/slick.ttf:
2026-08-31 10:38:13 ERROR 404: Not Found.
https://qei.org.au/wp-content/themes/qei/fonts/slick.svg:
2026-08-31 10:38:14 ERROR 404: Not Found.
2026-08-31 10:38:15 URL:https://qei.org.au/research/affiliates/ [115474] -> "raw-site/qei.org.au/research/affiliates/index.html" [1]
2026-08-31 10:38:15 URL:https://qei.org.au/wp-content/themes/qei/css/custom-styles.css?ver=1788162830 [140055/140055] -> "raw-site/qei.org.au/wp-content/themes/qei/css/custom-styles.css@ver=1788162830.css" [1]
2026-08-31 10:38:16 URL:https://qei.org.au/wp-content/uploads/2019/02/ranzco.png [6235/6235] -> "raw-site/qei.org.au/wp-content/uploads/2019/02/ranzco.png" [1]
2026-08-31 10:38:16 URL:https://qei.org.au/wp-content/uploads/2019/02/QUT.png [29612/29612] -> "raw-site/qei.org.au/wp-content/uploads/2019/02/QUT.png" [1]
2026-08-31 10:38:17 URL:https://qei.org.au/wp-content/uploads/2019/02/australia-government.png [3495/3495] -> "raw-site/qei.org.au/wp-content/uploads/2019/02/australia-government.png" [1]
2026-08-31 10:38:17 URL:https://qei.org.au/wp-content/uploads/2019/02/western-australia.png [6088/6088] -> "raw-site/qei.org.au/wp-content/uploads/2019/02/western-australia.png" [1]
2026-08-31 10:38:18 URL:https://qei.org.au/wp-content/uploads/2019/02/eye-research.png [14008/14008] -> "raw-site/qei.org.au/wp-content/uploads/2019/02/eye-research.png" [1]
2026-08-31 10:38:18 URL:https://qei.org.au/wp-content/uploads/2019/02/lions-institute.png [12210/12210] -> "raw-site/qei.org.au/wp-content/uploads/2019/02/lions-institute.png" [1]
2026-08-31 10:38:19 URL:https://qei.org.au/wp-content/uploads/2019/02/matter.png [64951/64951] -> "raw-site/qei.org.au/wp-content/uploads/2019/02/matter.png" [1]
2026-08-31 10:38:19 URL:https://qei.org.au/wp-content/uploads/2019/02/life-science.png [2376/2376] -> "raw-site/qei.org.au/wp-content/uploads/2019/02/life-science.png" [1]
2026-08-31 10:38:20 URL:https://qei.org.au/wp-content/uploads/2019/02/AIBN.png [8184/8184] -> "raw-site/qei.org.au/wp-content/uploads/2019/02/AIBN.png" [1]
2026-08-31 10:38:20 URL:https://qei.org.au/wp-content/uploads/2020/05/flinderuni_main_logo_black.png [12740/12740] -> "raw-site/qei.org.au/wp-content/uploads/2020/05/flinderuni_main_logo_black.png" [1]
2026-08-31 10:38:21 URL:https://qei.org.au/wp-content/uploads/2019/02/doshisha.png [1268/1268] -> "raw-site/qei.org.au/wp-content/uploads/2019/02/doshisha.png" [1]
2026-08-31 10:38:21 URL:https://qei.org.au/wp-content/uploads/2019/02/gunze.png [7330/7330] -> "raw-site/qei.org.au/wp-content/uploads/2019/02/gunze.png" [1]
2026-08-31 10:38:22 URL:https://qei.org.au/wp-content/uploads/2019/02/polytech.png [4806/4806] -> "raw-site/qei.org.au/wp-content/uploads/2019/02/polytech.png" [1]
2026-08-31 10:38:22 URL:https://qei.org.au/wp-content/uploads/2019/02/GSI.png [4395/4395] -> "raw-site/qei.org.au/wp-content/uploads/2019/02/GSI.png" [1]
2026-08-31 10:38:23 URL:https://qei.org.au/wp-content/uploads/2019/02/university-thrive.png [2470/2470] -> "raw-site/qei.org.au/wp-content/uploads/2019/02/university-thrive.png" [1]
2026-08-31 10:38:23 URL:https://qei.org.au/wp-content/uploads/2019/02/rochester.png [7359/7359] -> "raw-site/qei.org.au/wp-content/uploads/2019/02/rochester.png" [1]
2026-08-31 10:38:24 URL:https://qei.org.au/wp-content/uploads/2019/02/wurzburg.png [3130/3130] -> "raw-site/qei.org.au/wp-content/uploads/2019/02/wurzburg.png" [1]
2026-08-31 10:38:24 URL:https://qei.org.au/wp-content/uploads/2020/05/logo_en_CMYK_new.png [101455/101455] -> "raw-site/qei.org.au/wp-content/uploads/2020/05/logo_en_CMYK_new.png" [1]
2026-08-31 10:38:25 URL:https://qei.org.au/wp-content/uploads/2020/05/wordmark-print.png [29810/29810] -> "raw-site/qei.org.au/wp-content/uploads/2020/05/wordmark-print.png" [1]
2026-08-31 10:38:25 URL:https://qei.org.au/wp-content/uploads/2020/05/logo_en.png [11070/11070] -> "raw-site/qei.org.au/wp-content/uploads/2020/05/logo_en.png" [1]
2026-08-31 10:38:26 URL:https://qei.org.au/wp-content/uploads/2020/05/Aston-university-logo.png [9921/9921] -> "raw-site/qei.org.au/wp-content/uploads/2020/05/Aston-university-logo.png" [1]
https://qei.org.au/wp-content/themes/qei/css/owl.video.play.png:
2026-08-31 10:38:27 ERROR 404: Not Found.
https://qei.org.au/wp-content/themes/qei/fonts/slick.eot:
2026-08-31 10:38:28 ERROR 404: Not Found.
https://qei.org.au/wp-content/themes/qei/fonts/slick.eot?:
2026-08-31 10:38:30 ERROR 404: Not Found.
https://qei.org.au/wp-content/themes/qei/fonts/slick.woff:
2026-08-31 10:38:31 ERROR 404: Not Found.
https://qei.org.au/wp-content/themes/qei/fonts/slick.ttf:
2026-08-31 10:38:32 ERROR 404: Not Found.
https://qei.org.au/wp-content/themes/qei/fonts/slick.svg:
2026-08-31 10:38:33 ERROR 404: Not Found.
2026-08-31 10:38:34 URL:https://qei.org.au/research/groups-publications/ [120992] -> "raw-site/qei.org.au/research/groups-publications/index.html" [1]
2026-08-31 10:38:34 URL:https://qei.org.au/wp-content/themes/qei/css/custom-styles.css?ver=1788144752 [140055/140055] -> "raw-site/qei.org.au/wp-content/themes/qei/css/custom-styles.css@ver=1788144752.css" [1]
2026-08-31 10:38:35 URL:https://qei.org.au/wp-content/uploads/2019/03/QEI_0368_A1-674x450.jpg [47628/47628] -> "raw-site/qei.org.au/wp-content/uploads/2019/03/QEI_0368_A1-674x450.jpg" [1]
2026-08-31 10:38:36 URL:https://qei.org.au/wp-content/uploads/2020/05/QEI_0257_web.jpg [72220/72220] -> "raw-site/qei.org.au/wp-content/uploads/2020/05/QEI_0257_web.jpg" [1]
2026-08-31 10:38:36 URL:https://qei.org.au/wp-content/uploads/2019/12/1.jpg [29655/29655] -> "raw-site/qei.org.au/wp-content/uploads/2019/12/1.jpg" [1]
2026-08-31 10:38:37 URL:https://qei.org.au/wp-content/uploads/2020/05/2268-two_female_eyes-732x549-thumbnail.jpg [33080/33080] -> "raw-site/qei.org.au/wp-content/uploads/2020/05/2268-two_female_eyes-732x549-thumbnail.jpg" [1]
2026-08-31 10:38:37 URL:https://qei.org.au/wp-content/uploads/2019/12/photo-1483519173755-be893fab1f46.jpg [219090/219090] -> "raw-site/qei.org.au/wp-content/uploads/2019/12/photo-1483519173755-be893fab1f46.jpg" [1]
https://qei.org.au/wp-content/themes/qei/css/owl.video.play.png:
2026-08-31 10:38:38 ERROR 404: Not Found.
https://qei.org.au/wp-content/themes/qei/fonts/slick.eot:
2026-08-31 10:38:40 ERROR 404: Not Found.
https://qei.org.au/wp-content/themes/qei/fonts/slick.eot?:
2026-08-31 10:38:41 ERROR 404: Not Found.
https://qei.org.au/wp-content/themes/qei/fonts/slick.woff:
2026-08-31 10:38:42 ERROR 404: Not Found.
https://qei.org.au/wp-content/themes/qei/fonts/slick.ttf:
2026-08-31 10:38:43 ERROR 404: Not Found.
https://qei.org.au/wp-content/themes/qei/fonts/slick.svg:
2026-08-31 10:38:45 ERROR 404: Not Found.
2026-08-31 10:38:45 URL:https://qei.org.au/research/groups-publications/big-data-and-integrative-clinical-epidemiology/ [110408] -> "raw-site/qei.org.au/research/groups-publications/big-data-and-integrative-clinical-epidemiology/index.html" [1]
2026-08-31 10:38:46 URL:https://qei.org.au/wp-content/themes/qei/css/custom-styles.css?ver=1788162765 [140055/140055] -> "raw-site/qei.org.au/wp-content/themes/qei/css/custom-styles.css@ver=1788162765.css" [1]
https://qei.org.au/wp-content/themes/qei/css/owl.video.play.png:
2026-08-31 10:38:47 ERROR 404: Not Found.
https://qei.org.au/wp-content/themes/qei/fonts/slick.eot:
2026-08-31 10:38:48 ERROR 404: Not Found.
https://qei.org.au/wp-content/themes/qei/fonts/slick.eot?:
2026-08-31 10:38:50 ERROR 404: Not Found.
https://qei.org.au/wp-content/themes/qei/fonts/slick.woff:
2026-08-31 10:38:51 ERROR 404: Not Found.
https://qei.org.au/wp-content/themes/qei/fonts/slick.ttf:
2026-08-31 10:38:52 ERROR 404: Not Found.
https://qei.org.au/wp-content/themes/qei/fonts/slick.svg:
2026-08-31 10:38:54 ERROR 404: Not Found.
2026-08-31 10:38:54 URL:https://qei.org.au/research/groups-publications/corneal-ocular-surface/ [110192] -> "raw-site/qei.org.au/research/groups-publications/corneal-ocular-surface/index.html" [1]
2026-08-31 10:38:55 URL:https://qei.org.au/wp-content/themes/qei/css/custom-styles.css?ver=1788162767 [140055/140055] -> "raw-site/qei.org.au/wp-content/themes/qei/css/custom-styles.css@ver=1788162767.css" [1]
https://qei.org.au/wp-content/themes/qei/css/owl.video.play.png:
2026-08-31 10:38:56 ERROR 404: Not Found.
https://qei.org.au/wp-content/themes/qei/fonts/slick.eot:
2026-08-31 10:38:57 ERROR 404: Not Found.
https://qei.org.au/wp-content/themes/qei/fonts/slick.eot?:
2026-08-31 10:38:59 ERROR 404: Not Found.
https://qei.org.au/wp-content/themes/qei/fonts/slick.woff:
2026-08-31 10:39:00 ERROR 404: Not Found.
https://qei.org.au/wp-content/themes/qei/fonts/slick.ttf:
2026-08-31 10:39:01 ERROR 404: Not Found.
https://qei.org.au/wp-content/themes/qei/fonts/slick.svg:
2026-08-31 10:39:02 ERROR 404: Not Found.
2026-08-31 10:39:03 URL:https://qei.org.au/research/groups-publications/genetics-and-eye-disease/ [109898] -> "raw-site/qei.org.au/research/groups-publications/genetics-and-eye-disease/index.html" [1]
2026-08-31 10:39:03 URL:https://qei.org.au/wp-content/themes/qei/css/custom-styles.css?ver=1788162770 [140055/140055] -> "raw-site/qei.org.au/wp-content/themes/qei/css/custom-styles.css@ver=1788162770.css" [1]
https://qei.org.au/wp-content/themes/qei/css/owl.video.play.png:
2026-08-31 10:39:05 ERROR 404: Not Found.
https://qei.org.au/wp-content/themes/qei/fonts/slick.eot:
2026-08-31 10:39:06 ERROR 404: Not Found.
https://qei.org.au/wp-content/themes/qei/fonts/slick.eot?:
2026-08-31 10:39:07 ERROR 404: Not Found.
https://qei.org.au/wp-content/themes/qei/fonts/slick.woff:
2026-08-31 10:39:09 ERROR 404: Not Found.
https://qei.org.au/wp-content/themes/qei/fonts/slick.ttf:
2026-08-31 10:39:10 ERROR 404: Not Found.
https://qei.org.au/wp-content/themes/qei/fonts/slick.svg:
2026-08-31 10:39:11 ERROR 404: Not Found.
2026-08-31 10:39:12 URL:https://qei.org.au/research/groups-publications/ocular-diagnostics-devices/ [109870] -> "raw-site/qei.org.au/research/groups-publications/ocular-diagnostics-devices/index.html" [1]
2026-08-31 10:39:12 URL:https://qei.org.au/wp-content/themes/qei/css/custom-styles.css?ver=1788162773 [140055/140055] -> "raw-site/qei.org.au/wp-content/themes/qei/css/custom-styles.css@ver=1788162773.css" [1]
https://qei.org.au/wp-content/themes/qei/css/owl.video.play.png:
2026-08-31 10:39:14 ERROR 404: Not Found.
https://qei.org.au/wp-content/themes/qei/fonts/slick.eot:
2026-08-31 10:39:15 ERROR 404: Not Found.
https://qei.org.au/wp-content/themes/qei/fonts/slick.eot?:
2026-08-31 10:39:16 ERROR 404: Not Found.
https://qei.org.au/wp-content/themes/qei/fonts/slick.woff:
2026-08-31 10:39:18 ERROR 404: Not Found.
https://qei.org.au/wp-content/themes/qei/fonts/slick.ttf:
2026-08-31 10:39:19 ERROR 404: Not Found.
https://qei.org.au/wp-content/themes/qei/fonts/slick.svg:
2026-08-31 10:39:20 ERROR 404: Not Found.
2026-08-31 10:39:21 URL:https://qei.org.au/research/groups-publications/ophthalmic-bioengineering-and-biomaterials/ [115573] -> "raw-site/qei.org.au/research/groups-publications/ophthalmic-bioengineering-and-biomaterials/index.html" [1]
2026-08-31 10:39:21 URL:https://qei.org.au/wp-content/themes/qei/css/custom-styles.css?ver=1788162775 [140055/140055] -> "raw-site/qei.org.au/wp-content/themes/qei/css/custom-styles.css@ver=1788162775.css" [1]
https://qei.org.au/wp-content/themes/qei/css/owl.video.play.png:
2026-08-31 10:39:22 ERROR 404: Not Found.
https://qei.org.au/wp-content/themes/qei/fonts/slick.eot:
2026-08-31 10:39:24 ERROR 404: Not Found.
https://qei.org.au/wp-content/themes/qei/fonts/slick.eot?:
2026-08-31 10:39:25 ERROR 404: Not Found.
https://qei.org.au/wp-content/themes/qei/fonts/slick.woff:
2026-08-31 10:39:26 ERROR 404: Not Found.
https://qei.org.au/wp-content/themes/qei/fonts/slick.ttf:
2026-08-31 10:39:28 ERROR 404: Not Found.
https://qei.org.au/wp-content/themes/qei/fonts/slick.svg:
2026-08-31 10:39:29 ERROR 404: Not Found.
2026-08-31 10:39:30 URL:https://qei.org.au/research/research-themes-purpose/ [112824] -> "raw-site/qei.org.au/research/research-themes-purpose/index.html" [1]
2026-08-31 10:39:30 URL:https://qei.org.au/wp-content/themes/qei/css/custom-styles.css?ver=1788151780 [140055/140055] -> "raw-site/qei.org.au/wp-content/themes/qei/css/custom-styles.css@ver=1788151780.css" [1]
2026-08-31 10:39:31 URL:https://qei.org.au/wp-content/uploads/2020/05/QEI_0081_A1-1430x954.jpg [90347/90347] -> "raw-site/qei.org.au/wp-content/uploads/2020/05/QEI_0081_A1-1430x954.jpg" [1]
2026-08-31 10:39:31 URL:https://qei.org.au/wp-content/uploads/2020/04/Research-areas-.png [58203/58203] -> "raw-site/qei.org.au/wp-content/uploads/2020/04/Research-areas-.png" [1]
2026-08-31 10:39:32 URL:https://qei.org.au/wp-content/uploads/2020/04/Research-areas--150x150.png [8879/8879] -> "raw-site/qei.org.au/wp-content/uploads/2020/04/Research-areas--150x150.png" [1]
2026-08-31 10:39:32 URL:https://qei.org.au/wp-content/uploads/2020/04/Research-areas--300x300.png [25139/25139] -> "raw-site/qei.org.au/wp-content/uploads/2020/04/Research-areas--300x300.png" [1]
2026-08-31 10:39:33 URL:https://qei.org.au/wp-content/uploads/2020/04/Research-areas--768x768.png [53347/53347] -> "raw-site/qei.org.au/wp-content/uploads/2020/04/Research-areas--768x768.png" [1]
2026-08-31 10:39:33 URL:https://qei.org.au/wp-content/uploads/2020/04/Research-areas--1024x1024.png [77278/77278] -> "raw-site/qei.org.au/wp-content/uploads/2020/04/Research-areas--1024x1024.png" [1]
2026-08-31 10:39:34 URL:https://qei.org.au/wp-content/uploads/2020/04/Research-areas--800x800.png [143696/143696] -> "raw-site/qei.org.au/wp-content/uploads/2020/04/Research-areas--800x800.png" [1]
2026-08-31 10:39:34 URL:https://qei.org.au/wp-content/uploads/2020/05/Research-types.png [60398/60398] -> "raw-site/qei.org.au/wp-content/uploads/2020/05/Research-types.png" [1]
2026-08-31 10:39:35 URL:https://qei.org.au/wp-content/uploads/2020/05/Research-types-300x251.png [42022/42022] -> "raw-site/qei.org.au/wp-content/uploads/2020/05/Research-types-300x251.png" [1]
2026-08-31 10:39:35 URL:https://qei.org.au/wp-content/uploads/2020/05/Research-types-768x644.png [320251/320251] -> "raw-site/qei.org.au/wp-content/uploads/2020/05/Research-types-768x644.png" [1]
2026-08-31 10:39:36 URL:https://qei.org.au/wp-content/uploads/2020/05/Research-types-800x671.png [215554/215554] -> "raw-site/qei.org.au/wp-content/uploads/2020/05/Research-types-800x671.png" [1]
2026-08-31 10:39:36 URL:https://qei.org.au/wp-content/uploads/2020/05/Research-types-358x300.png [85846/85846] -> "raw-site/qei.org.au/wp-content/uploads/2020/05/Research-types-358x300.png" [1]
2026-08-31 10:39:37 URL:https://qei.org.au/wp-content/uploads/2020/05/Laboratory-research.png [79998/79998] -> "raw-site/qei.org.au/wp-content/uploads/2020/05/Laboratory-research.png" [1]
2026-08-31 10:39:37 URL:https://qei.org.au/wp-content/uploads/2020/05/Laboratory-research-300x251.png [49211/49211] -> "raw-site/qei.org.au/wp-content/uploads/2020/05/Laboratory-research-300x251.png" [1]
2026-08-31 10:39:38 URL:https://qei.org.au/wp-content/uploads/2020/05/Laboratory-research-768x644.png [336553/336553] -> "raw-site/qei.org.au/wp-content/uploads/2020/05/Laboratory-research-768x644.png" [1]
2026-08-31 10:39:38 URL:https://qei.org.au/wp-content/uploads/2020/05/Laboratory-research-800x671.png [236855/236855] -> "raw-site/qei.org.au/wp-content/uploads/2020/05/Laboratory-research-800x671.png" [1]
2026-08-31 10:39:39 URL:https://qei.org.au/wp-content/uploads/2020/05/Laboratory-research-358x300.png [91345/91345] -> "raw-site/qei.org.au/wp-content/uploads/2020/05/Laboratory-research-358x300.png" [1]
https://qei.org.au/wp-content/themes/qei/css/owl.video.play.png:
2026-08-31 10:39:40 ERROR 404: Not Found.
https://qei.org.au/wp-content/themes/qei/fonts/slick.eot:
2026-08-31 10:39:41 ERROR 404: Not Found.
https://qei.org.au/wp-content/themes/qei/fonts/slick.eot?:
2026-08-31 10:39:43 ERROR 404: Not Found.
https://qei.org.au/wp-content/themes/qei/fonts/slick.woff:
2026-08-31 10:39:44 ERROR 404: Not Found.
https://qei.org.au/wp-content/themes/qei/fonts/slick.ttf:
2026-08-31 10:39:45 ERROR 404: Not Found.
https://qei.org.au/wp-content/themes/qei/fonts/slick.svg:
2026-08-31 10:39:46 ERROR 404: Not Found.
2026-08-31 10:39:47 URL:https://qei.org.au/research/researchers/ [120619] -> "raw-site/qei.org.au/research/researchers/index.html" [1]
2026-08-31 10:39:47 URL:https://qei.org.au/wp-content/themes/qei/css/custom-styles.css?ver=1788151778 [140055/140055] -> "raw-site/qei.org.au/wp-content/themes/qei/css/custom-styles.css@ver=1788151778.css" [1]
2026-08-31 10:39:48 URL:https://qei.org.au/wp-content/uploads/2019/08/Traian-Chirila-2.jpg [2027451/2027451] -> "raw-site/qei.org.au/wp-content/uploads/2019/08/Traian-Chirila-2.jpg" [1]
2026-08-31 10:39:49 URL:https://qei.org.au/wp-content/uploads/2019/08/Shuko-Suzuki-2.jpg [1406882/1406882] -> "raw-site/qei.org.au/wp-content/uploads/2019/08/Shuko-Suzuki-2.jpg" [1]
2026-08-31 10:39:49 URL:https://qei.org.au/wp-content/uploads/2021/08/Justin-Smith-Head-shot.jpg [53960/53960] -> "raw-site/qei.org.au/wp-content/uploads/2021/08/Justin-Smith-Head-shot.jpg" [1]
2026-08-31 10:39:50 URL:https://qei.org.au/wp-content/uploads/2019/08/Lawrie-Hirst-210x297mm-A4-300dpi.jpg [4511958/4511958] -> "raw-site/qei.org.au/wp-content/uploads/2019/08/Lawrie-Hirst-210x297mm-A4-300dpi.jpg" [1]
2026-08-31 10:39:50 URL:https://qei.org.au/wp-content/uploads/2025/02/Timothy-Sullivan-22.jpg [37038/37038] -> "raw-site/qei.org.au/wp-content/uploads/2025/02/Timothy-Sullivan-22.jpg" [1]
2026-08-31 10:39:51 URL:https://qei.org.au/wp-content/uploads/2019/03/idriss.jpeg [18668/18668] -> "raw-site/qei.org.au/wp-content/uploads/2019/03/idriss.jpeg" [1]
2026-08-31 10:39:51 URL:https://qei.org.au/wp-content/uploads/2019/03/Tim-Dargaville.jpg [79598/79598] -> "raw-site/qei.org.au/wp-content/uploads/2019/03/Tim-Dargaville.jpg" [1]
2026-08-31 10:39:52 URL:https://qei.org.au/wp-content/uploads/2024/09/Beatrix_Feigl_.jpg [1061179/1061179] -> "raw-site/qei.org.au/wp-content/uploads/2024/09/Beatrix_Feigl_.jpg" [1]
2026-08-31 10:39:52 URL:https://qei.org.au/wp-content/uploads/2019/03/QEI_0170_web.jpg [75865/75865] -> "raw-site/qei.org.au/wp-content/uploads/2019/03/QEI_0170_web.jpg" [1]
https://qei.org.au/wp-content/themes/qei/css/owl.video.play.png:
2026-08-31 10:39:54 ERROR 404: Not Found.
https://qei.org.au/wp-content/themes/qei/fonts/slick.eot:
2026-08-31 10:39:55 ERROR 404: Not Found.
https://qei.org.au/wp-content/themes/qei/fonts/slick.eot?:
2026-08-31 10:39:56 ERROR 404: Not Found.
https://qei.org.au/wp-content/themes/qei/fonts/slick.woff:
2026-08-31 10:39:57 ERROR 404: Not Found.
https://qei.org.au/wp-content/themes/qei/fonts/slick.ttf:
2026-08-31 10:39:59 ERROR 404: Not Found.
https://qei.org.au/wp-content/themes/qei/fonts/slick.svg:
2026-08-31 10:40:00 ERROR 404: Not Found.
2026-08-31 10:40:01 URL:https://qei.org.au/research/researchers/associate-professor-idriss-blakey/ [117539] -> "raw-site/qei.org.au/research/researchers/associate-professor-idriss-blakey/index.html" [1]
2026-08-31 10:40:01 URL:https://qei.org.au/wp-content/themes/qei/css/custom-styles.css?ver=1788169726 [140055/140055] -> "raw-site/qei.org.au/wp-content/themes/qei/css/custom-styles.css@ver=1788169726.css" [1]
https://qei.org.au/wp-content/themes/qei/css/owl.video.play.png:
2026-08-31 10:40:02 ERROR 404: Not Found.
https://qei.org.au/wp-content/themes/qei/fonts/slick.eot:
2026-08-31 10:40:04 ERROR 404: Not Found.
https://qei.org.au/wp-content/themes/qei/fonts/slick.eot?:
2026-08-31 10:40:05 ERROR 404: Not Found.
https://qei.org.au/wp-content/themes/qei/fonts/slick.woff:
2026-08-31 10:40:06 ERROR 404: Not Found.
https://qei.org.au/wp-content/themes/qei/fonts/slick.ttf:
2026-08-31 10:40:08 ERROR 404: Not Found.
https://qei.org.au/wp-content/themes/qei/fonts/slick.svg:
2026-08-31 10:40:09 ERROR 404: Not Found.
2026-08-31 10:40:09 URL:https://qei.org.au/research/researchers/associate-professor-nigel-barnett/ [115993] -> "raw-site/qei.org.au/research/researchers/associate-professor-nigel-barnett/index.html" [1]
2026-08-31 10:40:10 URL:https://qei.org.au/wp-content/themes/qei/css/custom-styles.css?ver=1788144598 [140055/140055] -> "raw-site/qei.org.au/wp-content/themes/qei/css/custom-styles.css@ver=1788144598.css" [1]
https://qei.org.au/wp-content/themes/qei/css/owl.video.play.png:
2026-08-31 10:40:11 ERROR 404: Not Found.
https://qei.org.au/wp-content/themes/qei/fonts/slick.eot:
2026-08-31 10:40:13 ERROR 404: Not Found.
https://qei.org.au/wp-content/themes/qei/fonts/slick.eot?:
2026-08-31 10:40:14 ERROR 404: Not Found.
https://qei.org.au/wp-content/themes/qei/fonts/slick.woff:
2026-08-31 10:40:15 ERROR 404: Not Found.
https://qei.org.au/wp-content/themes/qei/fonts/slick.ttf:
2026-08-31 10:40:16 ERROR 404: Not Found.
https://qei.org.au/wp-content/themes/qei/fonts/slick.svg:
2026-08-31 10:40:18 ERROR 404: Not Found.
2026-08-31 10:40:18 URL:https://qei.org.au/research/researchers/dr-alexandra-manta/ [115651] -> "raw-site/qei.org.au/research/researchers/dr-alexandra-manta/index.html" [1]
2026-08-31 10:40:19 URL:https://qei.org.au/wp-content/themes/qei/css/custom-styles.css?ver=1788163051 [140055/140055] -> "raw-site/qei.org.au/wp-content/themes/qei/css/custom-styles.css@ver=1788163051.css" [1]
https://qei.org.au/wp-content/themes/qei/css/owl.video.play.png:
2026-08-31 10:40:20 ERROR 404: Not Found.
https://qei.org.au/wp-content/themes/qei/fonts/slick.eot:
2026-08-31 10:40:21 ERROR 404: Not Found.
https://qei.org.au/wp-content/themes/qei/fonts/slick.eot?:
2026-08-31 10:40:23 ERROR 404: Not Found.
https://qei.org.au/wp-content/themes/qei/fonts/slick.woff:
2026-08-31 10:40:24 ERROR 404: Not Found.
https://qei.org.au/wp-content/themes/qei/fonts/slick.ttf:
2026-08-31 10:40:25 ERROR 404: Not Found.
https://qei.org.au/wp-content/themes/qei/fonts/slick.svg:
2026-08-31 10:40:27 ERROR 404: Not Found.
2026-08-31 10:40:27 URL:https://qei.org.au/research/researchers/dr-audra-shadforth/ [116364] -> "raw-site/qei.org.au/research/researchers/dr-audra-shadforth/index.html" [1]
2026-08-31 10:40:28 URL:https://qei.org.au/wp-content/themes/qei/css/custom-styles.css?ver=1788134331 [140055/140055] -> "raw-site/qei.org.au/wp-content/themes/qei/css/custom-styles.css@ver=1788134331.css" [1]
https://qei.org.au/wp-content/themes/qei/css/owl.video.play.png:
2026-08-31 10:40:29 ERROR 404: Not Found.
https://qei.org.au/wp-content/themes/qei/fonts/slick.eot:
2026-08-31 10:40:30 ERROR 404: Not Found.
https://qei.org.au/wp-content/themes/qei/fonts/slick.eot?:
2026-08-31 10:40:31 ERROR 404: Not Found.
https://qei.org.au/wp-content/themes/qei/fonts/slick.woff:
2026-08-31 10:40:33 ERROR 404: Not Found.
https://qei.org.au/wp-content/themes/qei/fonts/slick.ttf:
2026-08-31 10:40:34 ERROR 404: Not Found.
https://qei.org.au/wp-content/themes/qei/fonts/slick.svg:
2026-08-31 10:40:35 ERROR 404: Not Found.
2026-08-31 10:40:36 URL:https://qei.org.au/research/researchers/dr-beatrix-feigl-md-phd/ [115675] -> "raw-site/qei.org.au/research/researchers/dr-beatrix-feigl-md-phd/index.html" [1]
2026-08-31 10:40:36 URL:https://qei.org.au/wp-content/themes/qei/css/custom-styles.css?ver=1788144606 [140055/140055] -> "raw-site/qei.org.au/wp-content/themes/qei/css/custom-styles.css@ver=1788144606.css" [1]
2026-08-31 10:40:37 URL:https://qei.org.au/wp-content/uploads/2024/09/Beatrix_Feigl_-1430x1430.jpg [189315/189315] -> "raw-site/qei.org.au/wp-content/uploads/2024/09/Beatrix_Feigl_-1430x1430.jpg" [1]
https://qei.org.au/wp-content/themes/qei/css/owl.video.play.png:
2026-08-31 10:40:38 ERROR 404: Not Found.
https://qei.org.au/wp-content/themes/qei/fonts/slick.eot:
2026-08-31 10:40:39 ERROR 404: Not Found.
https://qei.org.au/wp-content/themes/qei/fonts/slick.eot?:
2026-08-31 10:40:41 ERROR 404: Not Found.
https://qei.org.au/wp-content/themes/qei/fonts/slick.woff:
2026-08-31 10:40:42 ERROR 404: Not Found.
https://qei.org.au/wp-content/themes/qei/fonts/slick.ttf:
2026-08-31 10:40:43 ERROR 404: Not Found.
https://qei.org.au/wp-content/themes/qei/fonts/slick.svg:
2026-08-31 10:40:45 ERROR 404: Not Found.
2026-08-31 10:40:45 URL:https://qei.org.au/research/researchers/dr-shuko-suzuki/ [115317] -> "raw-site/qei.org.au/research/researchers/dr-shuko-suzuki/index.html" [1]
2026-08-31 10:40:46 URL:https://qei.org.au/wp-content/themes/qei/css/custom-styles.css?ver=1788144636 [140055/140055] -> "raw-site/qei.org.au/wp-content/themes/qei/css/custom-styles.css@ver=1788144636.css" [1]
2026-08-31 10:40:46 URL:https://qei.org.au/wp-content/uploads/2019/08/Shuko-Suzuki-2-1430x1430.jpg [145630/145630] -> "raw-site/qei.org.au/wp-content/uploads/2019/08/Shuko-Suzuki-2-1430x1430.jpg" [1]
https://qei.org.au/wp-content/themes/qei/css/owl.video.play.png:
2026-08-31 10:40:47 ERROR 404: Not Found.
https://qei.org.au/wp-content/themes/qei/fonts/slick.eot:
2026-08-31 10:40:49 ERROR 404: Not Found.
https://qei.org.au/wp-content/themes/qei/fonts/slick.eot?:
2026-08-31 10:40:50 ERROR 404: Not Found.
https://qei.org.au/wp-content/themes/qei/fonts/slick.woff:
2026-08-31 10:40:52 ERROR 404: Not Found.
https://qei.org.au/wp-content/themes/qei/fonts/slick.ttf:
2026-08-31 10:40:53 ERROR 404: Not Found.
https://qei.org.au/wp-content/themes/qei/fonts/slick.svg:
2026-08-31 10:40:54 ERROR 404: Not Found.
2026-08-31 10:40:55 URL:https://qei.org.au/research/researchers/dr-tim-dargaville/ [115511] -> "raw-site/qei.org.au/research/researchers/dr-tim-dargaville/index.html" [1]
2026-08-31 10:40:55 URL:https://qei.org.au/wp-content/themes/qei/css/custom-styles.css?ver=1788144639 [140055/140055] -> "raw-site/qei.org.au/wp-content/themes/qei/css/custom-styles.css@ver=1788144639.css" [1]
2026-08-31 10:40:56 URL:https://qei.org.au/wp-content/uploads/2019/03/Tim-Dargaville-675x450.jpg [37898/37898] -> "raw-site/qei.org.au/wp-content/uploads/2019/03/Tim-Dargaville-675x450.jpg" [1]
https://qei.org.au/wp-content/themes/qei/css/owl.video.play.png:
2026-08-31 10:40:57 ERROR 404: Not Found.
https://qei.org.au/wp-content/themes/qei/fonts/slick.eot:
2026-08-31 10:40:59 ERROR 404: Not Found.
https://qei.org.au/wp-content/themes/qei/fonts/slick.eot?:
2026-08-31 10:41:00 ERROR 404: Not Found.
https://qei.org.au/wp-content/themes/qei/fonts/slick.woff:
2026-08-31 10:41:01 ERROR 404: Not Found.
https://qei.org.au/wp-content/themes/qei/fonts/slick.ttf:
2026-08-31 10:41:02 ERROR 404: Not Found.
https://qei.org.au/wp-content/themes/qei/fonts/slick.svg:
2026-08-31 10:41:04 ERROR 404: Not Found.
2026-08-31 10:41:04 URL:https://qei.org.au/research/researchers/professor-damien-harkin/ [110650] -> "raw-site/qei.org.au/research/researchers/professor-damien-harkin/index.html" [1]
2026-08-31 10:41:05 URL:https://qei.org.au/wp-content/themes/qei/css/custom-styles.css?ver=1788134328 [140055/140055] -> "raw-site/qei.org.au/wp-content/themes/qei/css/custom-styles.css@ver=1788134328.css" [1]
2026-08-31 10:41:05 URL:https://qei.org.au/wp-content/uploads/2019/03/QEI_0170_web-300x450.jpg [26133/26133] -> "raw-site/qei.org.au/wp-content/uploads/2019/03/QEI_0170_web-300x450.jpg" [1]
https://qei.org.au/wp-content/themes/qei/css/owl.video.play.png:
2026-08-31 10:41:06 ERROR 404: Not Found.
https://qei.org.au/wp-content/themes/qei/fonts/slick.eot:
2026-08-31 10:41:08 ERROR 404: Not Found.
https://qei.org.au/wp-content/themes/qei/fonts/slick.eot?:
2026-08-31 10:41:09 ERROR 404: Not Found.
https://qei.org.au/wp-content/themes/qei/fonts/slick.woff:
2026-08-31 10:41:10 ERROR 404: Not Found.
https://qei.org.au/wp-content/themes/qei/fonts/slick.ttf:
2026-08-31 10:41:12 ERROR 404: Not Found.
https://qei.org.au/wp-content/themes/qei/fonts/slick.svg:
2026-08-31 10:41:13 ERROR 404: Not Found.
2026-08-31 10:41:13 URL:https://qei.org.au/research/researchers/professor-justine-smith/ [116979] -> "raw-site/qei.org.au/research/researchers/professor-justine-smith/index.html" [1]
2026-08-31 10:41:14 URL:https://qei.org.au/wp-content/themes/qei/css/custom-styles.css?ver=1788162817 [140055/140055] -> "raw-site/qei.org.au/wp-content/themes/qei/css/custom-styles.css@ver=1788162817.css" [1]
https://qei.org.au/wp-content/themes/qei/css/owl.video.play.png:
2026-08-31 10:41:15 ERROR 404: Not Found.
https://qei.org.au/wp-content/themes/qei/fonts/slick.eot:
2026-08-31 10:41:16 ERROR 404: Not Found.
https://qei.org.au/wp-content/themes/qei/fonts/slick.eot?:
2026-08-31 10:41:18 ERROR 404: Not Found.
https://qei.org.au/wp-content/themes/qei/fonts/slick.woff:
2026-08-31 10:41:19 ERROR 404: Not Found.
https://qei.org.au/wp-content/themes/qei/fonts/slick.ttf:
2026-08-31 10:41:20 ERROR 404: Not Found.
https://qei.org.au/wp-content/themes/qei/fonts/slick.svg:
2026-08-31 10:41:22 ERROR 404: Not Found.
2026-08-31 10:41:22 URL:https://qei.org.au/research/researchers/professor-lawrence-hirst/ [113520] -> "raw-site/qei.org.au/research/researchers/professor-lawrence-hirst/index.html" [1]
2026-08-31 10:41:23 URL:https://qei.org.au/wp-content/themes/qei/css/custom-styles.css?ver=1788134333 [140055/140055] -> "raw-site/qei.org.au/wp-content/themes/qei/css/custom-styles.css@ver=1788134333.css" [1]
2026-08-31 10:41:23 URL:https://qei.org.au/wp-content/uploads/2019/08/Lawrie-Hirst-210x297mm-A4-300dpi-1011x1430.jpg [211243/211243] -> "raw-site/qei.org.au/wp-content/uploads/2019/08/Lawrie-Hirst-210x297mm-A4-300dpi-1011x1430.jpg" [1]
https://qei.org.au/wp-content/themes/qei/css/owl.video.play.png:
2026-08-31 10:41:25 ERROR 404: Not Found.
https://qei.org.au/wp-content/themes/qei/fonts/slick.eot:
2026-08-31 10:41:26 ERROR 404: Not Found.
https://qei.org.au/wp-content/themes/qei/fonts/slick.eot?:
2026-08-31 10:41:27 ERROR 404: Not Found.
https://qei.org.au/wp-content/themes/qei/fonts/slick.woff:
2026-08-31 10:41:29 ERROR 404: Not Found.
https://qei.org.au/wp-content/themes/qei/fonts/slick.ttf:
2026-08-31 10:41:30 ERROR 404: Not Found.
https://qei.org.au/wp-content/themes/qei/fonts/slick.svg:
2026-08-31 10:41:31 ERROR 404: Not Found.
2026-08-31 10:41:32 URL:https://qei.org.au/research/researchers/professor-timothy-sullivan/ [113054] -> "raw-site/qei.org.au/research/researchers/professor-timothy-sullivan/index.html" [1]
2026-08-31 10:41:32 URL:https://qei.org.au/wp-content/themes/qei/css/custom-styles.css?ver=1788137397 [140055/140055] -> "raw-site/qei.org.au/wp-content/themes/qei/css/custom-styles.css@ver=1788137397.css" [1]
https://qei.org.au/wp-content/themes/qei/css/owl.video.play.png:
2026-08-31 10:41:33 ERROR 404: Not Found.
https://qei.org.au/wp-content/themes/qei/fonts/slick.eot:
2026-08-31 10:41:35 ERROR 404: Not Found.
https://qei.org.au/wp-content/themes/qei/fonts/slick.eot?:
2026-08-31 10:41:36 ERROR 404: Not Found.
https://qei.org.au/wp-content/themes/qei/fonts/slick.woff:
2026-08-31 10:41:37 ERROR 404: Not Found.
https://qei.org.au/wp-content/themes/qei/fonts/slick.ttf:
2026-08-31 10:41:39 ERROR 404: Not Found.
https://qei.org.au/wp-content/themes/qei/fonts/slick.svg:
2026-08-31 10:41:40 ERROR 404: Not Found.
2026-08-31 10:41:40 URL:https://qei.org.au/research/researchers/professor-traian-chirila/ [118194] -> "raw-site/qei.org.au/research/researchers/professor-traian-chirila/index.html" [1]
2026-08-31 10:41:41 URL:https://qei.org.au/wp-content/themes/qei/css/custom-styles.css?ver=1788162815 [140055/140055] -> "raw-site/qei.org.au/wp-content/themes/qei/css/custom-styles.css@ver=1788162815.css" [1]
2026-08-31 10:41:41 URL:https://qei.org.au/wp-content/uploads/2019/08/Traian-Chirila-2-1430x1430.jpg [318502/318502] -> "raw-site/qei.org.au/wp-content/uploads/2019/08/Traian-Chirila-2-1430x1430.jpg" [1]
https://qei.org.au/wp-content/themes/qei/css/owl.video.play.png:
2026-08-31 10:41:43 ERROR 404: Not Found.
https://qei.org.au/wp-content/themes/qei/fonts/slick.eot:
2026-08-31 10:41:44 ERROR 404: Not Found.
https://qei.org.au/wp-content/themes/qei/fonts/slick.eot?:
2026-08-31 10:41:45 ERROR 404: Not Found.
https://qei.org.au/wp-content/themes/qei/fonts/slick.woff:
2026-08-31 10:41:46 ERROR 404: Not Found.
https://qei.org.au/wp-content/themes/qei/fonts/slick.ttf:
2026-08-31 10:41:48 ERROR 404: Not Found.
https://qei.org.au/wp-content/themes/qei/fonts/slick.svg:
2026-08-31 10:41:49 ERROR 404: Not Found.
2026-08-31 10:41:49 URL:https://qei.org.au/services/ [107532] -> "raw-site/qei.org.au/services/index.html" [1]
2026-08-31 10:41:50 URL:https://qei.org.au/wp-content/themes/qei/css/custom-styles.css?ver=1788144601 [140055/140055] -> "raw-site/qei.org.au/wp-content/themes/qei/css/custom-styles.css@ver=1788144601.css" [1]
https://qei.org.au/wp-content/themes/qei/css/owl.video.play.png:
2026-08-31 10:41:51 ERROR 404: Not Found.
https://qei.org.au/wp-content/themes/qei/fonts/slick.eot:
2026-08-31 10:41:53 ERROR 404: Not Found.
https://qei.org.au/wp-content/themes/qei/fonts/slick.eot?:
2026-08-31 10:41:54 ERROR 404: Not Found.
https://qei.org.au/wp-content/themes/qei/fonts/slick.woff:
2026-08-31 10:41:55 ERROR 404: Not Found.
https://qei.org.au/wp-content/themes/qei/fonts/slick.ttf:
2026-08-31 10:41:57 ERROR 404: Not Found.
https://qei.org.au/wp-content/themes/qei/fonts/slick.svg:
2026-08-31 10:41:58 ERROR 404: Not Found.
2026-08-31 10:41:58 URL:https://qei.org.au/services/qei-electro-diagnostic-and-imaging-centre/ [116422] -> "raw-site/qei.org.au/services/qei-electro-diagnostic-and-imaging-centre/index.html" [1]
2026-08-31 10:41:59 URL:https://qei.org.au/wp-content/themes/qei/css/custom-styles.css?ver=1788163054 [140055/140055] -> "raw-site/qei.org.au/wp-content/themes/qei/css/custom-styles.css@ver=1788163054.css" [1]
2026-08-31 10:42:00 URL:https://qei.org.au/wp-content/uploads/2019/04/QEI_0444_web-674x450.jpg [34674/34674] -> "raw-site/qei.org.au/wp-content/uploads/2019/04/QEI_0444_web-674x450.jpg" [1]
2026-08-31 10:42:00 URL:https://qei.org.au/wp-content/uploads/2019/02/qedic.png [4385/4385] -> "raw-site/qei.org.au/wp-content/uploads/2019/02/qedic.png" [1]
https://qei.org.au/wp-content/themes/qei/css/owl.video.play.png:
2026-08-31 10:42:01 ERROR 404: Not Found.
https://qei.org.au/wp-content/themes/qei/fonts/slick.eot:
2026-08-31 10:42:03 ERROR 404: Not Found.
https://qei.org.au/wp-content/themes/qei/fonts/slick.eot?:
2026-08-31 10:42:04 ERROR 404: Not Found.
https://qei.org.au/wp-content/themes/qei/fonts/slick.woff:
2026-08-31 10:42:05 ERROR 404: Not Found.
https://qei.org.au/wp-content/themes/qei/fonts/slick.ttf:
2026-08-31 10:42:07 ERROR 404: Not Found.
https://qei.org.au/wp-content/themes/qei/fonts/slick.svg:
2026-08-31 10:42:08 ERROR 404: Not Found.
2026-08-31 10:42:08 URL:https://qei.org.au/services/southbank-day-hospital/ [119254] -> "raw-site/qei.org.au/services/southbank-day-hospital/index.html" [1]
2026-08-31 10:42:09 URL:https://qei.org.au/wp-content/themes/qei/css/custom-styles.css?ver=1788163049 [140055/140055] -> "raw-site/qei.org.au/wp-content/themes/qei/css/custom-styles.css@ver=1788163049.css" [1]
2026-08-31 10:42:09 URL:https://qei.org.au/wp-content/uploads/2019/02/south-banner-677x450.png [528716/528716] -> "raw-site/qei.org.au/wp-content/uploads/2019/02/south-banner-677x450.png" [1]
https://qei.org.au/wp-content/themes/qei/css/owl.video.play.png:
2026-08-31 10:42:11 ERROR 404: Not Found.
https://qei.org.au/wp-content/themes/qei/fonts/slick.eot:
2026-08-31 10:42:12 ERROR 404: Not Found.
https://qei.org.au/wp-content/themes/qei/fonts/slick.eot?:
2026-08-31 10:42:13 ERROR 404: Not Found.
https://qei.org.au/wp-content/themes/qei/fonts/slick.woff:
2026-08-31 10:42:15 ERROR 404: Not Found.
https://qei.org.au/wp-content/themes/qei/fonts/slick.ttf:
2026-08-31 10:42:16 ERROR 404: Not Found.
https://qei.org.au/wp-content/themes/qei/fonts/slick.svg:
2026-08-31 10:42:17 ERROR 404: Not Found.
2026-08-31 10:42:18 URL:https://qei.org.au/share-your-story/ [109767] -> "raw-site/qei.org.au/share-your-story/index.html" [1]
2026-08-31 10:42:18 URL:https://qei.org.au/wp-content/themes/qei/css/custom-styles.css?ver=1788169723 [140055/140055] -> "raw-site/qei.org.au/wp-content/themes/qei/css/custom-styles.css@ver=1788169723.css" [1]
https://qei.org.au/wp-content/themes/qei/css/owl.video.play.png:
2026-08-31 10:42:19 ERROR 404: Not Found.
https://qei.org.au/wp-content/themes/qei/fonts/slick.eot:
2026-08-31 10:42:21 ERROR 404: Not Found.
https://qei.org.au/wp-content/themes/qei/fonts/slick.eot?:
2026-08-31 10:42:22 ERROR 404: Not Found.
https://qei.org.au/wp-content/themes/qei/fonts/slick.woff:
2026-08-31 10:42:23 ERROR 404: Not Found.
https://qei.org.au/wp-content/themes/qei/fonts/slick.ttf:
2026-08-31 10:42:25 ERROR 404: Not Found.
https://qei.org.au/wp-content/themes/qei/fonts/slick.svg:
2026-08-31 10:42:26 ERROR 404: Not Found.
2026-08-31 10:42:26 URL:https://qei.org.au/terms-and-conditions/ [111381] -> "raw-site/qei.org.au/terms-and-conditions/index.html" [1]
2026-08-31 10:42:27 URL:https://qei.org.au/wp-content/themes/qei/css/custom-styles.css?ver=1788162957 [140055/140055] -> "raw-site/qei.org.au/wp-content/themes/qei/css/custom-styles.css@ver=1788162957.css" [1]
https://qei.org.au/wp-content/themes/qei/css/owl.video.play.png:
2026-08-31 10:42:28 ERROR 404: Not Found.
https://qei.org.au/wp-content/themes/qei/fonts/slick.eot:
2026-08-31 10:42:29 ERROR 404: Not Found.
https://qei.org.au/wp-content/themes/qei/fonts/slick.eot?:
2026-08-31 10:42:31 ERROR 404: Not Found.
https://qei.org.au/wp-content/themes/qei/fonts/slick.woff:
2026-08-31 10:42:32 ERROR 404: Not Found.
https://qei.org.au/wp-content/themes/qei/fonts/slick.ttf:
2026-08-31 10:42:33 ERROR 404: Not Found.
https://qei.org.au/wp-content/themes/qei/fonts/slick.svg:
2026-08-31 10:42:35 ERROR 404: Not Found.
2026-08-31 10:42:35 URL:https://qei.org.au/thank-you-for-donating/ [109392] -> "raw-site/qei.org.au/thank-you-for-donating/index.html" [1]
2026-08-31 10:42:36 URL:https://qei.org.au/wp-content/themes/qei/css/custom-styles.css?ver=1788162888 [140055/140055] -> "raw-site/qei.org.au/wp-content/themes/qei/css/custom-styles.css@ver=1788162888.css" [1]
2026-08-31 10:42:36 URL:https://qei.org.au/wp-content/uploads/2020/01/shutterstock_381015883-1430x955.jpg [135483/135483] -> "raw-site/qei.org.au/wp-content/uploads/2020/01/shutterstock_381015883-1430x955.jpg" [1]
https://qei.org.au/wp-content/themes/qei/css/owl.video.play.png:
2026-08-31 10:42:37 ERROR 404: Not Found.
https://qei.org.au/wp-content/themes/qei/fonts/slick.eot:
2026-08-31 10:42:39 ERROR 404: Not Found.
https://qei.org.au/wp-content/themes/qei/fonts/slick.eot?:
2026-08-31 10:42:40 ERROR 404: Not Found.
https://qei.org.au/wp-content/themes/qei/fonts/slick.woff:
2026-08-31 10:42:41 ERROR 404: Not Found.
https://qei.org.au/wp-content/themes/qei/fonts/slick.ttf:
2026-08-31 10:42:43 ERROR 404: Not Found.
https://qei.org.au/wp-content/themes/qei/fonts/slick.svg:
2026-08-31 10:42:44 ERROR 404: Not Found.
2026-08-31 10:42:44 URL:https://qei.org.au/wp-content/uploads/2015/02/Prof-Traian-Chirila.jpg [294974/294974] -> "raw-site/qei.org.au/wp-content/uploads/2015/02/Prof-Traian-Chirila.jpg" [1]
2026-08-31 10:42:45 URL:https://qei.org.au/wp-content/uploads/2019/02/CP_web2-1.jpg [196938/196938] -> "raw-site/qei.org.au/wp-content/uploads/2019/02/CP_web2-1.jpg" [1]
2026-08-31 10:42:45 URL:https://qei.org.au/wp-content/uploads/2019/02/Johns-story-photo-v1.jpg [233318/233318] -> "raw-site/qei.org.au/wp-content/uploads/2019/02/Johns-story-photo-v1.jpg" [1]
2026-08-31 10:42:46 URL:https://qei.org.au/wp-content/uploads/2019/02/Phoebe-e1553234462593.jpg [425846/425846] -> "raw-site/qei.org.au/wp-content/uploads/2019/02/Phoebe-e1553234462593.jpg" [1]
2026-08-31 10:42:46 URL:https://qei.org.au/wp-content/uploads/2019/02/blackout-e1561432441147.jpg [138784/138784] -> "raw-site/qei.org.au/wp-content/uploads/2019/02/blackout-e1561432441147.jpg" [1]
2026-08-31 10:42:47 URL:https://qei.org.au/wp-content/uploads/2019/02/clinic-trials-banner.png [378140/378140] -> "raw-site/qei.org.au/wp-content/uploads/2019/02/clinic-trials-banner.png" [1]
2026-08-31 10:42:48 URL:https://qei.org.au/wp-content/uploads/2019/02/donate-e1554271244487.jpg [77840/77840] -> "raw-site/qei.org.au/wp-content/uploads/2019/02/donate-e1554271244487.jpg" [1]
2026-08-31 10:42:48 URL:https://qei.org.au/wp-content/uploads/2019/02/our-vision-banner.png [418317/418317] -> "raw-site/qei.org.au/wp-content/uploads/2019/02/our-vision-banner.png" [1]
2026-08-31 10:42:49 URL:https://qei.org.au/wp-content/uploads/2019/02/story3-e1561432269207.png [565958/565958] -> "raw-site/qei.org.au/wp-content/uploads/2019/02/story3-e1561432269207.png" [1]
2026-08-31 10:42:49 URL:https://qei.org.au/wp-content/uploads/2019/02/story5-e1561432546788.png [889401/889401] -> "raw-site/qei.org.au/wp-content/uploads/2019/02/story5-e1561432546788.png" [1]
2026-08-31 10:42:50 URL:https://qei.org.au/wp-content/uploads/2019/04/QEI_0468_A1.jpg [197258/197258] -> "raw-site/qei.org.au/wp-content/uploads/2019/04/QEI_0468_A1.jpg" [1]
2026-08-31 10:42:50 URL:https://qei.org.au/wp-content/uploads/2019/07/home-banner-img-1.png [2756307/2756307] -> "raw-site/qei.org.au/wp-content/uploads/2019/07/home-banner-img-1.png" [1]
2026-08-31 10:42:51 URL:https://qei.org.au/wp-content/uploads/2019/10/Geoffrey-Ryan.jpg [2067777/2067777] -> "raw-site/qei.org.au/wp-content/uploads/2019/10/Geoffrey-Ryan.jpg" [1]
2026-08-31 10:42:51 URL:https://qei.org.au/wp-content/uploads/2020/01/Doctors-with-new-machine.jpg [2768940/2768940] -> "raw-site/qei.org.au/wp-content/uploads/2020/01/Doctors-with-new-machine.jpg" [1]
2026-08-31 10:42:52 URL:https://qei.org.au/wp-content/uploads/2020/01/shutterstock_381015883.jpg [10045619/10045619] -> "raw-site/qei.org.au/wp-content/uploads/2020/01/shutterstock_381015883.jpg" [1]
2026-08-31 10:42:52 URL:https://qei.org.au/wp-content/uploads/2020/02/Dr-Onur-New-Researcher.jpg [1864740/1864740] -> "raw-site/qei.org.au/wp-content/uploads/2020/02/Dr-Onur-New-Researcher.jpg" [1]
2026-08-31 10:42:53 URL:https://qei.org.au/wp-content/uploads/2020/03/Dr-Gunn-SCOPE.jpg [4006004/4006004] -> "raw-site/qei.org.au/wp-content/uploads/2020/03/Dr-Gunn-SCOPE.jpg" [1]
2026-08-31 10:42:53 URL:https://qei.org.au/wp-content/uploads/2020/04/pexels-photo-3861957.jpeg [149840/149840] -> "raw-site/qei.org.au/wp-content/uploads/2020/04/pexels-photo-3861957.jpeg" [1]
2026-08-31 10:42:54 URL:https://qei.org.au/wp-content/uploads/2020/05/Dr-Brendan-Cronin-3.jpg [1259730/1259730] -> "raw-site/qei.org.au/wp-content/uploads/2020/05/Dr-Brendan-Cronin-3.jpg" [1]
2026-08-31 10:42:54 URL:https://qei.org.au/wp-content/uploads/2020/05/Dr-Kwan-Channel-9-interview.jpg [2332331/2332331] -> "raw-site/qei.org.au/wp-content/uploads/2020/05/Dr-Kwan-Channel-9-interview.jpg" [1]
2026-08-31 10:42:55 URL:https://qei.org.au/wp-content/uploads/2020/05/QEI_0081_A1.jpg [8073250/8073250] -> "raw-site/qei.org.au/wp-content/uploads/2020/05/QEI_0081_A1.jpg" [1]
2026-08-31 10:42:55 URL:https://qei.org.au/wp-content/uploads/2020/07/IMG_5993.jpg [6320544/6320544] -> "raw-site/qei.org.au/wp-content/uploads/2020/07/IMG_5993.jpg" [1]
2026-08-31 10:42:56 URL:https://qei.org.au/wp-content/uploads/2020/08/Adrian-Brown-1-e1598572370987.png [2664885/2664885] -> "raw-site/qei.org.au/wp-content/uploads/2020/08/Adrian-Brown-1-e1598572370987.png" [1]
2026-08-31 10:42:57 URL:https://qei.org.au/wp-content/uploads/2020/08/Bojana.jpg [2250533/2250533] -> "raw-site/qei.org.au/wp-content/uploads/2020/08/Bojana.jpg" [1]
2026-08-31 10:42:57 URL:https://qei.org.au/wp-content/uploads/2021/02/Dr-Mark-Chiang.jpg [247180/247180] -> "raw-site/qei.org.au/wp-content/uploads/2021/02/Dr-Mark-Chiang.jpg" [1]
2026-08-31 10:42:58 URL:https://qei.org.au/wp-content/uploads/2021/03/0Y7A3389.jpg [1989318/1989318] -> "raw-site/qei.org.au/wp-content/uploads/2021/03/0Y7A3389.jpg" [1]
2026-08-31 10:42:58 URL:https://qei.org.au/wp-content/uploads/2021/10/Grilled-lime-salmon-with-mango-avocado-salsa-and-coconut-rice-on-a-table.-The-meal-is-promoting-Healthy-Eating-for-Healthy-Eyes..jpg [2540511/2540511] -> "raw-site/qei.org.au/wp-content/uploads/2021/10/Grilled-lime-salmon-with-mango-avocado-salsa-and-coconut-rice-on-a-table.-The-meal-is-promoting-Healthy-Eating-for-Healthy-Eyes..jpg" [1]
2026-08-31 10:42:59 URL:https://qei.org.au/wp-content/uploads/2021/10/Human-Eye-Anatomy.jpg [1225919/1225919] -> "raw-site/qei.org.au/wp-content/uploads/2021/10/Human-Eye-Anatomy.jpg" [1]
2026-08-31 10:42:59 URL:https://qei.org.au/wp-content/uploads/2021/10/Page-1-and-Page-4-image-Dr-Abhishek-Sharma-examing-patient-at-Queensland-Eye-Institute.jpg [7467065/7467065] -> "raw-site/qei.org.au/wp-content/uploads/2021/10/Page-1-and-Page-4-image-Dr-Abhishek-Sharma-examing-patient-at-Queensland-Eye-Institute.jpg" [1]
2026-08-31 10:43:00 URL:https://qei.org.au/wp-content/uploads/2021/11/Edited-width-National-Sunglasses-Day-Flyer-for-website.jpg [1038033/1038033] -> "raw-site/qei.org.au/wp-content/uploads/2021/11/Edited-width-National-Sunglasses-Day-Flyer-for-website.jpg" [1]
2026-08-31 10:43:00 URL:https://qei.org.au/wp-content/uploads/2022/04/Donated-glasses-in-foreground-with-QEI-logo-in-background-for-page-7.jpg [984321/984321] -> "raw-site/qei.org.au/wp-content/uploads/2022/04/Donated-glasses-in-foreground-with-QEI-logo-in-background-for-page-7.jpg" [1]
2026-08-31 10:43:01 URL:https://qei.org.au/wp-content/uploads/2022/04/Stages-of-Glaucoma.jpeg [1164455/1164455] -> "raw-site/qei.org.au/wp-content/uploads/2022/04/Stages-of-Glaucoma.jpeg" [1]
2026-08-31 10:43:01 URL:https://qei.org.au/wp-content/uploads/2022/08/Biotester-at-George-E.-Palade-University-of-Medicine-Pharmacy-Science-and-Technology-UMFST-of-T%C3%A2rgu-Mures-Romania.jpeg [2602130/2602130] -> "raw-site/qei.org.au/wp-content/uploads/2022/08/Biotester-at-George-E.-Palade-University-of-Medicine-Pharmacy-Science-and-Technology-UMFST-of-Târgu-Mures-Romania.jpeg" [1]
2026-08-31 10:43:02 URL:https://qei.org.au/wp-content/uploads/2022/09/Jane-Prentice.jpg [1355603/1355603] -> "raw-site/qei.org.au/wp-content/uploads/2022/09/Jane-Prentice.jpg" [1]
2026-08-31 10:43:02 URL:https://qei.org.au/wp-content/uploads/2022/11/Associate-Professor-Anthony-Kwan.jpg [934528/934528] -> "raw-site/qei.org.au/wp-content/uploads/2022/11/Associate-Professor-Anthony-Kwan.jpg" [1]
2026-08-31 10:43:03 URL:https://qei.org.au/wp-content/uploads/2022/11/Christmas-decorations.jpeg [655451/655451] -> "raw-site/qei.org.au/wp-content/uploads/2022/11/Christmas-decorations.jpeg" [1]
2026-08-31 10:43:03 URL:https://qei.org.au/wp-content/uploads/2022/11/Dr-Geoffrey-Ryan.jpg [9027046/9027046] -> "raw-site/qei.org.au/wp-content/uploads/2022/11/Dr-Geoffrey-Ryan.jpg" [1]
2026-08-31 10:43:04 URL:https://qei.org.au/wp-content/uploads/2023/02/Oliver-Fanshawe-with-artist-Gary-Myers-and-Seeing-Eye-Dog-Sadie.jpg [1619096/1619096] -> "raw-site/qei.org.au/wp-content/uploads/2023/02/Oliver-Fanshawe-with-artist-Gary-Myers-and-Seeing-Eye-Dog-Sadie.jpg" [1]
2026-08-31 10:43:04 URL:https://qei.org.au/wp-content/uploads/2023/11/QEI-clinic-administration-team.jpg [747394/747394] -> "raw-site/qei.org.au/wp-content/uploads/2023/11/QEI-clinic-administration-team.jpg" [1]
2026-08-31 10:43:05 URL:https://qei.org.au/wp-content/uploads/2024/01/Dr-Geoff-Ryan.jpg [626837/626837] -> "raw-site/qei.org.au/wp-content/uploads/2024/01/Dr-Geoff-Ryan.jpg" [1]
2026-08-31 10:43:06 URL:https://qei.org.au/wp-content/uploads/2025/07/20250515_QEI-student-research-1_Web.jpg [847212/847212] -> "raw-site/qei.org.au/wp-content/uploads/2025/07/20250515_QEI-student-research-1_Web.jpg" [1]
2026-08-31 10:43:06 URL:https://qei.org.au/wp-content/uploads/2025/08/20250724_QEI-silk-sericin-research-7_Web.jpg [539641/539641] -> "raw-site/qei.org.au/wp-content/uploads/2025/08/20250724_QEI-silk-sericin-research-7_Web.jpg" [1]
2026-08-31 10:43:07 URL:https://qei.org.au/wp-content/uploads/2025/11/20250206_QEI-Eyecure-thumbnail-1_HighRes.jpg [8984693/8984693] -> "raw-site/qei.org.au/wp-content/uploads/2025/11/20250206_QEI-Eyecure-thumbnail-1_HighRes.jpg" [1]
2026-08-31 10:43:07 URL:https://qei.org.au/wp-content/uploads/2026/01/20250822_QEI-TinaHuynh-1_Web.jpg [606167/606167] -> "raw-site/qei.org.au/wp-content/uploads/2026/01/20250822_QEI-TinaHuynh-1_Web.jpg" [1]
2026-08-31 10:43:08 URL:https://qei.org.au/wp-content/uploads/2026/01/QA-logo-1-e1771289682384.jpg [13016/13016] -> "raw-site/qei.org.au/wp-content/uploads/2026/01/QA-logo-1-e1771289682384.jpg" [1]
2026-08-31 10:43:08 URL:https://qei.org.au/wp-content/uploads/2026/02/Screen-image-Guide-to-Ophthalmology.png [4478193/4478193] -> "raw-site/qei.org.au/wp-content/uploads/2026/02/Screen-image-Guide-to-Ophthalmology.png" [1]
2026-08-31 10:43:09 URL:https://qei.org.au/wp-content/uploads/2026/03/20260206_QEI-AsiaPacificOphthalmologyAssocCongress-1_Web.jpg [1399851/1399851] -> "raw-site/qei.org.au/wp-content/uploads/2026/03/20260206_QEI-AsiaPacificOphthalmologyAssocCongress-1_Web.jpg" [1]
2026-08-31 10:43:09 URL:https://qei.org.au/wp-content/uploads/2026/03/Museum-Cabinet.png [5440146/5440146] -> "raw-site/qei.org.au/wp-content/uploads/2026/03/Museum-Cabinet.png" [1]
2026-08-31 10:43:10 URL:https://qei.org.au/wpa-stats-type/android/ [106017] -> "raw-site/qei.org.au/wpa-stats-type/android/index.html" [1]
2026-08-31 10:43:10 URL:https://qei.org.au/wp-content/themes/qei/css/custom-styles.css?ver=1788134216 [140055/140055] -> "raw-site/qei.org.au/wp-content/themes/qei/css/custom-styles.css@ver=1788134216.css" [1]
https://qei.org.au/wp-content/themes/qei/css/owl.video.play.png:
2026-08-31 10:43:12 ERROR 404: Not Found.
https://qei.org.au/wp-content/themes/qei/fonts/slick.eot:
2026-08-31 10:43:13 ERROR 404: Not Found.
https://qei.org.au/wp-content/themes/qei/fonts/slick.eot?:
2026-08-31 10:43:14 ERROR 404: Not Found.
https://qei.org.au/wp-content/themes/qei/fonts/slick.woff:
2026-08-31 10:43:16 ERROR 404: Not Found.
https://qei.org.au/wp-content/themes/qei/fonts/slick.ttf:
2026-08-31 10:43:17 ERROR 404: Not Found.
https://qei.org.au/wp-content/themes/qei/fonts/slick.svg:
2026-08-31 10:43:18 ERROR 404: Not Found.
2026-08-31 10:43:19 URL:https://qei.org.au/wpa-stats-type/chrome/ [104550] -> "raw-site/qei.org.au/wpa-stats-type/chrome/index.html" [1]
2026-08-31 10:43:19 URL:https://qei.org.au/wp-content/themes/qei/css/custom-styles.css?ver=1788134099 [140055/140055] -> "raw-site/qei.org.au/wp-content/themes/qei/css/custom-styles.css@ver=1788134099.css" [1]
https://qei.org.au/wp-content/themes/qei/css/owl.video.play.png:
2026-08-31 10:43:20 ERROR 404: Not Found.
https://qei.org.au/wp-content/themes/qei/fonts/slick.eot:
2026-08-31 10:43:22 ERROR 404: Not Found.
https://qei.org.au/wp-content/themes/qei/fonts/slick.eot?:
2026-08-31 10:43:24 ERROR 404: Not Found.
https://qei.org.au/wp-content/themes/qei/fonts/slick.woff:
2026-08-31 10:43:25 ERROR 404: Not Found.
https://qei.org.au/wp-content/themes/qei/fonts/slick.ttf:
2026-08-31 10:43:27 ERROR 404: Not Found.
https://qei.org.au/wp-content/themes/qei/fonts/slick.svg:
2026-08-31 10:43:28 ERROR 404: Not Found.
2026-08-31 10:43:29 URL:https://qei.org.au/wpa-stats-type/event/ [105979] -> "raw-site/qei.org.au/wpa-stats-type/event/index.html" [1]
2026-08-31 10:43:29 URL:https://qei.org.au/wp-content/themes/qei/css/custom-styles.css?ver=1788134232 [140055/140055] -> "raw-site/qei.org.au/wp-content/themes/qei/css/custom-styles.css@ver=1788134232.css" [1]
https://qei.org.au/wp-content/themes/qei/css/owl.video.play.png:
2026-08-31 10:43:31 ERROR 404: Not Found.
https://qei.org.au/wp-content/themes/qei/fonts/slick.eot:
2026-08-31 10:43:32 ERROR 404: Not Found.
https://qei.org.au/wp-content/themes/qei/fonts/slick.eot?:
2026-08-31 10:43:34 ERROR 404: Not Found.
https://qei.org.au/wp-content/themes/qei/fonts/slick.woff:
2026-08-31 10:43:35 ERROR 404: Not Found.
https://qei.org.au/wp-content/themes/qei/fonts/slick.ttf:
2026-08-31 10:43:36 ERROR 404: Not Found.
https://qei.org.au/wp-content/themes/qei/fonts/slick.svg:
2026-08-31 10:43:37 ERROR 404: Not Found.
2026-08-31 10:43:38 URL:https://qei.org.au/wpa-stats-type/firefox/ [106017] -> "raw-site/qei.org.au/wpa-stats-type/firefox/index.html" [1]
2026-08-31 10:43:39 URL:https://qei.org.au/wp-content/themes/qei/css/custom-styles.css?ver=1788134221 [140055/140055] -> "raw-site/qei.org.au/wp-content/themes/qei/css/custom-styles.css@ver=1788134221.css" [1]
https://qei.org.au/wp-content/themes/qei/css/owl.video.play.png:
2026-08-31 10:43:40 ERROR 404: Not Found.
https://qei.org.au/wp-content/themes/qei/fonts/slick.eot:
2026-08-31 10:43:41 ERROR 404: Not Found.
https://qei.org.au/wp-content/themes/qei/fonts/slick.eot?:
2026-08-31 10:43:43 ERROR 404: Not Found.
https://qei.org.au/wp-content/themes/qei/fonts/slick.woff:
2026-08-31 10:43:44 ERROR 404: Not Found.
https://qei.org.au/wp-content/themes/qei/fonts/slick.ttf:
2026-08-31 10:43:45 ERROR 404: Not Found.
https://qei.org.au/wp-content/themes/qei/fonts/slick.svg:
2026-08-31 10:43:47 ERROR 404: Not Found.
2026-08-31 10:43:47 URL:https://qei.org.au/wpa-stats-type/ipad/ [104415] -> "raw-site/qei.org.au/wpa-stats-type/ipad/index.html" [1]
2026-08-31 10:43:48 URL:https://qei.org.au/wp-content/themes/qei/css/custom-styles.css?ver=1788134227 [140055/140055] -> "raw-site/qei.org.au/wp-content/themes/qei/css/custom-styles.css@ver=1788134227.css" [1]
https://qei.org.au/wp-content/themes/qei/css/owl.video.play.png:
2026-08-31 10:43:49 ERROR 404: Not Found.
https://qei.org.au/wp-content/themes/qei/fonts/slick.eot:
2026-08-31 10:43:51 ERROR 404: Not Found.
https://qei.org.au/wp-content/themes/qei/fonts/slick.eot?:
2026-08-31 10:43:52 ERROR 404: Not Found.
https://qei.org.au/wp-content/themes/qei/fonts/slick.woff:
2026-08-31 10:43:54 ERROR 404: Not Found.
https://qei.org.au/wp-content/themes/qei/fonts/slick.ttf:
2026-08-31 10:43:55 ERROR 404: Not Found.
https://qei.org.au/wp-content/themes/qei/fonts/slick.svg:
2026-08-31 10:43:57 ERROR 404: Not Found.
2026-08-31 10:43:57 URL:https://qei.org.au/wpa-stats-type/iphone/ [104450] -> "raw-site/qei.org.au/wpa-stats-type/iphone/index.html" [1]
2026-08-31 10:43:58 URL:https://qei.org.au/wp-content/themes/qei/css/custom-styles.css?ver=1788134102 [140055/140055] -> "raw-site/qei.org.au/wp-content/themes/qei/css/custom-styles.css@ver=1788134102.css" [1]
https://qei.org.au/wp-content/themes/qei/css/owl.video.play.png:
2026-08-31 10:43:59 ERROR 404: Not Found.
https://qei.org.au/wp-content/themes/qei/fonts/slick.eot:
2026-08-31 10:44:01 ERROR 404: Not Found.
https://qei.org.au/wp-content/themes/qei/fonts/slick.eot?:
2026-08-31 10:44:02 ERROR 404: Not Found.
https://qei.org.au/wp-content/themes/qei/fonts/slick.woff:
2026-08-31 10:44:03 ERROR 404: Not Found.
https://qei.org.au/wp-content/themes/qei/fonts/slick.ttf:
2026-08-31 10:44:05 ERROR 404: Not Found.
https://qei.org.au/wp-content/themes/qei/fonts/slick.svg:
2026-08-31 10:44:06 ERROR 404: Not Found.
2026-08-31 10:44:06 URL:https://qei.org.au/wpa-stats-type/linux/ [105979] -> "raw-site/qei.org.au/wpa-stats-type/linux/index.html" [1]
2026-08-31 10:44:07 URL:https://qei.org.au/wp-content/themes/qei/css/custom-styles.css?ver=1788134224 [140055/140055] -> "raw-site/qei.org.au/wp-content/themes/qei/css/custom-styles.css@ver=1788134224.css" [1]
https://qei.org.au/wp-content/themes/qei/css/owl.video.play.png:
2026-08-31 10:44:08 ERROR 404: Not Found.
https://qei.org.au/wp-content/themes/qei/fonts/slick.eot:
2026-08-31 10:44:10 ERROR 404: Not Found.
https://qei.org.au/wp-content/themes/qei/fonts/slick.eot?:
2026-08-31 10:44:11 ERROR 404: Not Found.
https://qei.org.au/wp-content/themes/qei/fonts/slick.woff:
2026-08-31 10:44:12 ERROR 404: Not Found.
https://qei.org.au/wp-content/themes/qei/fonts/slick.ttf:
2026-08-31 10:44:14 ERROR 404: Not Found.
https://qei.org.au/wp-content/themes/qei/fonts/slick.svg:
2026-08-31 10:44:15 ERROR 404: Not Found.
2026-08-31 10:44:16 URL:https://qei.org.au/wpa-stats-type/macintosh/ [106055] -> "raw-site/qei.org.au/wpa-stats-type/macintosh/index.html" [1]
2026-08-31 10:44:16 URL:https://qei.org.au/wp-content/themes/qei/css/custom-styles.css?ver=1788134104 [140055/140055] -> "raw-site/qei.org.au/wp-content/themes/qei/css/custom-styles.css@ver=1788134104.css" [1]
https://qei.org.au/wp-content/themes/qei/css/owl.video.play.png:
2026-08-31 10:44:17 ERROR 404: Not Found.
https://qei.org.au/wp-content/themes/qei/fonts/slick.eot:
2026-08-31 10:44:19 ERROR 404: Not Found.
https://qei.org.au/wp-content/themes/qei/fonts/slick.eot?:
2026-08-31 10:44:20 ERROR 404: Not Found.
https://qei.org.au/wp-content/themes/qei/fonts/slick.woff:
2026-08-31 10:44:22 ERROR 404: Not Found.
https://qei.org.au/wp-content/themes/qei/fonts/slick.ttf:
2026-08-31 10:44:23 ERROR 404: Not Found.
https://qei.org.au/wp-content/themes/qei/fonts/slick.svg:
2026-08-31 10:44:24 ERROR 404: Not Found.
2026-08-31 10:44:25 URL:https://qei.org.au/wpa-stats-type/opera/ [105979] -> "raw-site/qei.org.au/wpa-stats-type/opera/index.html" [1]
2026-08-31 10:44:25 URL:https://qei.org.au/wp-content/themes/qei/css/custom-styles.css?ver=1788137455 [140055/140055] -> "raw-site/qei.org.au/wp-content/themes/qei/css/custom-styles.css@ver=1788137455.css" [1]
https://qei.org.au/wp-content/themes/qei/css/owl.video.play.png:
2026-08-31 10:44:27 ERROR 404: Not Found.
https://qei.org.au/wp-content/themes/qei/fonts/slick.eot:
2026-08-31 10:44:28 ERROR 404: Not Found.
https://qei.org.au/wp-content/themes/qei/fonts/slick.eot?:
2026-08-31 10:44:29 ERROR 404: Not Found.
https://qei.org.au/wp-content/themes/qei/fonts/slick.woff:
2026-08-31 10:44:31 ERROR 404: Not Found.
https://qei.org.au/wp-content/themes/qei/fonts/slick.ttf:
2026-08-31 10:44:32 ERROR 404: Not Found.
https://qei.org.au/wp-content/themes/qei/fonts/slick.svg:
2026-08-31 10:44:33 ERROR 404: Not Found.
2026-08-31 10:44:34 URL:https://qei.org.au/wpa-stats-type/safari/ [105998] -> "raw-site/qei.org.au/wpa-stats-type/safari/index.html" [1]
2026-08-31 10:44:35 URL:https://qei.org.au/wp-content/themes/qei/css/custom-styles.css?ver=1788134136 [140055/140055] -> "raw-site/qei.org.au/wp-content/themes/qei/css/custom-styles.css@ver=1788134136.css" [1]
https://qei.org.au/wp-content/themes/qei/css/owl.video.play.png:
2026-08-31 10:44:36 ERROR 404: Not Found.
https://qei.org.au/wp-content/themes/qei/fonts/slick.eot:
2026-08-31 10:44:37 ERROR 404: Not Found.
https://qei.org.au/wp-content/themes/qei/fonts/slick.eot?:
2026-08-31 10:44:39 ERROR 404: Not Found.
https://qei.org.au/wp-content/themes/qei/fonts/slick.woff:
2026-08-31 10:44:40 ERROR 404: Not Found.
https://qei.org.au/wp-content/themes/qei/fonts/slick.ttf:
2026-08-31 10:44:42 ERROR 404: Not Found.
https://qei.org.au/wp-content/themes/qei/fonts/slick.svg:
2026-08-31 10:44:43 ERROR 404: Not Found.
2026-08-31 10:44:44 URL:https://qei.org.au/wpa-stats-type/samsung-browser/ [106168] -> "raw-site/qei.org.au/wpa-stats-type/samsung-browser/index.html" [1]
2026-08-31 10:44:44 URL:https://qei.org.au/wp-content/themes/qei/css/custom-styles.css?ver=1788134229 [140055/140055] -> "raw-site/qei.org.au/wp-content/themes/qei/css/custom-styles.css@ver=1788134229.css" [1]
https://qei.org.au/wp-content/themes/qei/css/owl.video.play.png:
2026-08-31 10:44:45 ERROR 404: Not Found.
https://qei.org.au/wp-content/themes/qei/fonts/slick.eot:
2026-08-31 10:44:47 ERROR 404: Not Found.
https://qei.org.au/wp-content/themes/qei/fonts/slick.eot?:
2026-08-31 10:44:48 ERROR 404: Not Found.
https://qei.org.au/wp-content/themes/qei/fonts/slick.woff:
2026-08-31 10:44:50 ERROR 404: Not Found.
https://qei.org.au/wp-content/themes/qei/fonts/slick.ttf:
2026-08-31 10:44:51 ERROR 404: Not Found.
https://qei.org.au/wp-content/themes/qei/fonts/slick.svg:
2026-08-31 10:44:52 ERROR 404: Not Found.
2026-08-31 10:44:53 URL:https://qei.org.au/wpa-stats-type/unknown/ [106016] -> "raw-site/qei.org.au/wpa-stats-type/unknown/index.html" [1]
2026-08-31 10:44:53 URL:https://qei.org.au/wp-content/themes/qei/css/custom-styles.css?ver=1788134219 [140055/140055] -> "raw-site/qei.org.au/wp-content/themes/qei/css/custom-styles.css@ver=1788134219.css" [1]
https://qei.org.au/wp-content/themes/qei/css/owl.video.play.png:
2026-08-31 10:44:55 ERROR 404: Not Found.
https://qei.org.au/wp-content/themes/qei/fonts/slick.eot:
2026-08-31 10:44:56 ERROR 404: Not Found.
https://qei.org.au/wp-content/themes/qei/fonts/slick.eot?:
2026-08-31 10:44:57 ERROR 404: Not Found.
https://qei.org.au/wp-content/themes/qei/fonts/slick.woff:
2026-08-31 10:44:59 ERROR 404: Not Found.
https://qei.org.au/wp-content/themes/qei/fonts/slick.ttf:
2026-08-31 10:45:00 ERROR 404: Not Found.
https://qei.org.au/wp-content/themes/qei/fonts/slick.svg:
2026-08-31 10:45:02 ERROR 404: Not Found.
2026-08-31 10:45:02 URL:https://qei.org.au/wpa-stats-type/view/ [104414] -> "raw-site/qei.org.au/wpa-stats-type/view/index.html" [1]
2026-08-31 10:45:03 URL:https://qei.org.au/wp-content/themes/qei/css/custom-styles.css?ver=1788134139 [140055/140055] -> "raw-site/qei.org.au/wp-content/themes/qei/css/custom-styles.css@ver=1788134139.css" [1]
https://qei.org.au/wp-content/themes/qei/css/owl.video.play.png:
2026-08-31 10:45:05 ERROR 404: Not Found.
https://qei.org.au/wp-content/themes/qei/fonts/slick.eot:
2026-08-31 10:45:06 ERROR 404: Not Found.
https://qei.org.au/wp-content/themes/qei/fonts/slick.eot?:
2026-08-31 10:45:07 ERROR 404: Not Found.
https://qei.org.au/wp-content/themes/qei/fonts/slick.woff:
2026-08-31 10:45:09 ERROR 404: Not Found.
https://qei.org.au/wp-content/themes/qei/fonts/slick.ttf:
2026-08-31 10:45:10 ERROR 404: Not Found.
https://qei.org.au/wp-content/themes/qei/fonts/slick.svg:
2026-08-31 10:45:11 ERROR 404: Not Found.
2026-08-31 10:45:12 URL:https://qei.org.au/wpa-stats-type/windows/ [106016] -> "raw-site/qei.org.au/wpa-stats-type/windows/index.html" [1]
2026-08-31 10:45:13 URL:https://qei.org.au/wp-content/themes/qei/css/custom-styles.css?ver=1788134213 [140055/140055] -> "raw-site/qei.org.au/wp-content/themes/qei/css/custom-styles.css@ver=1788134213.css" [1]
https://qei.org.au/wp-content/themes/qei/css/owl.video.play.png:
2026-08-31 10:45:14 ERROR 404: Not Found.
https://qei.org.au/wp-content/themes/qei/fonts/slick.eot:
2026-08-31 10:45:15 ERROR 404: Not Found.
https://qei.org.au/wp-content/themes/qei/fonts/slick.eot?:
2026-08-31 10:45:17 ERROR 404: Not Found.
https://qei.org.au/wp-content/themes/qei/fonts/slick.woff:
2026-08-31 10:45:18 ERROR 404: Not Found.
https://qei.org.au/wp-content/themes/qei/fonts/slick.ttf:
2026-08-31 10:45:19 ERROR 404: Not Found.
https://qei.org.au/wp-content/themes/qei/fonts/slick.svg:
2026-08-31 10:45:21 ERROR 404: Not Found.
2026-08-31 10:45:24 URL:https://qei.org.au/ [119947] -> "raw-site/www.qei.org.au/index.html" [1]
https://qei.org.au/wp-content/themes/qei/css/owl.video.play.png:
2026-08-31 10:45:26 ERROR 404: Not Found.
https://qei.org.au/wp-content/themes/qei/fonts/slick.eot:
2026-08-31 10:45:27 ERROR 404: Not Found.
https://qei.org.au/wp-content/themes/qei/fonts/slick.eot?:
2026-08-31 10:45:28 ERROR 404: Not Found.
https://qei.org.au/wp-content/themes/qei/fonts/slick.woff:
2026-08-31 10:45:30 ERROR 404: Not Found.
https://qei.org.au/wp-content/themes/qei/fonts/slick.ttf:
2026-08-31 10:45:31 ERROR 404: Not Found.
https://qei.org.au/wp-content/themes/qei/fonts/slick.svg:
2026-08-31 10:45:32 ERROR 404: Not Found.
FINISHED --2026-08-31 10:45:32--
Total wall clock time: 59m 45s
Downloaded: 2314 files, 726M in 21s (35.1 MB/s)
